MAC,firmware_version,transmission_count,battery_level,type,node_id,rssi,mass_concentration_pm_1_0,mass_concentration_pm_2_5,mass_concentration_pm_4_0,mass_concentration_pm_10_0,number_concentration_pm_0_5,number_concentration_pm_1_0,number_concentration_pm_2_5,number_concentration_pm_4_0,number_concentration_pm_10_0,typical_particle_size,humidity,temperature,co2,date
00:13:A2:00:42:37:AD:AD,7.0,1.0,3.2844,53.0,0.0,100.0,1.27,1.35,1.35,1.35,8.62,10.15,10.19,10.19,10.2,0.29,32.85,24.51,629.0,2024-05-30 15:50:36.658378
00:13:A2:00:42:37:AD:AD,7.0,2.0,3.2844,53.0,0.0,100.0,2.46,3.5,4.24,4.61,14.21,18.44,19.5,19.71,19.75,0.79,34.29,24.55,862.0,2024-05-30 15:59:57.463139
00:13:A2:00:42:37:AD:AD,7.0,3.0,3.2844,53.0,0.0,100.0,2.37,2.83,3.1,3.24,15.13,18.44,18.87,18.95,18.97,0.5,34.09,24.32,836.0,2024-05-30 16:29:57.508260
00:13:A2:00:42:37:AD:AD,7.0,4.0,3.2844,53.0,0.0,100.0,0.77,0.96,1.07,1.13,4.87,6.0,6.18,6.21,6.22,0.58,33.76,24.18,738.0,2024-05-30 16:59:57.567961
00:13:A2:00:42:37:AD:AD,7.0,5.0,3.2844,53.0,0.0,100.0,1.3,1.46,1.54,1.57,8.59,10.28,10.42,10.44,10.44,0.52,33.51,24.06,692.0,2024-05-30 17:29:57.758977
00:13:A2:00:42:37:AD:AD,7.0,6.0,3.2844,53.0,0.0,100.0,2.47,2.61,2.61,2.61,16.73,19.69,19.77,19.77,19.78,0.38,33.45,23.9,656.0,2024-05-30 17:59:57.627144
00:13:A2:00:42:37:AD:AD,7.0,7.0,3.2844,53.0,0.0,100.0,2.44,3.03,3.39,3.58,15.34,18.9,19.46,19.57,19.59,0.61,33.13,23.78,607.0,2024-05-30 18:29:57.681857
00:13:A2:00:42:37:AD:AD,7.0,8.0,3.2844,53.0,0.0,100.0,2.49,2.89,3.09,3.2,16.19,19.54,19.89,19.95,19.97,0.56,32.84,23.75,572.0,2024-05-30 18:59:57.723013
00:13:A2:00:42:37:AD:AD,7.0,9.0,3.2844,53.0,0.0,100.0,2.26,3.16,3.79,4.1,13.27,17.07,17.98,18.16,18.19,0.68,32.8,23.8,561.0,2024-05-30 19:29:57.757797
00:13:A2:00:42:37:AD:AD,7.0,10.0,3.2844,53.0,0.0,100.0,1.39,1.84,2.15,2.3,8.41,10.61,11.06,11.14,11.16,0.64,32.49,24.07,551.0,2024-05-30 19:59:57.963088
00:13:A2:00:42:37:AD:AD,7.0,11.0,3.2844,53.0,0.0,100.0,3.19,3.38,3.38,3.38,21.59,25.41,25.51,25.52,25.52,0.38,32.41,23.87,490.0,2024-05-30 20:30:12.840674
00:13:A2:00:42:37:AD:AD,7.0,12.0,3.2844,53.0,0.0,100.0,0.83,0.88,0.88,0.88,5.66,6.66,6.69,6.69,6.69,0.31,32.61,23.72,485.0,2024-05-30 20:59:57.876919
00:13:A2:00:42:37:AD:AD,7.0,13.0,3.2844,53.0,0.0,100.0,2.28,4.3,5.87,6.65,10.33,15.76,17.92,18.34,18.44,1.01,32.8,23.55,479.0,2024-05-30 21:29:58.067045
00:13:A2:00:42:37:AD:AD,7.0,14.0,3.2844,53.0,0.0,100.0,1.32,1.85,2.22,2.41,7.7,9.93,10.47,10.57,10.59,0.67,33.01,23.42,446.0,2024-05-30 21:59:58.262445
00:13:A2:00:42:37:AD:AD,7.0,33.0,3.2844,53.0,0.0,100.0,2.5,2.64,2.64,2.64,16.9,19.89,19.97,19.98,19.98,0.4,34.66,22.63,352.0,2024-05-31 07:29:58.825444
00:13:A2:00:42:37:AD:AD,7.0,34.0,3.2844,53.0,0.0,100.0,0.75,0.9,0.98,1.02,4.84,5.88,6.02,6.04,6.05,0.53,34.71,22.63,348.0,2024-05-31 07:59:58.864760
00:13:A2:00:42:37:AD:AD,7.0,35.0,3.2844,53.0,0.0,100.0,1.24,1.31,1.31,1.31,8.41,9.9,9.94,9.94,9.94,0.43,34.69,22.63,345.0,2024-05-31 08:29:58.906780
00:13:A2:00:42:37:AD:AD,7.0,36.0,3.2844,53.0,0.0,100.0,2.42,2.56,2.56,2.56,16.36,19.26,19.33,19.34,19.34,0.33,34.69,22.66,349.0,2024-05-31 08:59:58.947146
00:13:A2:00:42:37:AD:AD,7.0,37.0,3.2844,53.0,0.0,100.0,5.38,5.69,5.69,5.69,36.37,42.82,42.98,43.0,43.0,0.35,34.67,22.67,351.0,2024-05-31 09:29:58.975537
00:13:A2:00:42:37:AD:AD,7.0,38.0,3.2844,53.0,0.0,100.0,1.78,3.1,4.1,4.61,8.77,12.63,14.03,14.31,14.37,0.94,34.62,22.69,363.0,2024-05-31 09:59:59.180647
00:13:A2:00:42:37:AD:AD,7.0,39.0,3.2844,53.0,0.0,100.0,1.71,1.81,1.81,1.81,11.58,13.63,13.69,13.69,13.69,0.33,34.65,22.73,349.0,2024-05-31 10:29:59.073724
00:13:A2:00:42:37:AD:AD,7.0,40.0,3.2844,53.0,0.0,100.0,1.22,1.29,1.29,1.29,8.28,9.74,9.78,9.78,9.78,0.34,34.65,22.75,340.0,2024-05-31 10:59:59.292445
00:13:A2:00:42:37:AD:AD,7.0,41.0,3.2844,53.0,0.0,100.0,0.6,1.16,1.59,1.8,2.71,4.18,4.78,4.89,4.92,1.03,34.57,22.82,331.0,2024-05-31 11:30:14.432067
00:13:A2:00:42:37:AD:AD,7.0,42.0,3.2844,53.0,0.0,100.0,1.28,1.35,1.35,1.35,8.65,10.19,10.23,10.23,10.23,0.34,34.43,22.89,353.0,2024-05-31 11:59:59.215695
00:13:A2:00:42:37:AD:AD,7.0,43.0,3.2844,53.0,0.0,100.0,1.24,1.74,2.1,2.27,7.22,9.32,9.84,9.94,9.96,0.53,34.26,22.9,338.0,2024-05-31 12:29:59.240392
00:13:A2:00:42:37:AD:AD,7.0,44.0,3.2844,53.0,0.0,100.0,2.45,2.59,2.59,2.59,16.59,19.53,19.6,19.61,19.61,0.4,33.89,22.94,343.0,2024-05-31 12:59:59.306721
00:13:A2:00:42:37:AD:AD,7.0,45.0,3.2844,53.0,0.0,100.0,1.85,2.52,2.99,3.22,10.99,14.01,14.69,14.82,14.85,0.73,33.62,22.94,323.0,2024-05-31 13:29:59.342834
00:13:A2:00:42:37:AD:AD,7.0,46.0,3.2844,53.0,0.0,100.0,1.81,1.92,1.92,1.92,12.27,14.44,14.5,14.5,14.51,0.41,33.4,22.96,312.0,2024-05-31 13:59:59.584628
00:13:A2:00:42:37:AD:AD,7.0,47.0,3.2844,53.0,0.0,100.0,1.27,1.34,1.34,1.34,8.57,10.09,10.13,10.14,10.14,0.41,33.08,23.0,314.0,2024-05-31 14:29:59.436909
00:13:A2:00:42:37:AD:AD,7.0,48.0,3.2844,53.0,0.0,100.0,2.17,2.61,2.88,3.01,13.83,16.89,17.31,17.39,17.4,0.56,32.68,23.01,290.0,2024-05-31 14:59:59.523667
00:13:A2:00:42:37:AD:AD,7.0,49.0,3.2844,53.0,0.0,100.0,2.08,2.2,2.2,2.2,14.06,16.55,16.61,16.62,16.62,0.36,32.31,23.02,299.0,2024-05-31 15:29:59.507781
00:13:A2:00:42:37:AD:AD,7.0,50.0,3.2844,53.0,0.0,100.0,4.22,4.46,4.46,4.46,28.5,33.55,33.68,33.69,33.69,0.31,32.01,23.05,315.0,2024-05-31 15:59:59.566482
00:13:A2:00:42:37:AD:AD,7.0,51.0,3.2844,53.0,0.0,100.0,3.66,4.19,4.46,4.59,23.88,28.72,29.19,29.27,29.29,0.55,31.52,23.06,290.0,2024-05-31 16:30:14.600613
00:13:A2:00:42:37:AD:AD,7.0,52.0,3.2844,53.0,0.0,100.0,3.34,3.53,3.53,3.53,22.59,26.59,26.69,26.7,26.71,0.4,31.59,23.15,278.0,2024-05-31 16:59:59.679480
00:13:A2:00:42:37:AD:AD,7.0,53.0,3.2844,53.0,0.0,100.0,4.79,5.7,6.23,6.49,30.65,37.3,38.14,38.3,38.33,0.58,31.38,23.23,286.0,2024-05-31 17:29:59.690964
00:13:A2:00:42:37:AD:AD,7.0,54.0,3.2844,53.0,0.0,100.0,4.89,5.98,6.65,6.98,30.91,37.92,38.96,39.15,39.2,0.66,31.14,23.26,301.0,2024-05-31 17:59:59.740443
00:13:A2:00:42:37:AD:AD,7.0,55.0,3.2844,53.0,0.0,100.0,2.54,4.04,5.16,5.72,13.53,18.51,20.09,20.39,20.46,0.93,30.98,23.25,292.0,2024-05-31 18:29:59.949541
00:13:A2:00:42:37:AD:AD,7.0,56.0,3.2844,53.0,0.0,100.0,3.04,4.0,4.65,4.97,18.48,23.24,24.2,24.38,24.42,0.5,31.01,23.2,282.0,2024-05-31 18:59:59.815829
00:13:A2:00:42:37:AD:AD,7.0,57.0,3.2844,53.0,0.0,100.0,4.81,5.09,5.09,5.09,32.53,38.29,38.44,38.45,38.45,0.45,31.13,23.16,281.0,2024-05-31 19:29:59.863356
00:13:A2:00:42:37:AD:AD,7.0,58.0,3.2844,53.0,0.0,100.0,2.57,2.89,3.02,3.09,16.98,20.3,20.56,20.6,20.61,0.51,31.23,23.09,278.0,2024-05-31 19:59:59.990151
00:13:A2:00:42:37:AD:AD,7.0,59.0,3.2844,53.0,0.0,100.0,3.71,4.54,5.04,5.3,23.4,28.72,29.52,29.66,29.69,0.65,31.47,23.05,291.0,2024-05-31 20:30:00.190155
00:13:A2:00:42:37:AD:AD,7.0,60.0,3.2844,53.0,0.0,100.0,2.63,2.78,2.78,2.78,17.78,20.93,21.01,21.01,21.02,0.45,31.7,22.99,276.0,2024-05-31 21:00:00.018637
00:13:A2:00:42:37:AD:AD,7.0,61.0,3.2844,53.0,0.0,100.0,2.48,2.63,2.63,2.63,16.8,19.78,19.85,19.86,19.86,0.37,31.88,22.93,292.0,2024-05-31 21:30:15.052937
00:13:A2:00:42:37:AD:AD,7.0,62.0,3.2844,53.0,0.0,100.0,2.46,3.13,3.56,3.78,15.26,18.95,19.61,19.73,19.76,0.72,32.04,22.86,290.0,2024-05-31 22:00:00.097170
00:13:A2:00:42:37:AD:AD,7.0,81.0,3.2844,53.0,0.0,100.0,0.83,1.15,1.38,1.5,4.88,6.27,6.6,6.66,6.68,0.71,34.27,22.38,312.0,2024-06-01 07:30:15.929170
00:13:A2:00:42:37:AD:AD,7.0,82.0,3.2844,53.0,0.0,100.0,1.86,1.97,1.97,1.97,12.62,14.85,14.91,14.91,14.92,0.33,34.3,22.39,313.0,2024-06-01 08:00:00.978785
00:13:A2:00:42:37:AD:AD,7.0,83.0,3.2844,53.0,0.0,100.0,1.68,2.63,3.34,3.69,9.06,12.29,13.29,13.48,13.53,0.86,34.35,22.4,318.0,2024-06-01 08:30:01.021103
00:13:A2:00:42:37:AD:AD,7.0,84.0,3.2844,53.0,0.0,100.0,2.3,3.14,3.71,4.0,13.7,17.46,18.3,18.46,18.5,0.75,34.36,22.42,321.0,2024-06-01 09:00:01.071679
00:13:A2:00:42:37:AD:AD,7.0,85.0,3.2844,53.0,0.0,100.0,2.24,2.95,3.44,3.68,13.56,17.07,17.79,17.92,17.95,0.62,34.34,22.47,323.0,2024-06-01 09:30:01.113077
00:13:A2:00:42:37:AD:AD,7.0,86.0,3.2844,53.0,0.0,100.0,1.44,1.52,1.52,1.52,9.76,11.49,11.54,11.54,11.54,0.38,34.4,22.53,328.0,2024-06-01 10:00:01.163918
00:13:A2:00:42:37:AD:AD,7.0,87.0,3.2844,53.0,0.0,100.0,4.53,5.64,6.34,6.69,28.36,35.0,36.07,36.27,36.31,0.54,34.38,22.55,317.0,2024-06-01 10:30:01.191963
00:13:A2:00:42:37:AD:AD,7.0,88.0,3.2844,53.0,0.0,100.0,0.74,0.78,0.78,0.78,5.03,5.92,5.95,5.95,5.95,0.3,34.38,22.62,334.0,2024-06-01 11:00:01.286402
00:13:A2:00:42:37:AD:AD,7.0,89.0,3.2844,53.0,0.0,100.0,3.61,4.05,4.25,4.35,23.76,28.42,28.8,28.86,28.87,0.51,34.3,22.64,325.0,2024-06-01 11:30:01.286326
00:13:A2:00:42:37:AD:AD,7.0,90.0,3.2844,53.0,0.0,100.0,1.94,2.33,2.56,2.68,12.34,15.07,15.44,15.5,15.52,0.48,34.16,22.71,322.0,2024-06-01 12:00:01.332218
00:13:A2:00:42:37:AD:AD,7.0,91.0,3.2844,53.0,0.0,100.0,1.58,1.67,1.67,1.67,10.69,12.59,12.64,12.64,12.64,0.43,33.96,22.75,304.0,2024-06-01 12:30:16.464575
00:13:A2:00:42:37:AD:AD,7.0,92.0,3.2844,53.0,0.0,100.0,4.81,5.35,5.57,5.68,31.82,37.96,38.4,38.47,38.49,0.54,33.89,22.82,314.0,2024-06-01 13:00:01.409951
00:13:A2:00:42:37:AD:AD,7.0,93.0,3.2844,53.0,0.0,100.0,4.25,5.15,5.7,5.97,26.95,32.98,33.83,33.99,34.02,0.61,33.7,22.87,301.0,2024-06-01 13:30:01.526728
00:13:A2:00:42:37:AD:AD,7.0,94.0,3.2844,53.0,0.0,100.0,3.18,3.36,3.36,3.36,21.48,25.29,25.39,25.4,25.4,0.37,33.57,22.91,327.0,2024-06-01 14:00:01.504570
00:13:A2:00:42:37:AD:AD,7.0,95.0,3.2844,53.0,0.0,100.0,4.82,6.38,7.44,7.96,29.12,36.72,38.28,38.57,38.64,0.71,33.43,22.95,293.0,2024-06-01 14:30:01.554690
00:13:A2:00:42:37:AD:AD,7.0,96.0,3.2844,53.0,0.0,100.0,3.8,4.55,4.99,5.21,24.29,29.6,30.3,30.42,30.45,0.61,33.28,22.98,306.0,2024-06-01 15:00:01.612781
00:13:A2:00:42:37:AD:AD,7.0,97.0,3.2844,53.0,0.0,100.0,2.7,3.08,3.27,3.36,17.64,21.2,21.54,21.59,21.61,0.51,33.24,23.01,272.0,2024-06-01 15:30:01.665785
00:13:A2:00:42:37:AD:AD,7.0,98.0,3.2844,53.0,0.0,100.0,5.29,5.59,5.59,5.59,35.74,42.07,42.23,42.24,42.25,0.46,33.17,23.07,286.0,2024-06-01 16:00:01.691143
00:13:A2:00:42:37:AD:AD,7.0,99.0,3.2844,53.0,0.0,100.0,5.38,5.73,5.77,5.79,36.21,42.71,42.92,42.95,42.96,0.47,33.15,23.14,306.0,2024-06-01 16:30:01.722898
00:13:A2:00:42:37:AD:AD,7.0,100.0,3.2844,53.0,0.0,100.0,3.79,4.0,4.0,4.0,25.59,30.13,30.24,30.25,30.26,0.39,33.12,23.24,302.0,2024-06-01 17:00:01.776403
00:13:A2:00:42:37:AD:AD,7.0,101.0,3.2844,53.0,0.0,100.0,2.68,2.83,2.83,2.83,18.12,21.33,21.41,21.42,21.42,0.39,33.04,23.37,289.0,2024-06-01 17:30:16.817147
00:13:A2:00:42:37:AD:AD,7.0,102.0,3.2844,53.0,0.0,100.0,2.29,3.27,3.97,4.32,13.25,17.2,18.21,18.4,18.44,0.84,32.97,23.56,305.0,2024-06-01 18:00:01.867661
00:13:A2:00:42:37:AD:AD,7.0,103.0,3.2844,53.0,0.0,100.0,5.99,11.18,15.19,17.18,27.49,41.56,47.1,48.18,48.42,0.97,32.98,23.69,277.0,2024-06-01 18:30:01.894902
00:13:A2:00:42:37:AD:AD,7.0,104.0,3.2844,53.0,0.0,100.0,1.82,3.23,4.32,4.86,8.78,12.83,14.33,14.62,14.69,1.07,32.93,23.89,283.0,2024-06-01 19:00:01.944080
00:13:A2:00:42:37:AD:AD,7.0,105.0,3.2844,53.0,0.0,100.0,2.68,2.83,2.83,2.83,18.12,21.34,21.42,21.42,21.43,0.43,32.79,24.2,289.0,2024-06-01 19:30:01.989587
00:13:A2:00:42:37:AD:AD,7.0,106.0,3.2844,53.0,0.0,100.0,2.66,3.31,3.73,3.94,16.62,20.52,21.16,21.27,21.3,0.58,32.42,24.62,294.0,2024-06-01 20:00:02.034719
00:13:A2:00:42:37:AD:AD,7.0,107.0,3.2844,53.0,0.0,100.0,3.22,3.99,4.47,4.72,20.18,24.87,25.62,25.76,25.79,0.63,32.33,24.49,276.0,2024-06-01 20:30:02.083705
00:13:A2:00:42:37:AD:AD,7.0,108.0,3.2844,53.0,0.0,100.0,3.17,3.35,3.35,3.35,21.44,25.24,25.33,25.34,25.35,0.43,32.47,24.23,265.0,2024-06-01 21:00:02.130226
00:13:A2:00:42:37:AD:AD,7.0,109.0,3.2844,53.0,0.0,100.0,4.47,6.89,8.68,9.57,24.43,32.87,35.4,35.89,35.99,0.79,32.75,24.01,275.0,2024-06-01 21:30:02.177131
00:13:A2:00:42:37:AD:AD,7.0,110.0,3.2844,53.0,0.0,100.0,3.01,3.18,3.18,3.18,20.36,23.97,24.06,24.06,24.07,0.44,33.02,23.87,286.0,2024-06-01 22:00:02.290426
00:13:A2:00:42:37:AD:AD,7.0,139.0,3.2844,53.0,0.0,100.0,1.67,3.12,4.25,4.81,7.64,11.57,13.13,13.43,13.5,1.04,34.61,23.48,339.0,2024-06-02 12:30:03.483514
00:13:A2:00:42:37:AD:AD,7.0,140.0,3.2844,53.0,0.0,100.0,0.62,0.66,0.66,0.66,4.23,4.98,5.0,5.0,5.01,0.42,34.57,23.56,350.0,2024-06-02 13:00:03.539776
00:13:A2:00:42:37:AD:AD,7.0,141.0,3.2844,53.0,0.0,100.0,1.29,1.36,1.36,1.36,8.72,10.27,10.31,10.31,10.32,0.34,34.48,23.61,359.0,2024-06-02 13:30:18.577362
00:13:A2:00:42:37:AD:AD,7.0,142.0,3.2844,53.0,0.0,100.0,1.78,1.89,1.89,1.89,12.07,14.21,14.26,14.27,14.27,0.4,34.45,23.67,334.0,2024-06-02 14:00:03.633929
00:13:A2:00:42:37:AD:AD,7.0,143.0,3.2844,53.0,0.0,100.0,0.68,0.88,1.02,1.09,4.15,5.2,5.41,5.45,5.46,0.69,34.44,23.7,350.0,2024-06-02 14:30:03.654956
00:13:A2:00:42:37:AD:AD,7.0,144.0,3.2844,53.0,0.0,100.0,2.48,2.63,2.63,2.63,16.81,19.79,19.86,19.87,19.87,0.41,34.5,23.77,321.0,2024-06-02 15:00:03.703081
00:13:A2:00:42:37:AD:AD,7.0,145.0,3.2844,53.0,0.0,100.0,0.84,1.29,1.63,1.8,4.61,6.19,6.67,6.76,6.78,0.72,34.58,23.8,329.0,2024-06-02 15:30:03.755229
00:13:A2:00:42:37:AD:AD,7.0,146.0,3.2844,53.0,0.0,100.0,4.77,5.49,5.87,6.05,31.02,37.37,38.01,38.13,38.15,0.54,34.59,23.87,313.0,2024-06-02 16:00:03.806439
00:13:A2:00:42:37:AD:AD,7.0,147.0,3.2844,53.0,0.0,100.0,4.4,5.14,5.54,5.74,28.44,34.4,35.07,35.19,35.22,0.54,34.59,23.95,322.0,2024-06-02 16:30:03.836154
00:13:A2:00:42:37:AD:AD,7.0,148.0,3.2844,53.0,0.0,100.0,2.87,3.03,3.03,3.03,19.38,22.82,22.91,22.91,22.92,0.37,34.6,24.09,311.0,2024-06-02 17:00:03.889777
00:13:A2:00:42:37:AD:AD,7.0,149.0,3.2844,53.0,0.0,100.0,2.82,2.98,2.98,2.98,19.07,22.45,22.53,22.54,22.54,0.41,34.67,24.26,296.0,2024-06-02 17:30:03.922458
00:13:A2:00:42:37:AD:AD,7.0,150.0,3.2844,53.0,0.0,100.0,3.84,4.06,4.06,4.06,25.96,30.56,30.67,30.68,30.69,0.44,34.67,24.46,293.0,2024-06-02 18:00:03.963316
00:13:A2:00:42:37:AD:AD,7.0,151.0,3.2844,53.0,0.0,100.0,5.28,6.33,6.94,7.24,33.73,41.11,42.09,42.26,42.3,0.55,34.6,24.69,316.0,2024-06-02 18:30:19.016884
00:13:A2:00:42:37:AD:AD,7.0,152.0,3.2844,53.0,0.0,100.0,4.39,4.65,4.65,4.65,29.7,34.97,35.1,35.11,35.12,0.46,34.47,24.9,299.0,2024-06-02 19:00:04.061503
00:13:A2:00:42:37:AD:AD,7.0,153.0,3.2844,53.0,0.0,100.0,3.03,3.56,3.86,4.01,19.54,23.68,24.17,24.26,24.28,0.55,34.42,25.01,284.0,2024-06-02 19:30:04.100114
00:13:A2:00:42:37:AD:AD,7.0,154.0,3.2844,53.0,0.0,100.0,3.89,4.46,4.76,4.9,25.32,30.48,30.99,31.07,31.1,0.51,34.28,25.24,280.0,2024-06-02 20:00:04.144112
00:13:A2:00:42:37:AD:AD,7.0,155.0,3.2844,53.0,0.0,100.0,6.37,8.62,10.16,10.94,38.04,48.34,50.61,51.04,51.13,0.78,34.19,25.23,300.0,2024-06-02 20:30:04.200192
00:13:A2:00:42:37:AD:AD,7.0,156.0,3.2844,53.0,0.0,100.0,4.91,5.2,5.2,5.2,33.22,39.11,39.26,39.27,39.28,0.43,34.33,25.01,315.0,2024-06-02 21:00:04.273985
00:13:A2:00:42:37:AD:AD,7.0,157.0,3.2844,53.0,0.0,100.0,2.6,2.75,2.75,2.75,17.61,20.73,20.81,20.81,20.82,0.44,34.57,24.84,277.0,2024-06-02 21:30:04.336886
00:13:A2:00:42:37:AD:AD,7.0,158.0,3.2844,53.0,0.0,100.0,2.07,2.74,3.19,3.42,12.5,15.76,16.43,16.56,16.59,0.6,34.89,24.7,283.0,2024-06-02 22:00:04.310522
00:13:A2:00:42:37:AD:AD,7.0,159.0,3.2844,53.0,0.0,100.0,1.98,2.1,2.1,2.1,13.43,15.81,15.87,15.88,15.88,0.41,35.1,24.55,280.0,2024-06-02 22:30:04.423546
00:13:A2:00:42:37:AD:AD,7.0,160.0,3.2844,53.0,0.0,100.0,3.59,5.33,6.59,7.22,20.18,26.66,28.46,28.81,28.88,0.79,35.25,24.46,279.0,2024-06-02 23:00:04.415048
00:13:A2:00:42:37:AD:AD,7.0,161.0,3.2844,53.0,0.0,100.0,4.16,4.79,5.12,5.28,27.04,32.58,33.15,33.24,33.27,0.58,35.45,24.36,300.0,2024-06-02 23:30:19.437634
00:13:A2:00:42:37:AD:AD,7.0,162.0,3.2844,53.0,0.0,100.0,3.01,3.18,3.18,3.18,20.36,23.96,24.06,24.06,24.07,0.41,35.49,24.3,323.0,2024-06-03 00:00:04.474619
00:13:A2:00:42:37:AD:AD,7.0,163.0,3.2844,53.0,0.0,100.0,4.73,5.0,5.0,5.0,31.95,37.61,37.76,37.77,37.77,0.44,35.63,24.22,286.0,2024-06-03 00:30:04.536184
00:13:A2:00:42:37:AD:AD,7.0,164.0,3.2844,53.0,0.0,100.0,2.41,2.76,2.94,3.02,15.73,18.92,19.22,19.28,19.29,0.49,35.75,24.18,299.0,2024-06-03 01:00:04.575403
00:13:A2:00:42:37:AD:AD,7.0,165.0,3.2844,53.0,0.0,100.0,3.64,3.85,3.85,3.85,24.61,28.97,29.08,29.09,29.1,0.36,35.86,24.13,294.0,2024-06-03 01:30:04.622643
00:13:A2:00:42:37:AD:AD,7.0,166.0,3.2844,53.0,0.0,100.0,1.82,2.16,2.35,2.44,11.7,14.21,14.52,14.58,14.59,0.56,35.89,24.09,288.0,2024-06-03 02:00:04.655931
00:13:A2:00:42:37:AD:AD,7.0,167.0,3.2844,53.0,0.0,100.0,2.46,2.6,2.6,2.6,16.64,19.59,19.67,19.67,19.68,0.32,36.02,24.06,294.0,2024-06-03 02:30:04.710665
00:13:A2:00:42:37:AD:AD,7.0,168.0,3.2844,53.0,0.0,100.0,1.68,2.81,3.66,4.09,8.59,12.07,13.27,13.5,13.55,0.84,36.08,24.06,306.0,2024-06-03 03:00:04.755609
00:13:A2:00:42:37:AD:AD,7.0,169.0,3.2844,53.0,0.0,100.0,1.15,1.86,2.4,2.67,6.02,8.33,9.08,9.23,9.26,0.85,36.09,24.01,314.0,2024-06-03 03:30:04.783969
00:13:A2:00:42:37:AD:AD,7.0,170.0,3.2844,53.0,0.0,100.0,1.77,2.72,3.42,3.77,9.68,13.0,13.99,14.19,14.23,0.86,36.16,23.99,309.0,2024-06-03 04:00:04.839389
00:13:A2:00:42:37:AD:AD,7.0,171.0,3.2844,53.0,0.0,100.0,1.86,1.96,1.96,1.96,12.58,14.81,14.86,14.87,14.87,0.41,36.27,23.96,314.0,2024-06-03 04:30:19.879637
00:13:A2:00:42:37:AD:AD,7.0,172.0,3.2844,53.0,0.0,100.0,1.27,1.35,1.35,1.35,8.63,10.16,10.2,10.2,10.21,0.45,36.25,23.99,318.0,2024-06-03 05:00:04.923178
00:13:A2:00:42:37:AD:AD,7.0,173.0,3.2844,53.0,0.0,100.0,2.36,2.5,2.5,2.5,15.96,18.79,18.86,18.87,18.87,0.37,36.31,23.95,308.0,2024-06-03 05:30:04.967193
00:13:A2:00:42:37:AD:AD,7.0,174.0,3.2844,53.0,0.0,100.0,1.8,1.91,1.91,1.91,12.22,14.38,14.44,14.44,14.44,0.34,36.38,23.95,323.0,2024-06-03 06:00:05.009728
00:13:A2:00:42:37:AD:AD,7.0,175.0,3.2844,53.0,0.0,100.0,2.4,2.54,2.54,2.54,16.24,19.11,19.19,19.19,19.19,0.36,36.38,23.94,305.0,2024-06-03 06:30:05.042369
00:13:A2:00:42:37:AD:AD,7.0,176.0,3.2844,53.0,0.0,100.0,1.92,2.03,2.03,2.03,12.98,15.28,15.34,15.35,15.35,0.38,36.38,23.94,315.0,2024-06-03 07:00:05.095438
00:13:A2:00:42:37:AD:AD,7.0,177.0,3.2844,53.0,0.0,100.0,2.78,3.98,4.84,5.27,16.02,20.84,22.07,22.31,22.36,0.79,36.37,23.99,337.0,2024-06-03 07:30:05.146013
00:13:A2:00:42:37:AD:AD,7.0,178.0,3.2844,53.0,0.0,100.0,1.36,1.57,1.69,1.74,8.86,10.68,10.87,10.91,10.92,0.54,36.38,24.03,357.0,2024-06-03 08:00:05.205430
00:13:A2:00:42:37:AD:AD,7.0,179.0,3.2844,53.0,0.0,100.0,1.22,1.29,1.29,1.29,8.28,9.75,9.79,9.79,9.79,0.45,36.32,24.06,326.0,2024-06-03 08:30:05.244786
00:13:A2:00:42:37:AD:AD,7.0,180.0,3.2844,53.0,0.0,100.0,0.86,0.91,0.91,0.91,5.86,6.9,6.93,6.93,6.93,0.4,36.28,24.08,332.0,2024-06-03 09:00:05.279576
00:13:A2:00:42:37:AD:AD,7.0,181.0,3.2844,53.0,0.0,100.0,1.78,2.14,2.36,2.47,11.33,13.83,14.18,14.24,14.25,0.58,36.35,24.19,366.0,2024-06-03 09:30:20.317348
00:13:A2:00:42:37:AD:AD,7.0,182.0,3.2844,53.0,0.0,100.0,2.36,2.5,2.5,2.5,15.99,18.82,18.89,18.9,18.9,0.41,36.69,24.48,497.0,2024-06-03 10:00:05.354827
00:13:A2:00:42:37:AD:AD,7.0,183.0,3.2844,53.0,0.0,100.0,1.4,1.48,1.48,1.48,9.48,11.16,11.21,11.21,11.21,0.38,36.89,24.73,566.0,2024-06-03 10:30:05.391979
00:13:A2:00:42:37:AD:AD,7.0,184.0,3.2844,53.0,0.0,100.0,0.71,0.75,0.75,0.75,4.83,5.69,5.71,5.71,5.71,0.38,36.85,24.92,618.0,2024-06-03 11:00:05.538307
00:13:A2:00:42:37:AD:AD,7.0,185.0,3.2844,53.0,0.0,100.0,0.85,1.41,1.83,2.03,4.44,6.19,6.77,6.88,6.91,0.86,36.87,24.89,620.0,2024-06-03 11:30:05.586017
00:13:A2:00:42:37:AD:AD,7.0,186.0,3.2844,53.0,0.0,100.0,3.0,3.95,4.59,4.91,18.22,22.92,23.87,24.04,24.09,0.68,36.92,24.81,617.0,2024-06-03 12:00:05.536978
00:13:A2:00:42:37:AD:AD,7.0,187.0,3.2844,53.0,0.0,100.0,0.74,0.87,0.95,0.99,4.79,5.81,5.93,5.96,5.96,0.53,36.9,24.78,572.0,2024-06-03 12:30:05.757844
00:13:A2:00:42:37:AD:AD,7.0,188.0,3.2844,53.0,0.0,100.0,1.37,1.85,2.17,2.33,8.25,10.46,10.94,11.03,11.05,0.77,36.79,24.73,565.0,2024-06-03 13:00:05.624330
00:13:A2:00:42:37:AD:AD,7.0,189.0,3.2844,53.0,0.0,100.0,1.97,2.08,2.08,2.08,13.32,15.68,15.74,15.74,15.75,0.45,36.7,24.74,533.0,2024-06-03 13:30:05.668670
00:13:A2:00:42:37:AD:AD,7.0,190.0,3.2844,53.0,0.0,100.0,1.79,2.69,3.35,3.68,9.97,13.25,14.19,14.37,14.41,0.68,36.44,24.72,489.0,2024-06-03 14:00:05.710631
00:13:A2:00:42:37:AD:AD,7.0,191.0,3.2844,53.0,0.0,100.0,2.71,3.01,3.13,3.19,17.94,21.4,21.64,21.68,21.69,0.48,36.15,24.72,449.0,2024-06-03 14:30:20.741719
00:13:A2:00:42:37:AD:AD,7.0,192.0,3.2844,53.0,0.0,100.0,4.31,4.87,5.13,5.25,28.34,33.95,34.42,34.5,34.52,0.54,35.99,24.73,431.0,2024-06-03 15:00:05.798165
00:13:A2:00:42:37:AD:AD,7.0,193.0,3.2844,53.0,0.0,100.0,3.66,4.18,4.43,4.55,23.97,28.79,29.23,29.31,29.33,0.52,35.84,24.74,393.0,2024-06-03 15:30:05.840825
00:13:A2:00:42:37:AD:AD,7.0,194.0,3.2844,53.0,0.0,100.0,3.14,3.32,3.32,3.32,21.24,25.0,25.1,25.11,25.11,0.33,35.73,24.74,372.0,2024-06-03 16:00:05.882999
00:13:A2:00:42:37:AD:AD,7.0,195.0,3.2844,53.0,0.0,100.0,5.37,6.12,6.48,6.65,35.13,42.18,42.83,42.94,42.97,0.5,35.66,24.77,346.0,2024-06-03 16:30:05.927102
00:13:A2:00:42:37:AD:AD,7.0,196.0,3.2844,53.0,0.0,100.0,4.28,4.78,4.99,5.1,28.24,33.74,34.15,34.22,34.23,0.5,35.59,24.8,368.0,2024-06-03 17:00:05.965065
00:13:A2:00:42:37:AD:AD,7.0,197.0,3.2844,53.0,0.0,100.0,2.65,2.8,2.8,2.8,17.91,21.08,21.16,21.17,21.17,0.44,35.57,24.83,346.0,2024-06-03 17:30:06.009341
00:13:A2:00:42:37:AD:AD,7.0,198.0,3.2844,53.0,0.0,100.0,2.59,2.74,2.74,2.74,17.55,20.66,20.74,20.75,20.75,0.38,35.52,24.89,332.0,2024-06-03 18:00:06.045247
00:13:A2:00:42:37:AD:AD,7.0,199.0,3.2844,53.0,0.0,100.0,5.42,5.73,5.73,5.73,36.61,43.09,43.26,43.27,43.28,0.4,35.44,25.03,333.0,2024-06-03 18:30:06.097840
00:13:A2:00:42:37:AD:AD,7.0,200.0,3.2844,53.0,0.0,100.0,3.85,4.07,4.07,4.07,26.04,30.65,30.77,30.78,30.78,0.43,35.3,25.24,312.0,2024-06-03 19:00:06.131796
00:13:A2:00:42:37:AD:AD,7.0,201.0,3.2844,53.0,0.0,100.0,3.17,3.79,4.15,4.33,20.24,24.66,25.24,25.34,25.37,0.59,35.13,25.61,312.0,2024-06-03 19:30:21.186531
00:13:A2:00:42:37:AD:AD,7.0,202.0,3.2844,53.0,0.0,100.0,2.72,2.88,2.88,2.88,18.4,21.66,21.74,21.75,21.75,0.42,34.77,26.06,298.0,2024-06-03 20:00:06.224233
00:13:A2:00:42:37:AD:AD,7.0,203.0,3.2844,53.0,0.0,100.0,1.6,1.69,1.69,1.69,10.85,12.77,12.82,12.82,12.82,0.35,34.65,25.98,302.0,2024-06-03 20:30:06.258857
00:13:A2:00:42:37:AD:AD,7.0,204.0,3.2844,53.0,0.0,100.0,3.2,3.38,3.38,3.38,21.63,25.47,25.57,25.57,25.58,0.37,34.88,25.7,319.0,2024-06-03 21:00:06.311143
00:13:A2:00:42:37:AD:AD,7.0,205.0,3.2844,53.0,0.0,100.0,2.19,2.32,2.32,2.32,14.83,17.46,17.53,17.53,17.54,0.34,35.19,25.48,305.0,2024-06-03 21:30:06.358447
00:13:A2:00:42:37:AD:AD,7.0,225.0,3.2844,53.0,0.0,100.0,1.26,1.77,2.13,2.31,7.39,9.53,10.05,10.15,10.17,0.82,37.93,24.41,323.0,2024-06-04 07:30:07.231494
00:13:A2:00:42:37:AD:AD,7.0,226.0,3.2844,53.0,0.0,100.0,1.15,2.02,2.68,3.01,5.64,8.16,9.08,9.26,9.3,0.63,37.91,24.44,328.0,2024-06-04 08:00:07.284975
00:13:A2:00:42:37:AD:AD,7.0,227.0,3.2844,53.0,0.0,100.0,1.19,1.26,1.26,1.26,8.07,9.5,9.54,9.54,9.54,0.34,37.93,24.47,359.0,2024-06-04 08:30:07.318858
00:13:A2:00:42:37:AD:AD,7.0,228.0,3.2844,53.0,0.0,100.0,1.19,1.26,1.26,1.26,8.07,9.5,9.54,9.54,9.54,0.39,37.94,24.48,337.0,2024-06-04 09:00:07.359490
00:13:A2:00:42:37:AD:AD,7.0,229.0,3.2844,53.0,0.0,100.0,1.21,2.22,2.99,3.38,5.69,8.48,9.55,9.76,9.81,0.94,37.92,24.51,334.0,2024-06-04 09:30:07.414813
00:13:A2:00:42:37:AD:AD,7.0,230.0,3.2844,53.0,0.0,100.0,1.82,1.93,1.93,1.93,12.33,14.51,14.57,14.57,14.58,0.46,37.96,24.56,340.0,2024-06-04 10:00:07.467063
00:13:A2:00:42:37:AD:AD,7.0,231.0,3.2844,53.0,0.0,100.0,1.26,1.33,1.33,1.33,8.53,10.05,10.08,10.09,10.09,0.4,37.98,24.61,331.0,2024-06-04 10:30:22.489328
00:13:A2:00:42:37:AD:AD,7.0,232.0,3.2844,53.0,0.0,100.0,1.18,1.9,2.44,2.71,6.28,8.62,9.38,9.52,9.56,0.87,37.95,24.66,326.0,2024-06-04 11:00:07.837963
00:13:A2:00:42:37:AD:AD,7.0,233.0,3.2844,53.0,0.0,100.0,0.86,1.21,1.46,1.58,5.05,6.51,6.87,6.93,6.95,0.77,37.95,24.71,323.0,2024-06-04 11:30:07.580199
00:13:A2:00:42:37:AD:AD,7.0,234.0,3.2844,53.0,0.0,100.0,1.89,2.22,2.4,2.49,12.18,14.76,15.07,15.12,15.13,0.49,38.01,24.75,343.0,2024-06-04 12:00:07.633197
00:13:A2:00:42:37:AD:AD,7.0,235.0,3.2844,53.0,0.0,100.0,1.26,1.56,1.75,1.85,7.91,9.76,10.05,10.1,10.12,0.54,38.1,24.78,333.0,2024-06-04 12:30:07.657877
00:13:A2:00:42:37:AD:AD,7.0,236.0,3.2844,53.0,0.0,100.0,0.73,0.77,0.77,0.77,4.93,5.81,5.83,5.83,5.83,0.37,38.29,24.8,313.0,2024-06-04 13:00:07.707198
00:13:A2:00:42:37:AD:AD,7.0,237.0,3.2844,53.0,0.0,100.0,1.8,1.91,1.91,1.91,12.2,14.37,14.42,14.42,14.43,0.38,38.35,24.82,309.0,2024-06-04 13:30:07.745813
00:13:A2:00:42:37:AD:AD,7.0,238.0,3.2844,53.0,0.0,100.0,3.01,3.63,4.01,4.19,19.12,23.36,23.96,24.06,24.09,0.48,38.55,24.9,320.0,2024-06-04 14:00:07.831233
00:13:A2:00:42:37:AD:AD,7.0,239.0,3.2844,53.0,0.0,100.0,1.89,2.32,2.59,2.72,11.94,14.67,15.08,15.16,15.18,0.61,38.67,24.97,321.0,2024-06-04 14:30:07.838435
00:13:A2:00:42:37:AD:AD,7.0,240.0,3.2844,53.0,0.0,100.0,3.5,4.08,4.4,4.55,22.67,27.41,27.94,28.03,28.05,0.52,38.83,24.98,324.0,2024-06-04 15:00:07.888670
00:13:A2:00:42:37:AD:AD,7.0,241.0,3.2844,53.0,0.0,100.0,1.87,1.98,1.98,1.98,12.66,14.91,14.97,14.97,14.97,0.39,39.0,25.0,329.0,2024-06-04 15:30:22.929733
00:13:A2:00:42:37:AD:AD,7.0,242.0,3.2844,53.0,0.0,100.0,1.83,1.93,1.93,1.93,12.38,14.58,14.63,14.64,14.64,0.45,39.01,25.05,318.0,2024-06-04 16:00:07.969
00:13:A2:00:42:37:AD:AD,7.0,243.0,3.2844,53.0,0.0,100.0,1.88,2.41,2.76,2.94,11.62,14.48,15.01,15.1,15.13,0.51,39.1,25.01,295.0,2024-06-04 16:30:08.010553
00:13:A2:00:42:37:AD:AD,7.0,244.0,3.2844,53.0,0.0,100.0,1.3,1.65,1.88,2.0,8.05,10.01,10.36,10.42,10.44,0.61,39.24,25.01,312.0,2024-06-04 17:00:08.065614
00:13:A2:00:42:37:AD:AD,7.0,245.0,3.2844,53.0,0.0,100.0,3.67,3.88,3.88,3.88,24.8,29.2,29.31,29.32,29.32,0.41,39.43,25.02,296.0,2024-06-04 17:30:08.092003
00:13:A2:00:42:37:AD:AD,7.0,246.0,3.2844,53.0,0.0,100.0,1.58,1.67,1.67,1.67,10.69,12.59,12.64,12.64,12.64,0.34,39.68,25.05,343.0,2024-06-04 18:00:08.149473
00:13:A2:00:42:37:AD:AD,7.0,247.0,3.2844,53.0,0.0,100.0,1.34,1.42,1.42,1.42,9.09,10.71,10.75,10.75,10.75,0.43,39.91,25.12,319.0,2024-06-04 18:30:08.183802
00:13:A2:00:42:37:AD:AD,7.0,248.0,3.2844,53.0,0.0,100.0,3.2,3.39,3.39,3.39,21.65,25.49,25.58,25.59,25.6,0.38,40.11,25.19,307.0,2024-06-04 19:00:08.219503
00:13:A2:00:42:37:AD:AD,7.0,249.0,3.2844,53.0,0.0,100.0,1.44,1.52,1.52,1.52,9.75,11.47,11.52,11.52,11.52,0.36,40.17,25.43,312.0,2024-06-04 19:30:08.272537
00:13:A2:00:42:37:AD:AD,7.0,250.0,3.2844,53.0,0.0,100.0,4.17,4.41,4.41,4.41,28.22,33.22,33.35,33.36,33.36,0.43,39.96,25.74,333.0,2024-06-04 20:00:08.324043
00:13:A2:00:42:37:AD:AD,7.0,251.0,3.2844,53.0,0.0,100.0,3.7,3.92,3.92,3.92,25.04,29.47,29.59,29.59,29.6,0.43,40.08,25.64,340.0,2024-06-04 20:30:23.371238
00:13:A2:00:42:37:AD:AD,7.0,252.0,3.2844,53.0,0.0,100.0,1.53,1.62,1.62,1.62,10.37,12.21,12.25,12.26,12.26,0.46,40.19,25.5,353.0,2024-06-04 21:00:08.397855
00:13:A2:00:42:37:AD:AD,7.0,253.0,3.2844,53.0,0.0,100.0,2.5,3.13,3.53,3.73,15.6,19.28,19.9,20.01,20.04,0.5,40.4,25.38,333.0,2024-06-04 21:30:08.443664
00:13:A2:00:42:37:AD:AD,7.0,18.0,3.2844,53.0,0.0,100.0,1.33,1.41,1.41,1.41,9.01,10.61,10.65,10.65,10.66,0.36,42.61,24.65,375.0,2024-06-05 07:30:09.309692
00:13:A2:00:42:37:AD:AD,7.0,19.0,3.2844,53.0,0.0,100.0,4.1,4.73,5.06,5.22,26.64,32.11,32.67,32.77,32.79,0.5,42.52,24.71,356.0,2024-06-05 08:00:09.537076
00:13:A2:00:42:37:AD:AD,7.0,20.0,3.2844,53.0,0.0,100.0,1.28,1.36,1.36,1.36,8.71,10.25,10.29,10.29,10.29,0.35,42.38,24.71,378.0,2024-06-05 08:30:09.416601
00:13:A2:00:42:37:AD:AD,7.0,21.0,3.2844,53.0,0.0,100.0,1.21,1.28,1.28,1.28,8.19,9.65,9.68,9.69,9.69,0.31,42.39,24.75,381.0,2024-06-05 09:00:09.430179
00:13:A2:00:42:37:AD:AD,7.0,22.0,3.2844,53.0,0.0,100.0,2.42,2.56,2.56,2.56,16.38,19.28,19.35,19.36,19.36,0.41,42.33,24.77,395.0,2024-06-05 09:30:09.480472
00:13:A2:00:42:37:AD:AD,7.0,23.0,3.2844,53.0,0.0,100.0,2.77,3.74,4.41,4.75,16.52,20.99,21.98,22.17,22.21,0.64,42.26,24.8,400.0,2024-06-05 10:00:09.521097
00:13:A2:00:42:37:AD:AD,7.0,24.0,3.2844,53.0,0.0,100.0,1.31,1.39,1.39,1.39,8.9,10.48,10.52,10.52,10.52,0.38,42.25,24.82,398.0,2024-06-05 10:30:09.571940
00:13:A2:00:42:37:AD:AD,7.0,25.0,3.2844,53.0,0.0,100.0,2.9,3.6,4.04,4.25,18.2,22.44,23.11,23.23,23.26,0.57,42.25,24.86,408.0,2024-06-05 11:00:09.607579
00:13:A2:00:42:37:AD:AD,7.0,26.0,3.2844,53.0,0.0,100.0,2.96,3.48,3.78,3.92,19.07,23.12,23.6,23.69,23.71,0.48,42.29,24.88,391.0,2024-06-05 11:30:24.659180
00:13:A2:00:42:37:AD:AD,7.0,27.0,3.2844,53.0,0.0,100.0,0.93,0.99,0.99,0.99,6.33,7.46,7.49,7.49,7.49,0.36,42.19,24.92,391.0,2024-06-05 12:00:09.703543
00:13:A2:00:42:37:AD:AD,7.0,28.0,3.2844,53.0,0.0,100.0,2.46,2.6,2.6,2.6,16.65,19.6,19.67,19.68,19.68,0.34,42.17,24.97,416.0,2024-06-05 12:30:09.737267
00:13:A2:00:42:37:AD:AD,7.0,29.0,3.2844,53.0,0.0,100.0,1.62,1.72,1.72,1.72,10.99,12.93,12.98,12.99,12.99,0.4,42.09,24.98,378.0,2024-06-05 13:00:09.798587
00:13:A2:00:42:37:AD:AD,7.0,30.0,3.2844,53.0,0.0,100.0,2.1,2.22,2.22,2.22,14.23,16.75,16.82,16.82,16.83,0.33,42.05,25.02,381.0,2024-06-05 13:30:09.829169
00:13:A2:00:42:37:AD:AD,7.0,31.0,3.2844,53.0,0.0,100.0,4.28,4.53,4.53,4.53,28.94,34.07,34.2,34.2,34.21,0.39,42.03,25.04,366.0,2024-06-05 14:00:09.881704
00:13:A2:00:42:37:AD:AD,7.0,32.0,3.2844,53.0,0.0,100.0,3.2,3.62,3.82,3.92,20.99,25.17,25.53,25.59,25.61,0.47,42.0,25.09,388.0,2024-06-05 14:30:09.932266
00:13:A2:00:42:37:AD:AD,7.0,33.0,3.2844,53.0,0.0,100.0,4.42,4.67,4.67,4.67,29.88,35.17,35.31,35.32,35.32,0.39,41.89,25.13,351.0,2024-06-05 15:00:09.966940
00:13:A2:00:42:37:AD:AD,7.0,34.0,3.2844,53.0,0.0,100.0,5.4,6.25,6.69,6.91,35.07,42.3,43.06,43.19,43.22,0.47,41.89,25.15,342.0,2024-06-05 15:30:10.011062
00:13:A2:00:42:37:AD:AD,7.0,35.0,3.2844,53.0,0.0,100.0,3.69,3.91,3.91,3.91,24.98,29.41,29.52,29.53,29.53,0.4,41.87,25.15,354.0,2024-06-05 16:00:10.056468
00:13:A2:00:42:37:AD:AD,7.0,36.0,3.2844,53.0,0.0,100.0,6.57,7.39,7.77,7.95,43.18,51.69,52.38,52.5,52.53,0.54,41.92,25.14,336.0,2024-06-05 16:30:25.095890
00:13:A2:00:42:37:AD:AD,7.0,37.0,3.2844,53.0,0.0,100.0,5.46,6.16,6.49,6.65,35.82,42.91,43.51,43.61,43.64,0.51,41.89,25.18,345.0,2024-06-05 17:00:10.130051
00:13:A2:00:42:37:AD:AD,7.0,38.0,3.2844,53.0,0.0,100.0,2.06,2.18,2.18,2.18,13.95,16.42,16.49,16.49,16.49,0.31,41.95,25.18,335.0,2024-06-05 17:30:10.182670
00:13:A2:00:42:37:AD:AD,7.0,39.0,3.2844,53.0,0.0,100.0,2.81,3.21,3.41,3.51,18.39,22.1,22.45,22.51,22.53,0.51,42.05,25.25,323.0,2024-06-05 18:00:10.214764
00:13:A2:00:42:37:AD:AD,7.0,40.0,3.2844,53.0,0.0,100.0,2.54,3.16,3.55,3.74,15.9,19.62,20.22,20.33,20.35,0.59,42.19,25.3,338.0,2024-06-05 18:30:10.261603
00:13:A2:00:42:37:AD:AD,7.0,41.0,3.2844,53.0,0.0,100.0,2.33,2.47,2.47,2.47,15.8,18.6,18.67,18.67,18.68,0.46,42.18,25.46,343.0,2024-06-05 19:00:10.326899
00:13:A2:00:42:37:AD:AD,7.0,42.0,3.2844,53.0,0.0,100.0,2.1,2.22,2.22,2.22,14.18,16.7,16.76,16.76,16.77,0.46,42.22,25.67,318.0,2024-06-05 19:30:10.467126
00:13:A2:00:42:37:AD:AD,7.0,43.0,3.2844,53.0,0.0,100.0,3.28,3.47,3.47,3.47,22.16,26.09,26.19,26.19,26.2,0.39,41.99,25.84,325.0,2024-06-05 20:00:10.401134
00:13:A2:00:42:37:AD:AD,7.0,44.0,3.2844,53.0,0.0,100.0,2.0,2.12,2.12,2.12,13.54,15.94,16.0,16.0,16.01,0.38,42.01,25.75,332.0,2024-06-05 20:30:10.422205
00:13:A2:00:42:37:AD:AD,7.0,45.0,3.2844,53.0,0.0,100.0,5.52,6.34,6.77,6.98,35.9,43.23,43.97,44.09,44.12,0.47,42.22,25.63,302.0,2024-06-05 21:00:10.527113
00:13:A2:00:42:37:AD:AD,7.0,46.0,3.2844,53.0,0.0,100.0,4.97,5.26,5.26,5.26,33.61,39.57,39.72,39.73,39.73,0.35,42.49,25.48,323.0,2024-06-05 21:30:25.513003
00:13:A2:00:42:37:AD:AD,7.0,66.0,3.2844,53.0,0.0,100.0,2.47,2.61,2.61,2.61,16.7,19.66,19.73,19.74,19.74,0.3,44.06,24.8,349.0,2024-06-06 07:30:26.389134
00:13:A2:00:42:37:AD:AD,7.0,67.0,3.2844,53.0,0.0,100.0,1.35,1.58,1.7,1.77,8.7,10.53,10.74,10.78,10.79,0.5,43.84,24.81,357.0,2024-06-06 08:00:11.500552
00:13:A2:00:42:37:AD:AD,7.0,68.0,3.2844,53.0,0.0,100.0,1.05,1.11,1.11,1.11,7.11,8.37,8.41,8.41,8.41,0.44,43.83,24.81,344.0,2024-06-06 08:30:11.470353
00:13:A2:00:42:37:AD:AD,7.0,69.0,3.2844,53.0,0.0,100.0,1.43,1.51,1.51,1.51,9.68,11.4,11.44,11.45,11.45,0.32,43.72,24.84,345.0,2024-06-06 09:00:11.522188
00:13:A2:00:42:37:AD:AD,7.0,70.0,3.2844,53.0,0.0,100.0,1.96,2.07,2.07,2.07,13.26,15.61,15.67,15.67,15.68,0.43,43.68,24.83,369.0,2024-06-06 09:30:11.558064
00:13:A2:00:42:37:AD:AD,7.0,71.0,3.2844,53.0,0.0,100.0,1.35,1.43,1.43,1.43,9.15,10.77,10.81,10.82,10.82,0.36,43.63,24.88,369.0,2024-06-06 10:00:11.612123
00:13:A2:00:42:37:AD:AD,7.0,72.0,3.2844,53.0,0.0,100.0,2.56,3.11,3.44,3.61,16.22,19.86,20.38,20.48,20.5,0.63,43.62,24.91,351.0,2024-06-06 10:30:11.655637
00:13:A2:00:42:37:AD:AD,7.0,73.0,3.2844,53.0,0.0,100.0,2.98,3.94,4.59,4.92,18.0,22.69,23.66,23.84,23.88,0.66,43.61,24.94,341.0,2024-06-06 11:00:11.694644
00:13:A2:00:42:37:AD:AD,7.0,74.0,3.2844,53.0,0.0,100.0,1.95,2.07,2.07,2.07,13.22,15.56,15.62,15.62,15.62,0.3,43.57,25.02,371.0,2024-06-06 11:30:11.739880
00:13:A2:00:42:37:AD:AD,7.0,75.0,3.2844,53.0,0.0,100.0,1.29,1.37,1.37,1.37,8.75,10.3,10.34,10.34,10.35,0.35,43.59,25.05,341.0,2024-06-06 12:00:11.775929
00:13:A2:00:42:37:AD:AD,7.0,76.0,3.2844,53.0,0.0,100.0,2.46,3.0,3.33,3.5,15.54,19.06,19.58,19.67,19.69,0.56,43.57,25.08,336.0,2024-06-06 12:30:26.821975
00:13:A2:00:42:37:AD:AD,7.0,77.0,3.2844,53.0,0.0,100.0,2.49,2.63,2.63,2.63,16.84,19.82,19.9,19.9,19.9,0.39,43.49,25.15,349.0,2024-06-06 13:00:11.869543
00:13:A2:00:42:37:AD:AD,7.0,78.0,3.2844,53.0,0.0,100.0,1.81,1.92,1.92,1.92,12.27,14.45,14.5,14.51,14.51,0.4,43.49,25.16,320.0,2024-06-06 13:30:11.913477
00:13:A2:00:42:37:AD:AD,7.0,79.0,3.2844,53.0,0.0,100.0,2.1,2.22,2.22,2.22,14.22,16.74,16.8,16.81,16.81,0.45,43.58,25.18,327.0,2024-06-06 14:00:11.963127
00:13:A2:00:42:37:AD:AD,7.0,80.0,3.2844,53.0,0.0,100.0,1.96,2.08,2.08,2.08,13.3,15.65,15.71,15.72,15.72,0.45,43.57,25.23,351.0,2024-06-06 14:30:11.993639
00:13:A2:00:42:37:AD:AD,7.0,81.0,3.2844,53.0,0.0,100.0,1.92,2.03,2.03,2.03,13.01,15.32,15.38,15.38,15.38,0.41,43.61,25.22,336.0,2024-06-06 15:00:12.032387
00:13:A2:00:42:37:AD:AD,7.0,82.0,3.2844,53.0,0.0,100.0,3.55,4.42,4.97,5.24,22.23,27.43,28.27,28.43,28.46,0.58,43.72,25.25,333.0,2024-06-06 15:30:12.085190
00:13:A2:00:42:37:AD:AD,7.0,83.0,3.2844,53.0,0.0,100.0,4.2,4.44,4.44,4.44,28.41,33.45,33.58,33.59,33.59,0.41,43.79,25.25,339.0,2024-06-06 16:00:12.132624
00:13:A2:00:42:37:AD:AD,7.0,84.0,3.2844,53.0,0.0,100.0,2.44,2.67,2.74,2.77,16.28,19.33,19.5,19.53,19.53,0.54,43.86,25.25,312.0,2024-06-06 16:30:12.174918
00:13:A2:00:42:37:AD:AD,7.0,85.0,3.2844,53.0,0.0,100.0,1.36,1.62,1.77,1.84,8.73,10.63,10.87,10.91,10.92,0.51,43.93,25.28,339.0,2024-06-06 17:00:12.218518
00:13:A2:00:42:37:AD:AD,7.0,86.0,3.2844,53.0,0.0,100.0,1.95,2.58,3.0,3.22,11.85,14.92,15.55,15.67,15.69,0.63,44.16,25.32,306.0,2024-06-06 17:30:27.245459
00:13:A2:00:42:37:AD:AD,7.0,87.0,3.2844,53.0,0.0,100.0,5.89,6.23,6.23,6.23,39.83,46.89,47.07,47.09,47.09,0.43,44.28,25.38,321.0,2024-06-06 18:00:12.298840
00:13:A2:00:42:37:AD:AD,7.0,88.0,3.2844,53.0,0.0,100.0,1.29,2.01,2.55,2.81,7.04,9.51,10.26,10.41,10.44,0.88,44.5,25.4,304.0,2024-06-06 18:30:12.345132
00:13:A2:00:42:37:AD:AD,7.0,89.0,3.2844,53.0,0.0,100.0,3.71,4.22,4.46,4.58,24.33,29.2,29.63,29.71,29.73,0.52,44.74,25.4,309.0,2024-06-06 19:00:12.391619
00:13:A2:00:42:37:AD:AD,7.0,90.0,3.2844,53.0,0.0,100.0,3.72,3.94,3.94,3.94,25.16,29.62,29.73,29.74,29.75,0.41,44.96,25.36,309.0,2024-06-06 19:30:12.424149
00:13:A2:00:42:37:AD:AD,7.0,91.0,3.2844,53.0,0.0,100.0,1.95,2.07,2.07,2.07,13.22,15.57,15.63,15.63,15.63,0.39,45.19,25.3,296.0,2024-06-06 20:00:12.465395
00:13:A2:00:42:37:AD:AD,7.0,92.0,3.2844,53.0,0.0,100.0,2.53,2.96,3.2,3.31,16.37,19.8,20.2,20.26,20.28,0.48,45.44,25.21,306.0,2024-06-06 20:30:12.515669
00:13:A2:00:42:37:AD:AD,7.0,93.0,3.2844,53.0,0.0,100.0,1.34,1.82,2.15,2.31,8.01,10.19,10.67,10.76,10.78,0.67,45.69,25.16,315.0,2024-06-06 21:00:12.550671
00:13:A2:00:42:37:AD:AD,7.0,94.0,3.2844,53.0,0.0,100.0,4.16,5.62,6.64,7.14,24.83,31.56,33.04,33.32,33.38,0.67,45.86,25.12,316.0,2024-06-06 21:30:12.608617
00:13:A2:00:42:37:AD:AD,7.0,114.0,3.2844,53.0,0.0,100.0,1.85,2.23,2.45,2.56,11.81,14.42,14.77,14.84,14.85,0.59,46.87,24.86,320.0,2024-06-07 07:30:13.477490
00:13:A2:00:42:37:AD:AD,7.0,115.0,3.2844,53.0,0.0,100.0,3.56,4.21,4.58,4.77,22.83,27.73,28.34,28.44,28.47,0.48,46.85,24.85,277.0,2024-06-07 08:00:13.511526
00:13:A2:00:42:37:AD:AD,7.0,116.0,3.2844,53.0,0.0,100.0,1.85,2.26,2.5,2.62,11.76,14.4,14.78,14.85,14.87,0.54,46.97,24.84,300.0,2024-06-07 08:30:28.545768
00:13:A2:00:42:37:AD:AD,7.0,117.0,3.2844,53.0,0.0,100.0,1.19,1.34,1.41,1.44,7.83,9.38,9.51,9.53,9.54,0.47,46.91,24.85,299.0,2024-06-07 09:00:13.601599
00:13:A2:00:42:37:AD:AD,7.0,118.0,3.2844,53.0,0.0,100.0,0.71,0.91,1.04,1.11,4.38,5.46,5.65,5.69,5.7,0.58,47.01,24.85,292.0,2024-06-07 09:30:13.639034
00:13:A2:00:42:37:AD:AD,7.0,119.0,3.2844,53.0,0.0,100.0,0.71,0.92,1.06,1.14,4.36,5.46,5.67,5.71,5.72,0.48,47.15,24.83,294.0,2024-06-07 10:00:13.688174
00:13:A2:00:42:37:AD:AD,7.0,120.0,3.2844,53.0,0.0,100.0,0.67,1.0,1.24,1.36,3.74,4.96,5.31,5.38,5.39,0.74,47.26,24.82,315.0,2024-06-07 10:30:13.725816
00:13:A2:00:42:37:AD:AD,7.0,121.0,3.2844,53.0,0.0,100.0,1.8,1.9,1.9,1.9,12.15,14.31,14.36,14.36,14.37,0.33,47.43,24.83,301.0,2024-06-07 11:00:13.777864
00:13:A2:00:42:37:AD:AD,7.0,122.0,3.2844,53.0,0.0,100.0,1.24,1.31,1.31,1.31,8.38,9.87,9.9,9.91,9.91,0.31,47.58,24.81,304.0,2024-06-07 11:30:13.814171
00:13:A2:00:42:37:AD:AD,7.0,123.0,3.2844,53.0,0.0,100.0,0.74,1.03,1.23,1.34,4.34,5.59,5.88,5.94,5.95,0.58,47.73,24.81,328.0,2024-06-07 12:00:13.866599
00:13:A2:00:42:37:AD:AD,7.0,124.0,3.2844,53.0,0.0,100.0,2.89,3.05,3.05,3.05,19.52,22.98,23.07,23.07,23.08,0.33,47.82,24.83,300.0,2024-06-07 12:30:13.902838
00:13:A2:00:42:37:AD:AD,7.0,125.0,3.2844,53.0,0.0,100.0,0.6,1.15,1.57,1.78,2.72,4.17,4.76,4.87,4.89,0.99,47.82,24.87,316.0,2024-06-07 13:00:13.944540
00:13:A2:00:42:37:AD:AD,7.0,126.0,3.2844,53.0,0.0,100.0,0.73,0.88,0.97,1.02,4.65,5.69,5.83,5.86,5.86,0.55,47.92,24.89,307.0,2024-06-07 13:30:28.994387
00:13:A2:00:42:37:AD:AD,7.0,127.0,3.2844,53.0,0.0,100.0,0.62,1.02,1.33,1.49,3.19,4.47,4.9,4.98,5.0,0.73,47.89,24.9,285.0,2024-06-07 14:00:14.036340
00:13:A2:00:42:37:AD:AD,7.0,128.0,3.2844,53.0,0.0,100.0,1.27,1.34,1.34,1.34,8.6,10.13,10.17,10.17,10.17,0.41,48.0,24.86,309.0,2024-06-07 14:30:14.083696
00:13:A2:00:42:37:AD:AD,7.0,129.0,3.2844,53.0,0.0,100.0,0.63,0.85,1.0,1.08,3.75,4.78,5.0,5.04,5.05,0.51,48.09,24.85,311.0,2024-06-07 15:00:14.122125
00:13:A2:00:42:37:AD:AD,7.0,130.0,3.2844,53.0,0.0,100.0,1.18,1.88,2.41,2.68,6.26,8.59,9.33,9.47,9.51,0.65,48.19,24.84,288.0,2024-06-07 15:30:14.153543
00:13:A2:00:42:37:AD:AD,7.0,131.0,3.2844,53.0,0.0,100.0,0.57,0.6,0.6,0.6,3.85,4.54,4.55,4.55,4.55,0.27,48.3,24.86,305.0,2024-06-07 16:00:14.208504
00:13:A2:00:42:37:AD:AD,7.0,132.0,3.2844,53.0,0.0,100.0,0.6,0.63,0.63,0.63,4.05,4.77,4.79,4.79,4.79,0.38,48.3,24.91,284.0,2024-06-07 16:30:14.261872
00:13:A2:00:42:37:AD:AD,7.0,133.0,3.2844,53.0,0.0,100.0,1.7,1.8,1.8,1.8,11.52,13.56,13.61,13.62,13.62,0.41,48.23,24.98,283.0,2024-06-07 17:00:14.292776
00:13:A2:00:42:37:AD:AD,7.0,134.0,3.2844,53.0,0.0,100.0,1.22,1.44,1.57,1.64,7.84,9.52,9.73,9.77,9.78,0.48,48.14,25.05,317.0,2024-06-07 17:30:14.350994
00:13:A2:00:42:37:AD:AD,7.0,135.0,3.2844,53.0,0.0,100.0,1.1,1.53,1.84,1.99,6.43,8.28,8.72,8.81,8.83,0.53,48.19,25.05,297.0,2024-06-07 18:00:14.373091
00:13:A2:00:42:37:AD:AD,7.0,136.0,3.2844,53.0,0.0,100.0,0.62,0.72,0.78,0.81,4.01,4.86,4.96,4.97,4.98,0.56,48.4,24.98,299.0,2024-06-07 18:30:29.435980
00:13:A2:00:42:37:AD:AD,7.0,137.0,3.2844,53.0,0.0,100.0,0.59,0.63,0.63,0.63,4.02,4.73,4.75,4.75,4.75,0.38,48.38,24.95,293.0,2024-06-07 19:00:14.478830
00:13:A2:00:42:37:AD:AD,7.0,138.0,3.2844,53.0,0.0,100.0,1.71,1.81,1.81,1.81,11.58,13.63,13.69,13.69,13.69,0.36,48.42,24.86,287.0,2024-06-07 19:30:14.506694
00:13:A2:00:42:37:AD:AD,7.0,139.0,3.2844,53.0,0.0,100.0,0.67,0.96,1.17,1.27,3.85,5.02,5.32,5.37,5.39,0.77,48.56,24.78,298.0,2024-06-07 20:00:14.563321
00:13:A2:00:42:37:AD:AD,7.0,140.0,3.2844,53.0,0.0,100.0,1.16,1.73,2.16,2.37,6.48,8.6,9.2,9.31,9.34,0.67,48.64,24.73,292.0,2024-06-07 20:30:14.595192
00:13:A2:00:42:37:AD:AD,7.0,141.0,3.2844,53.0,0.0,100.0,0.63,0.67,0.67,0.67,4.3,5.07,5.08,5.09,5.09,0.33,48.76,24.67,284.0,2024-06-07 21:00:14.646922
00:13:A2:00:42:37:AD:AD,7.0,142.0,3.2844,53.0,0.0,100.0,1.71,2.68,3.41,3.77,9.18,12.48,13.5,13.7,13.75,0.89,48.86,24.65,301.0,2024-06-07 21:30:14.683379
00:13:A2:00:42:37:AD:AD,7.0,162.0,3.2844,53.0,0.0,100.0,0.57,0.6,0.6,0.6,3.89,4.58,4.6,4.6,4.6,0.27,48.77,24.33,310.0,2024-06-08 07:30:15.543561
00:13:A2:00:42:37:AD:AD,7.0,163.0,3.2844,53.0,0.0,100.0,0.63,0.66,0.66,0.66,4.27,5.02,5.04,5.04,5.05,0.42,48.73,24.33,307.0,2024-06-08 08:00:15.594456
00:13:A2:00:42:37:AD:AD,7.0,164.0,3.2844,53.0,0.0,100.0,0.64,0.67,0.67,0.67,4.34,5.11,5.13,5.13,5.13,0.46,48.74,24.33,308.0,2024-06-08 08:30:15.643052
00:13:A2:00:42:37:AD:AD,7.0,165.0,3.2844,53.0,0.0,100.0,0.53,1.28,1.88,2.18,1.64,3.3,4.12,4.29,4.32,1.16,48.7,24.34,290.0,2024-06-08 09:00:15.690944
00:13:A2:00:42:37:AD:AD,7.0,166.0,3.2844,53.0,0.0,100.0,0.66,1.1,1.44,1.61,3.36,4.73,5.2,5.29,5.31,0.79,48.66,24.36,297.0,2024-06-08 09:30:30.732526
00:13:A2:00:42:37:AD:AD,7.0,167.0,3.2844,53.0,0.0,100.0,1.11,1.18,1.18,1.18,7.55,8.88,8.92,8.92,8.92,0.46,48.52,24.41,315.0,2024-06-08 10:00:15.784617
00:13:A2:00:42:37:AD:AD,7.0,168.0,3.2844,53.0,0.0,100.0,1.19,1.26,1.26,1.26,8.1,9.53,9.57,9.57,9.58,0.31,48.44,24.46,334.0,2024-06-08 10:30:15.820970
00:13:A2:00:42:37:AD:AD,7.0,169.0,3.2844,53.0,0.0,100.0,0.51,1.54,2.36,2.77,0.79,2.82,3.94,4.17,4.21,1.38,48.33,24.51,291.0,2024-06-08 11:00:15.863596
00:13:A2:00:42:37:AD:AD,7.0,170.0,3.2844,53.0,0.0,100.0,2.31,2.44,2.44,2.44,15.6,18.37,18.44,18.44,18.45,0.32,48.21,24.54,300.0,2024-06-08 11:30:15.906162
00:13:A2:00:42:37:AD:AD,7.0,171.0,3.2844,53.0,0.0,100.0,0.5,1.42,2.15,2.52,1.03,2.89,3.89,4.09,4.13,1.27,48.09,24.61,305.0,2024-06-08 12:00:15.946335
00:13:A2:00:42:37:AD:AD,7.0,172.0,3.2844,53.0,0.0,100.0,0.58,0.81,0.98,1.06,3.38,4.37,4.6,4.65,4.66,0.64,48.03,24.62,292.0,2024-06-08 12:30:15.994760
00:13:A2:00:42:37:AD:AD,7.0,173.0,3.2844,53.0,0.0,100.0,1.38,1.97,2.39,2.6,7.97,10.35,10.96,11.08,11.1,0.79,47.99,24.64,294.0,2024-06-08 13:00:16.034504
00:13:A2:00:42:37:AD:AD,7.0,174.0,3.2844,53.0,0.0,100.0,0.67,0.71,0.71,0.71,4.54,5.35,5.37,5.37,5.37,0.34,47.96,24.67,311.0,2024-06-08 13:30:16.073369
00:13:A2:00:42:37:AD:AD,7.0,175.0,3.2844,53.0,0.0,100.0,1.12,1.67,2.06,2.26,6.31,8.34,8.9,9.01,9.04,0.6,47.9,24.67,306.0,2024-06-08 14:00:16.124388
00:13:A2:00:42:37:AD:AD,7.0,176.0,3.2844,53.0,0.0,100.0,0.71,0.75,0.75,0.75,4.84,5.7,5.72,5.72,5.72,0.46,47.84,24.75,296.0,2024-06-08 14:30:31.193750
00:13:A2:00:42:37:AD:AD,7.0,177.0,3.2844,53.0,0.0,100.0,1.25,1.73,2.08,2.25,7.33,9.42,9.91,10.01,10.03,0.76,47.73,24.79,306.0,2024-06-08 15:00:16.200741
00:13:A2:00:42:37:AD:AD,7.0,178.0,3.2844,53.0,0.0,100.0,4.69,4.96,4.96,4.96,31.7,37.32,37.46,37.47,37.47,0.45,47.74,24.8,300.0,2024-06-08 15:30:16.253658
00:13:A2:00:42:37:AD:AD,7.0,179.0,3.2844,53.0,0.0,100.0,0.7,1.08,1.36,1.5,3.82,5.14,5.54,5.61,5.63,0.76,47.67,24.8,294.0,2024-06-08 16:00:16.314567
00:13:A2:00:42:37:AD:AD,7.0,180.0,3.2844,53.0,0.0,100.0,0.71,0.75,0.75,0.75,4.79,5.64,5.67,5.67,5.67,0.37,47.66,24.8,303.0,2024-06-08 16:30:16.327929
00:13:A2:00:42:37:AD:AD,7.0,181.0,3.2844,53.0,0.0,100.0,2.35,2.49,2.49,2.49,15.9,18.72,18.79,18.8,18.8,0.41,47.66,24.85,319.0,2024-06-08 17:00:16.381178
00:13:A2:00:42:37:AD:AD,7.0,182.0,3.2844,53.0,0.0,100.0,1.2,1.27,1.27,1.27,8.12,9.56,9.6,9.6,9.61,0.36,47.56,24.95,277.0,2024-06-08 17:30:16.419128
00:13:A2:00:42:37:AD:AD,7.0,183.0,3.2844,53.0,0.0,100.0,2.98,3.15,3.15,3.15,20.13,23.69,23.78,23.79,23.8,0.3,47.43,25.05,285.0,2024-06-08 18:00:16.470845
00:13:A2:00:42:37:AD:AD,7.0,184.0,3.2844,53.0,0.0,100.0,0.59,0.88,1.1,1.2,3.36,4.44,4.74,4.79,4.81,0.76,47.25,25.13,299.0,2024-06-08 18:30:16.511377
00:13:A2:00:42:37:AD:AD,7.0,185.0,3.2844,53.0,0.0,100.0,1.51,1.6,1.6,1.6,10.22,12.03,12.07,12.08,12.08,0.3,47.12,25.12,283.0,2024-06-08 19:00:16.560725
00:13:A2:00:42:37:AD:AD,7.0,186.0,3.2844,53.0,0.0,100.0,2.33,2.46,2.46,2.46,15.77,18.56,18.63,18.64,18.64,0.42,47.05,25.06,278.0,2024-06-08 19:30:31.600926
00:13:A2:00:42:37:AD:AD,7.0,187.0,3.2844,53.0,0.0,100.0,0.67,0.81,0.9,0.95,4.23,5.19,5.33,5.35,5.36,0.68,47.04,25.04,289.0,2024-06-08 20:00:16.635689
00:13:A2:00:42:37:AD:AD,7.0,188.0,3.2844,53.0,0.0,100.0,0.64,0.68,0.68,0.68,4.36,5.13,5.15,5.16,5.16,0.27,47.14,24.96,279.0,2024-06-08 20:30:16.689672
00:13:A2:00:42:37:AD:AD,7.0,189.0,3.2844,53.0,0.0,100.0,1.22,1.29,1.29,1.29,8.26,9.72,9.76,9.76,9.77,0.46,47.19,24.88,283.0,2024-06-08 21:00:16.736296
00:13:A2:00:42:37:AD:AD,7.0,190.0,3.2844,53.0,0.0,100.0,0.55,1.49,2.24,2.61,1.28,3.23,4.25,4.45,4.5,1.39,47.27,24.83,284.0,2024-06-08 21:30:16.764464
00:13:A2:00:42:37:AD:AD,7.0,220.0,3.2844,53.0,0.0,100.0,0.9,1.1,1.22,1.29,5.7,6.99,7.19,7.22,7.23,0.51,46.66,24.64,286.0,2024-06-09 12:30:18.078136
00:13:A2:00:42:37:AD:AD,7.0,221.0,3.2844,53.0,0.0,100.0,1.79,2.28,2.6,2.76,11.1,13.8,14.28,14.37,14.39,0.66,46.57,24.64,260.0,2024-06-09 13:00:18.128115
00:13:A2:00:42:37:AD:AD,7.0,222.0,3.2844,53.0,0.0,100.0,4.43,5.16,5.56,5.75,28.64,34.62,35.29,35.4,35.43,0.49,46.49,24.66,267.0,2024-06-09 13:30:18.167408
00:13:A2:00:42:37:AD:AD,7.0,223.0,3.2844,53.0,0.0,100.0,2.4,2.54,2.54,2.54,16.23,19.1,19.18,19.18,19.18,0.43,46.39,24.69,274.0,2024-06-09 14:00:18.218712
00:13:A2:00:42:37:AD:AD,7.0,224.0,3.2844,53.0,0.0,100.0,2.31,2.79,3.07,3.21,14.73,17.99,18.44,18.52,18.54,0.48,46.25,24.69,263.0,2024-06-09 14:30:18.255949
00:13:A2:00:42:37:AD:AD,7.0,225.0,3.2844,53.0,0.0,100.0,0.92,1.87,2.61,2.98,3.79,6.17,7.19,7.4,7.44,1.07,46.06,24.72,267.0,2024-06-09 15:00:18.297313
00:13:A2:00:42:37:AD:AD,7.0,226.0,3.2844,53.0,0.0,100.0,0.7,0.91,1.04,1.11,4.34,5.42,5.62,5.66,5.67,0.52,45.94,24.7,280.0,2024-06-09 15:30:33.333076
00:13:A2:00:42:37:AD:AD,7.0,227.0,3.2844,53.0,0.0,100.0,0.65,0.9,1.07,1.16,3.84,4.92,5.18,5.23,5.24,0.61,45.83,24.74,283.0,2024-06-09 16:00:18.392279
00:13:A2:00:42:37:AD:AD,7.0,228.0,3.2844,53.0,0.0,100.0,1.24,1.31,1.31,1.31,8.38,9.86,9.9,9.9,9.9,0.33,45.67,24.73,272.0,2024-06-09 16:30:18.630359
00:13:A2:00:42:37:AD:AD,7.0,229.0,3.2844,53.0,0.0,100.0,0.64,1.0,1.27,1.4,3.47,4.7,5.07,5.15,5.16,0.77,45.64,24.75,269.0,2024-06-09 17:00:18.480618
00:13:A2:00:42:37:AD:AD,7.0,230.0,3.2844,53.0,0.0,100.0,1.18,1.51,1.72,1.82,7.33,9.11,9.43,9.49,9.51,0.57,45.6,24.8,262.0,2024-06-09 17:30:18.516319
00:13:A2:00:42:37:AD:AD,7.0,231.0,3.2844,53.0,0.0,100.0,1.14,1.7,2.1,2.31,6.43,8.5,9.07,9.19,9.21,0.51,45.48,24.88,264.0,2024-06-09 18:00:18.567649
00:13:A2:00:42:37:AD:AD,7.0,232.0,3.2844,53.0,0.0,100.0,0.7,0.74,0.74,0.74,4.75,5.59,5.61,5.61,5.62,0.34,45.39,24.91,270.0,2024-06-09 18:30:18.605361
00:13:A2:00:42:37:AD:AD,7.0,233.0,3.2844,53.0,0.0,100.0,0.71,0.75,0.75,0.75,4.81,5.67,5.69,5.69,5.69,0.38,45.24,24.95,281.0,2024-06-09 19:00:18.649906
00:13:A2:00:42:37:AD:AD,7.0,234.0,3.2844,53.0,0.0,100.0,0.65,0.68,0.68,0.68,4.4,5.18,5.2,5.2,5.2,0.43,45.14,25.08,271.0,2024-06-09 19:30:18.702435
00:13:A2:00:42:37:AD:AD,7.0,235.0,3.2844,53.0,0.0,100.0,1.18,1.37,1.47,1.52,7.65,9.24,9.42,9.45,9.46,0.49,44.98,25.1,271.0,2024-06-09 20:00:18.745961
00:13:A2:00:42:37:AD:AD,7.0,236.0,3.2844,53.0,0.0,100.0,1.19,1.26,1.26,1.26,8.08,9.51,9.55,9.55,9.55,0.39,44.96,25.05,277.0,2024-06-09 20:30:33.781228
00:13:A2:00:42:37:AD:AD,7.0,237.0,3.2844,53.0,0.0,100.0,2.23,2.78,3.13,3.3,13.97,17.24,17.78,17.88,17.9,0.52,44.96,25.0,262.0,2024-06-09 21:00:18.825626
00:13:A2:00:42:37:AD:AD,7.0,238.0,3.2844,53.0,0.0,100.0,0.72,0.76,0.76,0.76,4.88,5.75,5.77,5.77,5.77,0.38,45.0,24.9,271.0,2024-06-09 21:30:18.862485
00:13:A2:00:42:37:AD:AD,7.0,239.0,3.2844,53.0,0.0,100.0,0.54,1.42,2.12,2.47,1.4,3.26,4.21,4.4,4.44,1.36,45.08,24.83,266.0,2024-06-09 22:00:18.900323
00:13:A2:00:42:37:AD:AD,7.0,240.0,3.2844,53.0,0.0,100.0,1.22,1.29,1.29,1.29,8.27,9.74,9.78,9.78,9.78,0.38,45.18,24.76,271.0,2024-06-09 22:30:19.170188
00:13:A2:00:42:37:AD:AD,7.0,241.0,3.2844,53.0,0.0,100.0,1.18,1.25,1.25,1.25,8.01,9.44,9.47,9.47,9.48,0.31,45.23,24.71,272.0,2024-06-09 23:00:19.009379
00:13:A2:00:42:37:AD:AD,7.0,242.0,3.2844,53.0,0.0,100.0,0.65,0.69,0.69,0.69,4.45,5.24,5.26,5.26,5.26,0.32,45.26,24.66,260.0,2024-06-09 23:30:19.039964
00:13:A2:00:42:37:AD:AD,7.0,243.0,3.2844,53.0,0.0,100.0,1.15,1.22,1.22,1.22,7.79,9.17,9.2,9.21,9.21,0.38,45.32,24.64,276.0,2024-06-10 00:00:19.098216
00:13:A2:00:42:37:AD:AD,7.0,244.0,3.2844,53.0,0.0,100.0,2.26,2.8,3.14,3.31,14.2,17.49,18.02,18.11,18.13,0.47,45.35,24.6,261.0,2024-06-10 00:30:19.141871
00:13:A2:00:42:37:AD:AD,7.0,245.0,3.2844,53.0,0.0,100.0,0.58,0.62,0.62,0.62,3.98,4.68,4.7,4.7,4.7,0.27,45.42,24.56,271.0,2024-06-10 01:00:19.168151
00:13:A2:00:42:37:AD:AD,7.0,246.0,3.2844,53.0,0.0,100.0,0.58,0.61,0.61,0.61,3.95,4.65,4.67,4.67,4.67,0.38,45.45,24.51,263.0,2024-06-10 01:30:34.222167
00:13:A2:00:42:37:AD:AD,7.0,247.0,3.2844,53.0,0.0,100.0,1.01,2.12,3.0,3.43,3.99,6.71,7.91,8.15,8.2,1.02,45.37,24.54,271.0,2024-06-10 02:00:19.258928
00:13:A2:00:42:37:AD:AD,7.0,248.0,3.2844,53.0,0.0,100.0,1.22,1.29,1.29,1.29,8.28,9.74,9.78,9.78,9.79,0.27,45.4,24.49,266.0,2024-06-10 02:30:19.038565
00:13:A2:00:42:37:AD:AD,7.0,249.0,3.2844,53.0,0.0,100.0,0.56,0.6,0.6,0.6,3.83,4.51,4.53,4.53,4.53,0.42,45.34,24.48,263.0,2024-06-10 03:00:19.343992
00:13:A2:00:42:37:AD:AD,7.0,250.0,3.2844,53.0,0.0,100.0,0.64,0.79,0.89,0.94,4.05,4.99,5.13,5.16,5.17,0.52,45.39,24.49,258.0,2024-06-10 03:30:19.391411
00:13:A2:00:42:37:AD:AD,7.0,251.0,3.2844,53.0,0.0,100.0,0.62,0.66,0.66,0.66,4.23,4.98,5.0,5.0,5.01,0.27,45.31,24.44,249.0,2024-06-10 04:00:19.426321
00:13:A2:00:42:37:AD:AD,7.0,252.0,3.2844,53.0,0.0,100.0,0.61,0.64,0.64,0.64,4.14,4.87,4.89,4.89,4.89,0.36,45.31,24.43,250.0,2024-06-10 04:30:19.483561
00:13:A2:00:42:37:AD:AD,7.0,253.0,3.2844,53.0,0.0,100.0,0.95,3.61,5.77,6.84,0.0,4.27,7.19,7.77,7.89,1.62,45.26,24.43,263.0,2024-06-10 05:00:19.508240
00:13:A2:00:42:37:AD:AD,7.0,254.0,3.2844,53.0,0.0,100.0,0.57,0.93,1.2,1.34,2.98,4.14,4.52,4.59,4.61,0.77,45.24,24.43,243.0,2024-06-10 05:30:19.563032
00:13:A2:00:42:37:AD:AD,7.0,255.0,3.2844,53.0,0.0,100.0,1.17,1.23,1.23,1.23,7.91,9.31,9.35,9.35,9.35,0.3,45.23,24.41,252.0,2024-06-10 06:00:19.609877
00:13:A2:00:42:37:AD:AD,7.0,1.0,3.2844,53.0,0.0,100.0,0.63,0.67,0.67,0.67,4.31,5.08,5.1,5.1,5.1,0.43,45.11,24.42,245.0,2024-06-10 06:30:34.644403
00:13:A2:00:42:37:AD:AD,7.0,2.0,3.2844,53.0,0.0,100.0,0.53,1.24,1.81,2.09,1.74,3.35,4.12,4.28,4.31,0.85,45.05,24.43,247.0,2024-06-10 07:00:19.695458
00:13:A2:00:42:37:AD:AD,7.0,3.0,3.2844,53.0,0.0,100.0,0.63,0.84,0.98,1.05,3.79,4.79,5.0,5.04,5.05,0.54,44.96,24.4,275.0,2024-06-10 07:30:19.739537
00:13:A2:00:42:37:AD:AD,7.0,4.0,3.2844,53.0,0.0,100.0,1.69,2.48,3.06,3.35,9.58,12.6,13.42,13.58,13.61,0.49,44.8,24.41,266.0,2024-06-10 08:00:19.788040
00:13:A2:00:42:37:AD:AD,7.0,5.0,3.2844,53.0,0.0,100.0,1.2,1.75,2.15,2.35,6.81,8.93,9.51,9.62,9.64,0.68,44.75,24.41,256.0,2024-06-10 08:30:19.825304
00:13:A2:00:42:37:AD:AD,7.0,2.0,3.2844,53.0,0.0,100.0,1.08,1.99,2.69,3.04,5.08,7.59,8.55,8.74,8.79,0.9,44.55,24.31,267.0,2024-06-10 10:26:15.291505
00:13:A2:00:42:37:AD:AD,7.0,3.0,3.2844,53.0,0.0,100.0,1.79,2.2,2.46,2.59,11.25,13.84,14.24,14.32,14.33,0.51,44.51,24.35,266.0,2024-06-10 10:56:15.240252
00:13:A2:00:42:37:AD:AD,7.0,4.0,3.2844,53.0,0.0,100.0,0.69,0.73,0.73,0.73,4.7,5.53,5.55,5.55,5.55,0.43,44.49,24.38,277.0,2024-06-10 11:26:15.291436
00:13:A2:00:42:37:AD:AD,7.0,5.0,3.2844,53.0,0.0,100.0,1.13,1.37,1.51,1.59,7.2,8.8,9.03,9.07,9.08,0.57,44.44,24.38,283.0,2024-06-10 11:56:15.322635
00:13:A2:00:42:37:AD:AD,7.0,6.0,3.2844,53.0,0.0,100.0,1.24,1.31,1.31,1.31,8.41,9.9,9.93,9.94,9.94,0.37,44.46,24.38,249.0,2024-06-10 12:26:15.369834
00:13:A2:00:42:37:AD:AD,7.0,7.0,3.2844,53.0,0.0,100.0,1.13,1.85,2.39,2.66,5.91,8.2,8.95,9.1,9.13,0.83,44.48,24.4,284.0,2024-06-10 12:56:15.411818
00:13:A2:00:42:37:AD:AD,7.0,8.0,3.2844,53.0,0.0,100.0,0.7,0.88,1.0,1.06,4.35,5.39,5.57,5.6,5.61,0.57,44.48,24.43,274.0,2024-06-10 13:26:15.446490
00:13:A2:00:42:37:AD:AD,7.0,9.0,3.2844,53.0,0.0,100.0,0.68,0.72,0.72,0.72,4.65,5.48,5.5,5.5,5.5,0.37,44.51,24.42,269.0,2024-06-10 13:56:15.484336
00:13:A2:00:42:37:AD:AD,7.0,10.0,3.2844,53.0,0.0,100.0,2.36,2.5,2.5,2.5,15.99,18.82,18.89,18.9,18.9,0.41,44.6,24.44,288.0,2024-06-10 14:26:15.588919
00:13:A2:00:42:37:AD:AD,7.0,11.0,3.2844,53.0,0.0,100.0,1.72,2.11,2.34,2.46,10.9,13.37,13.74,13.81,13.82,0.5,44.59,24.43,302.0,2024-06-10 14:56:30.591889
00:13:A2:00:42:37:AD:AD,7.0,13.0,3.2844,53.0,0.0,100.0,0.61,1.14,1.55,1.75,2.79,4.22,4.79,4.9,4.92,0.71,44.64,24.4,286.0,2024-06-10 15:56:15.662171
00:13:A2:00:42:37:AD:AD,7.0,15.0,3.2844,53.0,0.0,100.0,1.24,1.68,1.99,2.14,7.43,9.45,9.89,9.98,10.0,0.63,44.77,24.34,285.0,2024-06-10 16:56:15.750620
00:13:A2:00:42:37:AD:AD,7.0,16.0,3.2844,53.0,0.0,100.0,1.24,1.45,1.56,1.62,7.99,9.68,9.87,9.9,9.91,0.49,44.83,24.32,295.0,2024-06-10 17:26:15.797265
00:13:A2:00:42:37:AD:AD,7.0,17.0,3.2844,53.0,0.0,100.0,0.65,1.03,1.3,1.44,3.55,4.81,5.2,5.28,5.29,0.47,44.89,24.27,287.0,2024-06-10 17:56:15.839648
00:13:A2:00:42:37:AD:AD,7.0,18.0,3.2844,53.0,0.0,100.0,1.47,2.05,2.45,2.66,8.66,11.12,11.71,11.82,11.85,0.59,44.99,24.2,267.0,2024-06-10 18:26:15.886099
00:13:A2:00:42:37:AD:AD,7.0,19.0,3.2844,53.0,0.0,100.0,1.55,1.64,1.64,1.64,10.52,12.39,12.44,12.44,12.44,0.4,45.08,24.18,298.0,2024-06-10 18:56:15.946883
00:13:A2:00:42:37:AD:AD,7.0,20.0,3.2844,53.0,0.0,100.0,1.83,2.46,2.9,3.12,11.0,13.94,14.58,14.7,14.73,0.72,45.17,24.14,302.0,2024-06-10 19:26:15.976280
00:13:A2:00:42:37:AD:AD,7.0,21.0,3.2844,53.0,0.0,100.0,1.98,2.09,2.09,2.09,13.38,15.75,15.81,15.82,15.82,0.45,45.32,24.1,311.0,2024-06-10 19:56:31.032206
00:13:A2:00:42:37:AD:AD,7.0,22.0,3.2844,53.0,0.0,100.0,2.53,2.68,2.68,2.68,17.12,20.15,20.23,20.24,20.24,0.46,45.33,24.07,291.0,2024-06-10 20:26:16.082413
00:13:A2:00:42:37:AD:AD,7.0,23.0,3.2844,53.0,0.0,100.0,2.94,3.36,3.57,3.67,19.21,23.09,23.46,23.52,23.54,0.47,45.43,24.0,305.0,2024-06-10 20:56:16.123458
00:13:A2:00:42:37:AD:AD,7.0,24.0,3.2844,53.0,0.0,100.0,3.77,3.99,3.99,3.99,25.51,30.03,30.15,30.16,30.16,0.43,45.54,23.95,303.0,2024-06-10 21:26:16.158677
00:13:A2:00:42:37:AD:AD,7.0,25.0,3.2844,53.0,0.0,100.0,2.44,3.1,3.53,3.75,15.09,18.76,19.41,19.53,19.56,0.64,45.58,23.94,300.0,2024-06-10 21:56:16.195127
00:13:A2:00:42:37:AD:AD,7.0,44.0,3.2844,53.0,0.0,100.0,2.46,2.6,2.6,2.6,16.66,19.61,19.68,19.69,19.69,0.32,45.94,23.58,289.0,2024-06-11 07:26:17.038915
00:13:A2:00:42:37:AD:AD,7.0,45.0,3.2844,53.0,0.0,100.0,3.05,3.58,3.87,4.02,19.7,23.87,24.35,24.43,24.45,0.55,45.83,23.57,296.0,2024-06-11 07:56:17.081809
00:13:A2:00:42:37:AD:AD,7.0,46.0,3.2844,53.0,0.0,100.0,3.11,3.28,3.28,3.28,21.0,24.72,24.82,24.83,24.83,0.43,45.87,23.57,290.0,2024-06-11 08:26:17.127157
00:13:A2:00:42:37:AD:AD,7.0,47.0,3.2844,53.0,0.0,100.0,3.37,4.26,4.84,5.12,20.95,25.98,26.85,27.01,27.05,0.71,45.79,23.57,302.0,2024-06-11 08:56:17.150461
00:13:A2:00:42:37:AD:AD,7.0,48.0,3.2844,53.0,0.0,100.0,2.19,2.88,3.34,3.57,13.35,16.77,17.45,17.58,17.61,0.67,45.75,23.61,298.0,2024-06-11 09:26:17.220707
00:13:A2:00:42:37:AD:AD,7.0,49.0,3.2844,53.0,0.0,100.0,0.67,0.93,1.12,1.21,3.94,5.07,5.33,5.39,5.4,0.63,45.7,23.62,308.0,2024-06-11 09:56:17.258021
00:13:A2:00:42:37:AD:AD,7.0,50.0,3.2844,53.0,0.0,100.0,1.43,1.62,1.7,1.74,9.45,11.31,11.46,11.49,11.49,0.55,45.62,23.63,293.0,2024-06-11 10:26:17.305766
00:13:A2:00:42:37:AD:AD,7.0,51.0,3.2844,53.0,0.0,100.0,2.55,2.7,2.7,2.7,17.27,20.33,20.41,20.41,20.42,0.32,45.6,23.65,299.0,2024-06-11 10:56:32.337454
00:13:A2:00:42:37:AD:AD,7.0,52.0,3.2844,53.0,0.0,100.0,4.07,4.6,4.84,4.96,26.74,32.03,32.48,32.55,32.57,0.47,45.48,23.71,320.0,2024-06-11 11:26:17.392896
00:13:A2:00:42:37:AD:AD,7.0,53.0,3.2844,53.0,0.0,100.0,1.72,2.22,2.56,2.73,10.53,13.17,13.68,13.77,13.79,0.5,45.49,23.7,342.0,2024-06-11 11:56:17.428019
00:13:A2:00:42:37:AD:AD,7.0,54.0,3.2844,53.0,0.0,100.0,1.88,2.33,2.62,2.76,11.77,14.52,14.96,15.04,15.06,0.54,45.57,23.72,349.0,2024-06-11 12:26:17.478049
00:13:A2:00:42:37:AD:AD,7.0,55.0,3.2844,53.0,0.0,100.0,1.23,1.3,1.3,1.3,8.31,9.78,9.82,9.82,9.82,0.34,45.64,23.69,339.0,2024-06-11 12:56:17.509814
00:13:A2:00:42:37:AD:AD,7.0,56.0,3.2844,53.0,0.0,100.0,3.36,5.26,6.67,7.37,18.16,24.61,26.6,26.98,27.07,0.87,45.72,23.68,358.0,2024-06-11 13:26:17.579878
00:13:A2:00:42:37:AD:AD,7.0,57.0,3.2844,53.0,0.0,100.0,3.65,3.86,3.86,3.86,24.67,29.04,29.15,29.16,29.16,0.38,45.76,23.66,327.0,2024-06-11 13:56:17.613775
00:13:A2:00:42:37:AD:AD,7.0,58.0,3.2844,53.0,0.0,100.0,4.89,5.69,6.12,6.34,31.65,38.25,38.98,39.1,39.13,0.48,45.8,23.65,360.0,2024-06-11 14:26:17.648562
00:13:A2:00:42:37:AD:AD,7.0,59.0,3.2844,53.0,0.0,100.0,4.31,4.8,5.0,5.1,28.5,34.0,34.4,34.46,34.48,0.47,45.84,23.7,340.0,2024-06-11 14:56:17.681699
00:13:A2:00:42:37:AD:AD,7.0,60.0,3.2844,53.0,0.0,100.0,2.29,3.22,3.88,4.21,13.39,17.27,18.22,18.4,18.44,0.47,45.79,23.69,340.0,2024-06-11 15:26:17.747058
00:13:A2:00:42:37:AD:AD,7.0,61.0,3.2844,53.0,0.0,100.0,2.71,2.87,2.87,2.87,18.34,21.59,21.67,21.68,21.68,0.35,45.79,23.69,316.0,2024-06-11 15:56:32.780289
00:13:A2:00:42:37:AD:AD,7.0,62.0,3.2844,53.0,0.0,100.0,3.03,4.24,5.09,5.51,17.71,22.81,24.04,24.27,24.33,0.82,45.71,23.77,331.0,2024-06-11 16:26:17.833609
00:13:A2:00:42:37:AD:AD,7.0,63.0,3.2844,53.0,0.0,100.0,1.38,1.7,1.9,2.0,8.69,10.69,11.0,11.06,11.07,0.62,45.71,23.8,345.0,2024-06-11 16:56:17.855855
00:13:A2:00:42:37:AD:AD,7.0,64.0,3.2844,53.0,0.0,100.0,3.74,3.95,3.95,3.95,25.27,29.75,29.86,29.87,29.88,0.44,45.7,23.85,332.0,2024-06-11 17:26:17.910013
00:13:A2:00:42:37:AD:AD,7.0,65.0,3.2844,53.0,0.0,100.0,5.48,5.8,5.8,5.8,37.06,43.62,43.79,43.8,43.81,0.4,45.72,23.86,330.0,2024-06-11 17:56:17.952608
00:13:A2:00:42:37:AD:AD,7.0,66.0,3.2844,53.0,0.0,100.0,3.96,4.19,4.19,4.19,26.78,31.53,31.65,31.66,31.66,0.41,45.77,23.93,316.0,2024-06-11 18:26:18.010831
00:13:A2:00:42:37:AD:AD,7.0,67.0,3.2844,53.0,0.0,100.0,4.29,5.26,5.87,6.17,27.04,33.22,34.15,34.32,34.36,0.56,45.71,24.0,319.0,2024-06-11 18:56:18.109253
00:13:A2:00:42:37:AD:AD,7.0,68.0,3.2844,53.0,0.0,100.0,2.87,3.04,3.04,3.04,19.41,22.85,22.94,22.95,22.95,0.41,45.68,24.05,315.0,2024-06-11 19:26:18.075676
00:13:A2:00:42:37:AD:AD,7.0,69.0,3.2844,53.0,0.0,100.0,3.98,4.41,4.57,4.65,26.4,31.46,31.79,31.84,31.86,0.47,45.59,24.04,326.0,2024-06-11 19:56:18.136101
00:13:A2:00:42:37:AD:AD,7.0,70.0,3.2844,53.0,0.0,100.0,6.21,7.05,7.46,7.66,40.64,48.77,49.5,49.62,49.65,0.59,45.68,23.99,334.0,2024-06-11 20:26:18.204223
00:13:A2:00:42:37:AD:AD,7.0,71.0,3.2844,53.0,0.0,100.0,3.84,5.37,6.45,6.99,22.42,28.88,30.44,30.74,30.81,0.82,45.87,23.84,313.0,2024-06-11 20:56:33.218202
00:13:A2:00:42:37:AD:AD,7.0,72.0,3.2844,53.0,0.0,100.0,2.87,3.42,3.73,3.89,18.42,22.41,22.91,23.0,23.02,0.58,45.92,23.81,349.0,2024-06-11 21:26:18.267321
00:13:A2:00:42:37:AD:AD,7.0,73.0,3.2844,53.0,0.0,100.0,3.7,3.91,3.91,3.91,25.02,29.46,29.57,29.58,29.58,0.38,46.05,23.73,315.0,2024-06-11 21:56:18.298241
00:13:A2:00:42:37:AD:AD,7.0,92.0,3.2844,53.0,0.0,100.0,5.49,6.26,6.64,6.83,35.84,43.07,43.74,43.85,43.88,0.53,46.66,23.29,336.0,2024-06-12 07:26:19.146405
00:13:A2:00:42:37:AD:AD,7.0,93.0,3.2844,53.0,0.0,100.0,2.69,2.84,2.84,2.84,18.19,21.41,21.49,21.5,21.5,0.38,46.61,23.27,354.0,2024-06-12 07:56:19.179842
00:13:A2:00:42:37:AD:AD,7.0,94.0,3.2844,53.0,0.0,100.0,2.16,2.29,2.29,2.29,14.64,17.24,17.31,17.31,17.31,0.38,46.55,23.28,350.0,2024-06-12 08:26:19.219960
00:13:A2:00:42:37:AD:AD,7.0,95.0,3.2844,53.0,0.0,100.0,3.81,4.03,4.03,4.03,25.75,30.31,30.42,30.43,30.44,0.41,46.52,23.32,346.0,2024-06-12 08:56:19.266647
00:13:A2:00:42:37:AD:AD,7.0,96.0,3.2844,53.0,0.0,100.0,3.16,3.34,3.34,3.34,21.39,25.18,25.28,25.28,25.29,0.43,46.5,23.34,322.0,2024-06-12 09:26:19.316023
00:13:A2:00:42:37:AD:AD,7.0,97.0,3.2844,53.0,0.0,100.0,1.52,1.74,1.84,1.9,9.93,11.94,12.13,12.16,12.17,0.5,46.42,23.39,340.0,2024-06-12 09:56:19.356155
00:13:A2:00:42:37:AD:AD,7.0,98.0,3.2844,53.0,0.0,100.0,1.39,1.47,1.47,1.47,9.41,11.08,11.12,11.12,11.13,0.36,46.34,23.41,347.0,2024-06-12 10:26:19.405416
00:13:A2:00:42:37:AD:AD,7.0,99.0,3.2844,53.0,0.0,100.0,3.15,3.33,3.33,3.33,21.27,25.05,25.14,25.15,25.15,0.45,46.27,23.47,368.0,2024-06-12 10:56:19.449348
00:13:A2:00:42:37:AD:AD,7.0,100.0,3.2844,53.0,0.0,100.0,1.47,1.72,1.86,1.93,9.52,11.52,11.75,11.79,11.8,0.62,46.24,23.49,337.0,2024-06-12 11:26:19.487545
00:13:A2:00:42:37:AD:AD,7.0,101.0,3.2844,53.0,0.0,100.0,5.03,6.06,6.67,6.97,31.99,39.07,40.04,40.21,40.25,0.6,46.17,23.5,336.0,2024-06-12 11:56:34.536352
00:13:A2:00:42:37:AD:AD,7.0,102.0,3.2844,53.0,0.0,100.0,3.23,3.42,3.42,3.42,21.86,25.73,25.83,25.83,25.84,0.33,46.09,23.55,337.0,2024-06-12 12:26:19.572402
00:13:A2:00:42:37:AD:AD,7.0,103.0,3.2844,53.0,0.0,100.0,4.32,4.57,4.57,4.57,29.2,34.37,34.51,34.51,34.52,0.42,46.05,23.57,332.0,2024-06-12 12:56:19.624491
00:13:A2:00:42:37:AD:AD,7.0,104.0,3.2844,53.0,0.0,100.0,3.06,3.23,3.23,3.23,20.68,24.35,24.44,24.45,24.45,0.47,45.97,23.61,332.0,2024-06-12 13:26:19.682214
00:13:A2:00:42:37:AD:AD,7.0,105.0,3.2844,53.0,0.0,100.0,1.4,1.72,1.91,2.01,8.87,10.89,11.19,11.25,11.26,0.6,45.9,23.63,350.0,2024-06-12 13:56:19.710655
00:13:A2:00:42:37:AD:AD,7.0,106.0,3.2844,53.0,0.0,100.0,3.26,3.45,3.45,3.45,22.03,25.94,26.03,26.04,26.05,0.36,45.91,23.65,329.0,2024-06-12 14:26:19.752278
00:13:A2:00:42:37:AD:AD,7.0,107.0,3.2844,53.0,0.0,100.0,3.2,3.71,3.98,4.11,20.76,25.05,25.51,25.59,25.61,0.48,45.89,23.64,347.0,2024-06-12 14:56:19.807804
00:13:A2:00:42:37:AD:AD,7.0,108.0,3.2844,53.0,0.0,100.0,3.17,3.35,3.35,3.35,21.43,25.23,25.33,25.33,25.34,0.4,45.9,23.66,298.0,2024-06-12 15:26:19.917681
00:13:A2:00:42:37:AD:AD,7.0,109.0,3.2844,53.0,0.0,100.0,3.7,4.67,5.29,5.6,22.99,28.5,29.45,29.62,29.66,0.64,45.89,23.66,330.0,2024-06-12 15:56:19.880243
00:13:A2:00:42:37:AD:AD,7.0,110.0,3.2844,53.0,0.0,100.0,3.73,4.57,5.09,5.35,23.51,28.87,29.67,29.82,29.86,0.63,45.9,23.67,337.0,2024-06-12 16:26:19.926494
00:13:A2:00:42:37:AD:AD,7.0,111.0,3.2844,53.0,0.0,100.0,8.31,8.79,8.79,8.79,56.16,66.11,66.36,66.38,66.39,0.44,45.91,23.75,329.0,2024-06-12 16:56:34.973664
00:13:A2:00:42:37:AD:AD,7.0,112.0,3.2844,53.0,0.0,100.0,7.19,7.6,7.6,7.6,48.56,57.16,57.38,57.4,57.41,0.39,45.8,23.83,319.0,2024-06-12 17:26:20.028251
00:13:A2:00:42:37:AD:AD,7.0,113.0,3.2844,53.0,0.0,100.0,4.4,5.59,6.37,6.75,27.26,33.87,35.03,35.25,35.3,0.71,45.75,23.88,298.0,2024-06-12 17:56:20.058749
00:13:A2:00:42:37:AD:AD,7.0,114.0,3.2844,53.0,0.0,100.0,3.21,3.39,3.39,3.39,21.71,25.55,25.65,25.66,25.66,0.39,45.72,23.88,301.0,2024-06-12 18:26:20.107037
00:13:A2:00:42:37:AD:AD,7.0,115.0,3.2844,53.0,0.0,100.0,8.29,8.76,8.76,8.76,55.99,65.92,66.17,66.19,66.2,0.37,45.83,23.85,300.0,2024-06-12 18:56:20.158981
00:13:A2:00:42:37:AD:AD,7.0,116.0,3.2844,53.0,0.0,100.0,3.84,4.6,5.04,5.26,24.55,29.91,30.62,30.74,30.77,0.58,45.9,23.76,307.0,2024-06-12 19:26:20.196566
00:13:A2:00:42:37:AD:AD,7.0,117.0,3.2844,53.0,0.0,100.0,7.12,9.15,10.48,11.15,43.76,54.59,56.59,56.97,57.05,0.68,46.01,23.69,311.0,2024-06-12 19:56:20.225877
00:13:A2:00:42:37:AD:AD,7.0,118.0,3.2844,53.0,0.0,100.0,5.06,5.62,5.85,5.96,33.46,39.91,40.37,40.44,40.46,0.58,46.12,23.63,316.0,2024-06-12 20:26:20.273879
00:13:A2:00:42:37:AD:AD,7.0,119.0,3.2844,53.0,0.0,100.0,4.38,4.76,4.87,4.93,29.24,34.67,34.95,34.99,35.0,0.48,46.28,23.57,299.0,2024-06-12 20:56:20.318621
00:13:A2:00:42:37:AD:AD,7.0,120.0,3.2844,53.0,0.0,100.0,4.51,4.77,4.77,4.77,30.46,35.86,36.0,36.01,36.01,0.43,46.42,23.5,300.0,2024-06-12 21:26:20.369300
00:13:A2:00:42:37:AD:AD,7.0,121.0,3.2844,53.0,0.0,100.0,4.4,4.65,4.65,4.65,29.74,35.01,35.14,35.15,35.16,0.45,46.61,23.46,304.0,2024-06-12 21:56:35.414894
00:13:A2:00:42:37:AD:AD,7.0,140.0,3.2844,53.0,0.0,100.0,3.08,3.48,3.66,3.76,20.2,24.21,24.55,24.61,24.62,0.54,47.01,23.06,315.0,2024-06-13 07:26:21.345144
00:13:A2:00:42:37:AD:AD,7.0,141.0,3.2844,53.0,0.0,100.0,1.97,2.36,2.59,2.71,12.61,15.37,15.73,15.8,15.82,0.48,46.86,23.06,325.0,2024-06-13 07:56:36.278568
00:13:A2:00:42:37:AD:AD,7.0,142.0,3.2844,53.0,0.0,100.0,3.65,4.13,4.35,4.47,23.91,28.67,29.08,29.15,29.17,0.5,46.68,23.1,335.0,2024-06-13 08:26:21.334203
00:13:A2:00:42:37:AD:AD,7.0,143.0,3.2844,53.0,0.0,100.0,1.47,2.03,2.42,2.61,8.67,11.11,11.68,11.79,11.81,0.69,46.59,23.14,334.0,2024-06-13 08:56:21.371854
00:13:A2:00:42:37:AD:AD,7.0,144.0,3.2844,53.0,0.0,100.0,1.9,2.38,2.69,2.84,11.85,14.66,15.13,15.21,15.23,0.53,46.54,23.14,309.0,2024-06-13 09:26:21.414597
00:13:A2:00:42:37:AD:AD,7.0,145.0,3.2844,53.0,0.0,100.0,0.79,0.83,0.83,0.83,5.35,6.29,6.32,6.32,6.32,0.4,46.43,23.15,323.0,2024-06-13 09:56:21.449110
00:13:A2:00:42:37:AD:AD,7.0,146.0,3.2844,53.0,0.0,100.0,2.62,3.43,3.97,4.25,15.92,19.99,20.8,20.96,20.99,0.68,46.36,23.18,301.0,2024-06-13 10:26:21.501331
00:13:A2:00:42:37:AD:AD,7.0,147.0,3.2844,53.0,0.0,100.0,2.43,3.01,3.37,3.55,15.3,18.83,19.39,19.49,19.52,0.56,46.25,23.23,300.0,2024-06-13 10:56:21.552805
00:13:A2:00:42:37:AD:AD,7.0,148.0,3.2844,53.0,0.0,100.0,1.08,1.15,1.15,1.15,7.35,8.66,8.69,8.69,8.69,0.42,46.18,23.24,301.0,2024-06-13 11:26:21.592711
00:13:A2:00:42:37:AD:AD,7.0,149.0,3.2844,53.0,0.0,100.0,3.28,5.83,7.78,8.75,15.86,23.15,25.86,26.39,26.5,0.96,46.11,23.29,305.0,2024-06-13 11:56:21.632002
00:13:A2:00:42:37:AD:AD,7.0,150.0,3.2844,53.0,0.0,100.0,1.43,1.7,1.85,1.92,9.22,11.19,11.44,11.48,11.49,0.49,46.01,23.3,311.0,2024-06-13 12:26:21.688898
00:13:A2:00:42:37:AD:AD,7.0,151.0,3.2844,53.0,0.0,100.0,2.03,2.15,2.15,2.15,13.73,16.17,16.23,16.23,16.24,0.44,45.9,23.34,305.0,2024-06-13 12:56:36.723974
00:13:A2:00:42:37:AD:AD,7.0,152.0,3.2844,53.0,0.0,100.0,1.89,2.6,3.1,3.34,11.16,14.28,15.01,15.14,15.17,0.66,45.79,23.39,296.0,2024-06-13 13:26:21.783357
00:13:A2:00:42:37:AD:AD,7.0,153.0,3.2844,53.0,0.0,100.0,1.22,2.31,3.14,3.56,5.55,8.46,9.62,9.85,9.9,0.73,45.72,23.42,296.0,2024-06-13 13:56:21.827532
00:13:A2:00:42:37:AD:AD,7.0,154.0,3.2844,53.0,0.0,100.0,2.46,2.6,2.6,2.6,16.63,19.58,19.65,19.66,19.66,0.42,45.65,23.43,305.0,2024-06-13 14:26:21.865629
00:13:A2:00:42:37:AD:AD,7.0,155.0,3.2844,53.0,0.0,100.0,2.03,2.15,2.15,2.15,13.76,16.19,16.26,16.26,16.26,0.42,45.6,23.45,315.0,2024-06-13 14:56:21.908262
00:13:A2:00:42:37:AD:AD,7.0,156.0,3.2844,53.0,0.0,100.0,1.37,2.03,2.51,2.74,7.7,10.17,10.85,10.99,11.01,0.68,45.51,23.49,313.0,2024-06-13 15:26:21.953578
00:13:A2:00:42:37:AD:AD,7.0,157.0,3.2844,53.0,0.0,100.0,1.91,2.02,2.02,2.02,12.94,15.24,15.29,15.3,15.3,0.46,45.42,23.54,294.0,2024-06-13 15:56:21.998725
00:13:A2:00:42:37:AD:AD,7.0,158.0,3.2844,53.0,0.0,100.0,3.12,3.3,3.3,3.3,21.13,24.87,24.97,24.97,24.98,0.42,45.35,23.61,304.0,2024-06-13 16:26:22.042425
00:13:A2:00:42:37:AD:AD,7.0,159.0,3.2844,53.0,0.0,100.0,3.07,3.59,3.88,4.03,19.8,23.97,24.45,24.54,24.56,0.51,45.21,23.69,299.0,2024-06-13 16:56:22.077765
00:13:A2:00:42:37:AD:AD,7.0,160.0,3.2844,53.0,0.0,100.0,2.49,2.63,2.63,2.63,16.82,19.8,19.88,19.89,19.89,0.35,45.08,23.76,301.0,2024-06-13 17:26:22.198175
00:13:A2:00:42:37:AD:AD,7.0,161.0,3.2844,53.0,0.0,100.0,2.45,2.98,3.29,3.45,15.57,19.06,19.56,19.65,19.67,0.65,44.93,23.75,301.0,2024-06-13 17:56:37.161286
00:13:A2:00:42:37:AD:AD,7.0,162.0,3.2844,53.0,0.0,100.0,1.54,1.63,1.63,1.63,10.45,12.3,12.34,12.35,12.35,0.33,44.96,23.75,295.0,2024-06-13 18:26:22.209135
00:13:A2:00:42:37:AD:AD,7.0,163.0,3.2844,53.0,0.0,100.0,1.42,1.5,1.5,1.5,9.61,11.31,11.36,11.36,11.36,0.39,45.14,23.66,320.0,2024-06-13 18:56:22.267013
00:13:A2:00:42:37:AD:AD,7.0,164.0,3.2844,53.0,0.0,100.0,2.01,2.13,2.13,2.13,13.61,16.02,16.08,16.09,16.09,0.44,45.37,23.64,308.0,2024-06-13 19:26:22.307840
00:13:A2:00:42:37:AD:AD,7.0,165.0,3.2844,53.0,0.0,100.0,2.51,2.65,2.65,2.65,16.97,19.98,20.05,20.06,20.06,0.44,45.48,23.59,314.0,2024-06-13 19:56:22.346810
00:13:A2:00:42:37:AD:AD,7.0,166.0,3.2844,53.0,0.0,100.0,1.96,2.08,2.08,2.08,13.29,15.64,15.7,15.7,15.71,0.43,45.6,23.52,299.0,2024-06-13 20:26:22.389943
00:13:A2:00:42:37:AD:AD,7.0,167.0,3.2844,53.0,0.0,100.0,2.54,2.69,2.69,2.69,17.19,20.23,20.31,20.31,20.32,0.4,45.74,23.47,287.0,2024-06-13 20:56:22.434252
00:13:A2:00:42:37:AD:AD,7.0,168.0,3.2844,53.0,0.0,100.0,3.31,3.5,3.5,3.5,22.35,26.31,26.41,26.42,26.42,0.34,45.86,23.42,306.0,2024-06-13 21:26:22.484884
00:13:A2:00:42:37:AD:AD,7.0,169.0,3.2844,53.0,0.0,100.0,2.61,2.76,2.76,2.76,17.68,20.82,20.9,20.9,20.91,0.4,46.07,23.36,312.0,2024-06-13 21:56:22.518067
00:13:A2:00:42:37:AD:AD,7.0,188.0,3.2844,53.0,0.0,100.0,4.16,5.43,6.28,6.7,25.39,31.84,33.11,33.34,33.4,0.69,48.13,23.21,330.0,2024-06-14 07:26:23.356214
00:13:A2:00:42:37:AD:AD,7.0,189.0,3.2844,53.0,0.0,100.0,3.61,4.52,5.1,5.39,22.53,27.86,28.74,28.91,28.94,0.53,48.11,23.22,318.0,2024-06-14 07:56:23.408525
00:13:A2:00:42:37:AD:AD,7.0,190.0,3.2844,53.0,0.0,100.0,5.11,6.93,8.19,8.83,30.42,38.71,40.56,40.91,40.99,0.63,48.09,23.23,336.0,2024-06-14 08:26:23.456665
00:13:A2:00:42:37:AD:AD,7.0,191.0,3.2844,53.0,0.0,100.0,2.01,2.12,2.12,2.12,13.57,15.98,16.04,16.04,16.05,0.43,48.11,23.23,320.0,2024-06-14 08:56:38.498701
00:13:A2:00:42:37:AD:AD,7.0,192.0,3.2844,53.0,0.0,100.0,4.23,4.47,4.47,4.47,28.59,33.66,33.79,33.8,33.81,0.35,48.08,23.28,305.0,2024-06-14 09:26:23.526088
00:13:A2:00:42:37:AD:AD,7.0,193.0,3.2844,53.0,0.0,100.0,2.51,3.25,3.75,4.0,15.35,19.21,19.95,20.09,20.12,0.67,48.18,23.28,312.0,2024-06-14 09:56:23.566636
00:13:A2:00:42:37:AD:AD,7.0,194.0,3.2844,53.0,0.0,100.0,1.96,2.27,2.43,2.52,12.7,15.33,15.61,15.66,15.68,0.49,48.29,23.3,316.0,2024-06-14 10:26:23.617599
00:13:A2:00:42:37:AD:AD,7.0,195.0,3.2844,53.0,0.0,100.0,3.0,3.17,3.17,3.17,20.26,23.85,23.94,23.95,23.95,0.4,48.46,23.33,296.0,2024-06-14 10:56:23.670661
00:13:A2:00:42:37:AD:AD,7.0,196.0,3.2844,53.0,0.0,100.0,2.49,2.63,2.63,2.63,16.83,19.81,19.89,19.89,19.89,0.38,48.56,23.34,293.0,2024-06-14 11:26:23.714116
00:13:A2:00:42:37:AD:AD,7.0,197.0,3.2844,53.0,0.0,100.0,1.44,1.68,1.82,1.89,9.28,11.24,11.47,11.51,11.52,0.57,48.65,23.38,280.0,2024-06-14 11:56:23.760590
00:13:A2:00:42:37:AD:AD,7.0,198.0,3.2844,53.0,0.0,100.0,1.1,1.17,1.17,1.17,7.47,8.8,8.83,8.83,8.83,0.45,48.6,23.44,305.0,2024-06-14 12:26:23.801797
00:13:A2:00:42:37:AD:AD,7.0,199.0,3.2844,53.0,0.0,100.0,2.65,3.09,3.33,3.45,17.14,20.72,21.13,21.19,21.21,0.5,48.7,23.48,290.0,2024-06-14 12:56:23.843887
00:13:A2:00:42:37:AD:AD,7.0,200.0,3.2844,53.0,0.0,100.0,5.79,7.59,8.8,9.41,35.15,44.17,45.97,46.31,46.38,0.68,48.87,23.5,300.0,2024-06-14 13:26:23.877809
00:13:A2:00:42:37:AD:AD,7.0,201.0,3.2844,53.0,0.0,100.0,4.73,5.26,5.47,5.58,31.31,37.35,37.77,37.84,37.86,0.49,48.97,23.55,275.0,2024-06-14 13:56:38.937712
00:13:A2:00:42:37:AD:AD,7.0,202.0,3.2844,53.0,0.0,100.0,4.39,4.64,4.64,4.64,29.67,34.93,35.07,35.07,35.08,0.42,48.79,23.6,293.0,2024-06-14 14:26:23.972436
00:13:A2:00:42:37:AD:AD,7.0,203.0,3.2844,53.0,0.0,100.0,3.1,3.28,3.28,3.28,20.98,24.69,24.79,24.79,24.8,0.45,48.72,23.59,320.0,2024-06-14 14:56:24.020613
00:13:A2:00:42:37:AD:AD,7.0,204.0,3.2844,53.0,0.0,100.0,3.04,3.21,3.21,3.21,20.53,24.17,24.26,24.27,24.27,0.44,48.6,23.62,287.0,2024-06-14 15:26:24.065808
00:13:A2:00:42:37:AD:AD,7.0,205.0,3.2844,53.0,0.0,100.0,1.46,1.67,1.77,1.83,9.51,11.44,11.63,11.66,11.67,0.49,48.46,23.64,288.0,2024-06-14 15:56:24.105980
00:13:A2:00:42:37:AD:AD,7.0,206.0,3.2844,53.0,0.0,100.0,2.01,2.38,2.6,2.7,12.93,15.71,16.05,16.11,16.13,0.56,48.23,23.67,287.0,2024-06-14 16:26:24.154173
00:13:A2:00:42:37:AD:AD,7.0,207.0,3.2844,53.0,0.0,100.0,2.55,3.0,3.25,3.38,16.47,19.96,20.37,20.44,20.46,0.54,48.17,23.73,297.0,2024-06-14 16:56:24.181455
00:13:A2:00:42:37:AD:AD,7.0,208.0,3.2844,53.0,0.0,100.0,3.08,3.26,3.26,3.26,20.86,24.55,24.65,24.65,24.66,0.34,48.13,23.8,295.0,2024-06-14 17:26:24.241992
00:13:A2:00:42:37:AD:AD,7.0,209.0,3.2844,53.0,0.0,100.0,2.37,2.96,3.33,3.51,14.82,18.31,18.88,18.98,19.01,0.63,48.08,23.86,276.0,2024-06-14 17:56:24.376593
00:13:A2:00:42:37:AD:AD,7.0,210.0,3.2844,53.0,0.0,100.0,4.96,5.25,5.25,5.25,33.54,39.48,39.63,39.64,39.65,0.39,48.08,23.96,284.0,2024-06-14 18:26:24.326559
00:13:A2:00:42:37:AD:AD,7.0,211.0,3.2844,53.0,0.0,100.0,3.8,4.02,4.02,4.02,25.68,30.23,30.35,30.35,30.36,0.34,48.11,24.03,298.0,2024-06-14 18:56:39.361872
00:13:A2:00:42:37:AD:AD,7.0,212.0,3.2844,53.0,0.0,100.0,3.76,3.97,3.97,3.97,25.41,29.92,30.03,30.04,30.04,0.34,48.02,24.04,298.0,2024-06-14 19:26:24.402725
00:13:A2:00:42:37:AD:AD,7.0,213.0,3.2844,53.0,0.0,100.0,1.95,3.13,4.02,4.46,10.29,14.15,15.39,15.64,15.69,0.89,47.61,24.43,274.0,2024-06-14 19:56:24.459247
00:13:A2:00:42:37:AD:AD,7.0,214.0,3.2844,53.0,0.0,100.0,1.81,1.92,1.92,1.92,12.27,14.45,14.51,14.51,14.51,0.41,47.11,24.52,285.0,2024-06-14 20:26:24.520362
00:13:A2:00:42:37:AD:AD,7.0,215.0,3.2844,53.0,0.0,100.0,3.78,4.6,5.1,5.35,23.96,29.34,30.13,30.27,30.3,0.59,47.18,24.33,281.0,2024-06-14 20:56:24.536549
00:13:A2:00:42:37:AD:AD,7.0,216.0,3.2844,53.0,0.0,100.0,5.35,5.66,5.66,5.66,36.16,42.56,42.73,42.74,42.75,0.34,47.4,24.1,295.0,2024-06-14 21:26:24.589450
00:13:A2:00:42:37:AD:AD,7.0,217.0,3.2844,53.0,0.0,100.0,2.26,3.0,3.51,3.76,13.62,17.2,17.95,18.09,18.12,0.7,47.59,23.95,298.0,2024-06-14 21:56:24.625141
00:13:A2:00:42:37:AD:AD,7.0,236.0,3.2844,53.0,0.0,100.0,1.31,1.56,1.71,1.78,8.41,10.24,10.47,10.52,10.53,0.5,48.06,23.2,311.0,2024-06-15 07:26:25.468403
00:13:A2:00:42:37:AD:AD,7.0,237.0,3.2844,53.0,0.0,100.0,1.39,1.81,2.09,2.23,8.5,10.66,11.08,11.15,11.17,0.62,47.97,23.24,298.0,2024-06-15 07:56:25.528986
00:13:A2:00:42:37:AD:AD,7.0,238.0,3.2844,53.0,0.0,100.0,1.38,1.65,1.81,1.89,8.87,10.8,11.05,11.1,11.11,0.59,47.91,23.25,298.0,2024-06-15 08:26:25.570069
00:13:A2:00:42:37:AD:AD,7.0,239.0,3.2844,53.0,0.0,100.0,3.57,4.28,4.7,4.9,22.79,27.79,28.45,28.57,28.6,0.6,47.75,23.25,310.0,2024-06-15 08:56:25.607663
00:13:A2:00:42:37:AD:AD,7.0,240.0,3.2844,53.0,0.0,100.0,2.31,3.17,3.77,4.07,13.7,17.51,18.38,18.54,18.58,0.67,47.51,23.25,307.0,2024-06-15 09:26:25.639326
00:13:A2:00:42:37:AD:AD,7.0,241.0,3.2844,53.0,0.0,100.0,0.81,1.06,1.23,1.31,4.97,6.24,6.49,6.54,6.55,0.54,47.1,23.32,304.0,2024-06-15 09:56:40.697184
00:13:A2:00:42:37:AD:AD,7.0,242.0,3.2844,53.0,0.0,100.0,2.3,3.03,3.53,3.78,13.93,17.55,18.29,18.42,18.46,0.51,46.72,23.36,303.0,2024-06-15 10:26:25.727389
00:13:A2:00:42:37:AD:AD,7.0,243.0,3.2844,53.0,0.0,100.0,2.47,2.62,2.62,2.62,16.74,19.71,19.78,19.79,19.79,0.41,46.28,23.38,303.0,2024-06-15 10:56:25.772950
00:13:A2:00:42:37:AD:AD,7.0,244.0,3.2844,53.0,0.0,100.0,5.81,6.15,6.15,6.15,39.28,46.24,46.42,46.43,46.44,0.36,45.76,23.42,309.0,2024-06-15 11:26:25.851199
00:13:A2:00:42:37:AD:AD,7.0,245.0,3.2844,53.0,0.0,100.0,2.0,2.5,2.81,2.97,12.53,15.48,15.96,16.05,16.07,0.71,45.2,23.42,274.0,2024-06-15 11:56:25.863962
00:13:A2:00:42:37:AD:AD,7.0,246.0,3.2844,53.0,0.0,100.0,3.15,3.66,3.92,4.06,20.43,24.67,25.12,25.2,25.22,0.62,44.68,23.43,302.0,2024-06-15 12:26:25.913061
00:13:A2:00:42:37:AD:AD,7.0,247.0,3.2844,53.0,0.0,100.0,4.26,4.99,5.39,5.59,27.49,33.29,33.95,34.07,34.1,0.48,44.11,23.46,292.0,2024-06-15 12:56:25.950154
00:13:A2:00:42:37:AD:AD,7.0,248.0,3.2844,53.0,0.0,100.0,3.11,3.28,3.28,3.28,21.01,24.73,24.82,24.83,24.84,0.42,43.64,23.47,298.0,2024-06-15 13:26:25.988699
00:13:A2:00:42:37:AD:AD,7.0,249.0,3.2844,53.0,0.0,100.0,2.3,4.07,5.43,6.11,11.14,16.23,18.12,18.49,18.57,1.0,43.08,23.52,291.0,2024-06-15 13:56:26.031375
00:13:A2:00:42:37:AD:AD,7.0,250.0,3.2844,53.0,0.0,100.0,1.84,1.95,1.95,1.95,12.47,14.68,14.73,14.74,14.74,0.43,42.61,23.53,287.0,2024-06-15 14:26:26.091418
00:13:A2:00:42:37:AD:AD,7.0,251.0,3.2844,53.0,0.0,100.0,2.45,2.59,2.59,2.59,16.55,19.48,19.56,19.56,19.57,0.36,41.9,23.54,296.0,2024-06-15 14:56:41.126646
00:13:A2:00:42:37:AD:AD,7.0,252.0,3.2844,53.0,0.0,100.0,1.91,2.02,2.02,2.02,12.94,15.23,15.29,15.3,15.3,0.46,41.72,23.57,291.0,2024-06-15 15:26:26.188880
00:13:A2:00:42:37:AD:AD,7.0,253.0,3.2844,53.0,0.0,100.0,1.98,2.09,2.09,2.09,13.37,15.74,15.8,15.8,15.81,0.44,41.42,23.58,263.0,2024-06-15 15:56:26.213711
00:13:A2:00:42:37:AD:AD,7.0,254.0,3.2844,53.0,0.0,100.0,1.12,1.18,1.18,1.18,7.58,8.93,8.96,8.96,8.97,0.37,41.02,23.61,297.0,2024-06-15 16:26:26.260912
00:13:A2:00:42:37:AD:AD,7.0,255.0,3.2844,53.0,0.0,100.0,1.86,1.97,1.97,1.97,12.6,14.83,14.89,14.89,14.89,0.44,40.46,23.65,272.0,2024-06-15 16:56:26.300474
00:13:A2:00:42:37:AD:AD,7.0,1.0,3.2844,53.0,0.0,100.0,1.71,2.44,2.96,3.21,9.91,12.86,13.6,13.75,13.78,0.59,40.01,23.75,277.0,2024-06-15 17:26:26.359733
00:13:A2:00:42:37:AD:AD,7.0,2.0,3.2844,53.0,0.0,100.0,2.08,2.79,3.28,3.53,12.45,15.79,16.51,16.65,16.68,0.58,39.43,23.86,273.0,2024-06-15 17:56:26.381674
00:13:A2:00:42:37:AD:AD,7.0,3.0,3.2844,53.0,0.0,100.0,2.94,3.54,3.9,4.08,18.7,22.84,23.41,23.51,23.54,0.53,38.87,24.03,275.0,2024-06-15 18:26:26.464766
00:13:A2:00:42:37:AD:AD,7.0,4.0,3.2844,53.0,0.0,100.0,0.66,0.87,1.01,1.08,4.06,5.1,5.31,5.35,5.36,0.66,38.49,24.2,278.0,2024-06-15 18:56:26.477901
00:13:A2:00:42:37:AD:AD,7.0,5.0,3.2844,53.0,0.0,100.0,0.85,0.9,0.9,0.9,5.8,6.83,6.85,6.85,6.86,0.31,38.18,24.44,274.0,2024-06-15 19:26:26.514521
00:13:A2:00:42:37:AD:AD,7.0,6.0,3.2844,53.0,0.0,100.0,2.92,3.08,3.08,3.08,19.72,23.22,23.3,23.31,23.32,0.36,37.43,25.04,268.0,2024-06-15 19:56:41.566450
00:13:A2:00:42:37:AD:AD,7.0,7.0,3.2844,53.0,0.0,100.0,2.48,2.62,2.62,2.62,16.75,19.72,19.79,19.8,19.8,0.44,37.37,25.14,274.0,2024-06-15 20:26:26.595526
00:13:A2:00:42:37:AD:AD,7.0,8.0,3.2844,53.0,0.0,100.0,2.39,2.76,2.94,3.04,15.6,18.79,19.11,19.16,19.18,0.54,37.53,24.89,293.0,2024-06-15 20:56:26.647225
00:13:A2:00:42:37:AD:AD,7.0,9.0,3.2844,53.0,0.0,100.0,1.39,1.61,1.73,1.78,9.06,10.93,11.12,11.16,11.17,0.6,37.85,24.61,299.0,2024-06-15 21:26:26.688245
00:13:A2:00:42:37:AD:AD,7.0,10.0,3.2844,53.0,0.0,100.0,1.92,2.03,2.03,2.03,13.01,15.32,15.38,15.38,15.39,0.36,38.21,24.36,297.0,2024-06-15 21:56:26.738786
00:13:A2:00:42:37:AD:AD,7.0,39.0,3.2844,53.0,0.0,100.0,2.37,2.83,3.1,3.23,15.15,18.45,18.88,18.96,18.98,0.56,39.36,23.56,329.0,2024-06-16 12:26:28.034007
00:13:A2:00:42:37:AD:AD,7.0,40.0,3.2844,53.0,0.0,100.0,0.66,0.83,0.94,0.99,4.16,5.14,5.31,5.34,5.34,0.57,39.2,23.58,333.0,2024-06-16 12:56:28.057348
00:13:A2:00:42:37:AD:AD,7.0,41.0,3.2844,53.0,0.0,100.0,1.7,2.64,3.33,3.68,9.29,12.53,13.5,13.69,13.74,0.83,38.94,23.64,320.0,2024-06-16 13:26:28.087547
00:13:A2:00:42:37:AD:AD,7.0,42.0,3.2844,53.0,0.0,100.0,1.74,2.58,3.2,3.51,9.76,12.9,13.78,13.95,13.99,0.7,38.79,23.64,298.0,2024-06-16 13:56:28.139250
00:13:A2:00:42:37:AD:AD,7.0,43.0,3.2844,53.0,0.0,100.0,2.31,2.44,2.44,2.44,15.61,18.38,18.45,18.45,18.45,0.37,38.7,23.68,298.0,2024-06-16 14:26:28.182072
00:13:A2:00:42:37:AD:AD,7.0,44.0,3.2844,53.0,0.0,100.0,1.19,1.64,1.95,2.11,7.07,9.04,9.49,9.58,9.6,0.72,38.6,23.71,312.0,2024-06-16 14:56:28.227986
00:13:A2:00:42:37:AD:AD,7.0,45.0,3.2844,53.0,0.0,100.0,1.82,1.93,1.93,1.93,12.35,14.54,14.6,14.6,14.6,0.36,38.46,23.72,302.0,2024-06-16 15:26:28.272749
00:13:A2:00:42:37:AD:AD,7.0,46.0,3.2844,53.0,0.0,100.0,3.11,3.96,4.52,4.79,19.23,23.92,24.75,24.91,24.95,0.64,38.35,23.8,301.0,2024-06-16 15:56:43.328684
00:13:A2:00:42:37:AD:AD,7.0,47.0,3.2844,53.0,0.0,100.0,0.66,0.9,1.06,1.15,3.97,5.05,5.29,5.34,5.35,0.68,38.34,23.88,316.0,2024-06-16 16:26:28.368373
00:13:A2:00:42:37:AD:AD,7.0,48.0,3.2844,53.0,0.0,100.0,3.42,3.62,3.62,3.62,23.15,27.26,27.36,27.37,27.37,0.39,38.32,23.95,313.0,2024-06-16 16:56:28.406841
00:13:A2:00:42:37:AD:AD,7.0,49.0,3.2844,53.0,0.0,100.0,3.95,4.88,5.46,5.75,24.82,30.55,31.45,31.61,31.65,0.68,38.19,24.09,305.0,2024-06-16 17:26:28.446389
00:13:A2:00:42:37:AD:AD,7.0,50.0,3.2844,53.0,0.0,100.0,1.21,2.37,3.27,3.72,5.24,8.25,9.49,9.73,9.79,1.09,37.97,24.28,297.0,2024-06-16 17:56:28.487040
00:13:A2:00:42:37:AD:AD,7.0,51.0,3.2844,53.0,0.0,100.0,0.69,0.97,1.17,1.27,4.06,5.24,5.52,5.58,5.59,0.67,37.74,24.5,296.0,2024-06-16 18:26:28.547069
00:13:A2:00:42:37:AD:AD,7.0,52.0,3.2844,53.0,0.0,100.0,1.77,2.41,2.85,3.08,10.53,13.42,14.07,14.19,14.22,0.7,37.48,24.73,307.0,2024-06-16 18:56:28.588100
00:13:A2:00:42:37:AD:AD,7.0,54.0,3.2844,53.0,0.0,100.0,0.62,0.94,1.17,1.29,3.41,4.56,4.9,4.96,4.98,0.55,36.5,25.71,283.0,2024-06-16 19:56:28.674725
00:13:A2:00:42:37:AD:AD,7.0,55.0,3.2844,53.0,0.0,100.0,1.23,1.99,2.57,2.85,6.44,8.9,9.71,9.86,9.9,0.96,36.23,25.66,302.0,2024-06-16 20:26:28.749827
00:13:A2:00:42:37:AD:AD,7.0,56.0,3.2844,53.0,0.0,100.0,1.19,1.69,2.04,2.21,6.92,8.96,9.47,9.56,9.59,0.67,36.32,25.34,282.0,2024-06-16 20:56:43.764019
00:13:A2:00:42:37:AD:AD,7.0,57.0,3.2844,53.0,0.0,100.0,0.61,0.81,0.94,1.01,3.71,4.68,4.88,4.91,4.92,0.59,36.6,25.08,290.0,2024-06-16 21:26:28.806651
00:13:A2:00:42:37:AD:AD,7.0,58.0,3.2844,53.0,0.0,100.0,0.77,0.97,1.11,1.17,4.78,5.94,6.14,6.18,6.19,0.61,36.99,24.85,282.0,2024-06-16 21:56:28.854922
00:13:A2:00:42:37:AD:AD,7.0,59.0,3.2844,53.0,0.0,100.0,1.74,2.32,2.71,2.9,10.49,13.26,13.84,13.95,13.97,0.77,37.39,24.62,276.0,2024-06-16 22:26:28.878876
00:13:A2:00:42:37:AD:AD,7.0,60.0,3.2844,53.0,0.0,100.0,1.61,2.89,3.87,4.36,7.71,11.33,12.69,12.96,13.01,0.87,37.72,24.48,287.0,2024-06-16 22:56:28.936348
00:13:A2:00:42:37:AD:AD,7.0,61.0,3.2844,53.0,0.0,100.0,2.35,2.48,2.48,2.48,15.89,18.7,18.78,18.78,18.78,0.35,38.01,24.32,300.0,2024-06-16 23:26:28.979709
00:13:A2:00:42:37:AD:AD,7.0,62.0,3.2844,53.0,0.0,100.0,0.7,0.74,0.74,0.74,4.73,5.56,5.59,5.59,5.59,0.43,38.24,24.24,281.0,2024-06-16 23:56:29.026362
00:13:A2:00:42:37:AD:AD,7.0,63.0,3.2844,53.0,0.0,100.0,1.12,1.72,2.17,2.39,6.16,8.27,8.89,9.02,9.04,0.76,38.4,24.15,296.0,2024-06-17 00:26:29.062829
00:13:A2:00:42:37:AD:AD,7.0,64.0,3.2844,53.0,0.0,100.0,1.62,2.24,2.66,2.88,9.61,12.3,12.92,13.04,13.06,0.68,38.61,24.08,304.0,2024-06-17 00:56:29.072796
00:13:A2:00:42:37:AD:AD,7.0,65.0,3.2844,53.0,0.0,100.0,1.11,2.14,2.94,3.34,4.91,7.62,8.72,8.94,8.99,1.01,38.74,23.99,308.0,2024-06-17 01:26:29.140975
00:13:A2:00:42:37:AD:AD,7.0,66.0,3.2844,53.0,0.0,100.0,0.68,0.72,0.72,0.72,4.61,5.42,5.44,5.44,5.45,0.42,38.9,23.96,312.0,2024-06-17 01:56:44.188971
00:13:A2:00:42:37:AD:AD,7.0,67.0,3.2844,53.0,0.0,100.0,1.19,1.26,1.26,1.26,8.05,9.48,9.52,9.52,9.52,0.3,38.95,23.92,292.0,2024-06-17 02:26:29.239838
00:13:A2:00:42:37:AD:AD,7.0,68.0,3.2844,53.0,0.0,100.0,0.94,2.78,4.26,5.0,1.56,5.24,7.25,7.65,7.74,1.05,39.05,23.88,308.0,2024-06-17 02:56:29.279781
00:13:A2:00:42:37:AD:AD,7.0,69.0,3.2844,53.0,0.0,100.0,0.71,0.84,0.92,0.96,4.54,5.53,5.65,5.67,5.68,0.61,39.12,23.85,319.0,2024-06-17 03:26:29.317538
00:13:A2:00:42:37:AD:AD,7.0,70.0,3.2844,53.0,0.0,100.0,0.62,0.66,0.66,0.66,4.25,5.0,5.02,5.02,5.02,0.39,39.15,23.82,310.0,2024-06-17 03:56:29.367664
00:13:A2:00:42:37:AD:AD,7.0,71.0,3.2844,53.0,0.0,100.0,1.07,2.34,3.35,3.85,3.99,7.0,8.37,8.64,8.7,1.18,39.16,23.78,315.0,2024-06-17 04:26:29.410699
00:13:A2:00:42:37:AD:AD,7.0,72.0,3.2844,53.0,0.0,100.0,0.56,1.09,1.5,1.71,2.44,3.82,4.39,4.5,4.53,1.01,39.22,23.77,293.0,2024-06-17 04:56:29.494434
00:13:A2:00:42:37:AD:AD,7.0,73.0,3.2844,53.0,0.0,100.0,1.09,2.19,3.04,3.46,4.64,7.42,8.59,8.82,8.87,0.67,39.22,23.77,306.0,2024-06-17 05:26:29.498521
00:13:A2:00:42:37:AD:AD,7.0,74.0,3.2844,53.0,0.0,100.0,0.68,0.72,0.72,0.72,4.61,5.43,5.45,5.45,5.45,0.4,39.24,23.77,299.0,2024-06-17 05:56:29.552143
00:13:A2:00:42:37:AD:AD,7.0,75.0,3.2844,53.0,0.0,100.0,0.63,0.66,0.66,0.66,4.26,5.01,5.03,5.03,5.03,0.42,39.24,23.75,299.0,2024-06-17 06:26:29.626657
00:13:A2:00:42:37:AD:AD,7.0,76.0,3.2844,53.0,0.0,100.0,1.69,2.28,2.69,2.89,10.12,12.85,13.44,13.55,13.58,0.72,39.26,23.73,311.0,2024-06-17 06:56:44.619163
00:13:A2:00:42:37:AD:AD,7.0,77.0,3.2844,53.0,0.0,100.0,0.69,0.73,0.73,0.73,4.69,5.52,5.54,5.55,5.55,0.36,39.24,23.77,312.0,2024-06-17 07:26:29.661463
00:13:A2:00:42:37:AD:AD,7.0,78.0,3.2844,53.0,0.0,100.0,0.9,0.95,0.95,0.95,6.13,7.21,7.24,7.24,7.24,0.46,39.25,23.75,343.0,2024-06-17 07:56:29.709213
00:13:A2:00:42:37:AD:AD,7.0,79.0,3.2844,53.0,0.0,100.0,1.79,2.55,3.1,3.37,10.32,13.4,14.19,14.34,14.37,0.72,39.24,23.76,297.0,2024-06-17 08:26:29.756399
00:13:A2:00:42:37:AD:AD,7.0,80.0,3.2844,53.0,0.0,100.0,0.48,1.69,2.66,3.14,0.12,2.38,3.69,3.95,4.01,1.3,39.23,23.76,325.0,2024-06-17 08:56:29.796328
00:13:A2:00:42:37:AD:AD,7.0,81.0,3.2844,53.0,0.0,100.0,0.6,0.64,0.64,0.64,4.1,4.82,4.84,4.84,4.84,0.34,39.21,23.79,333.0,2024-06-17 09:26:29.837360
00:13:A2:00:42:37:AD:AD,7.0,82.0,3.2844,53.0,0.0,100.0,1.76,2.23,2.53,2.68,10.95,13.59,14.04,14.12,14.14,0.61,39.21,23.79,307.0,2024-06-17 09:56:29.890333
00:13:A2:00:42:37:AD:AD,7.0,83.0,3.2844,53.0,0.0,100.0,0.56,1.0,1.33,1.5,2.72,3.98,4.44,4.53,4.55,0.61,39.22,23.8,332.0,2024-06-17 10:26:29.929163
00:13:A2:00:42:37:AD:AD,7.0,84.0,3.2844,53.0,0.0,100.0,0.65,0.8,0.9,0.95,4.08,5.03,5.18,5.2,5.21,0.69,39.25,23.84,332.0,2024-06-17 10:56:29.983660
00:13:A2:00:42:37:AD:AD,7.0,85.0,3.2844,53.0,0.0,100.0,1.09,1.54,1.87,2.03,6.32,8.18,8.65,8.74,8.76,0.61,39.28,23.86,325.0,2024-06-17 11:26:30.018734
00:13:A2:00:42:37:AD:AD,7.0,86.0,3.2844,53.0,0.0,100.0,1.21,1.49,1.66,1.74,7.68,9.43,9.69,9.74,9.75,0.51,39.29,23.87,332.0,2024-06-17 11:56:45.068820
00:13:A2:00:42:37:AD:AD,7.0,87.0,3.2844,53.0,0.0,100.0,0.6,0.63,0.63,0.63,4.05,4.77,4.79,4.79,4.79,0.42,39.3,23.89,330.0,2024-06-17 12:26:30.106571
00:13:A2:00:42:37:AD:AD,7.0,88.0,3.2844,53.0,0.0,100.0,2.33,2.46,2.46,2.46,15.75,18.55,18.62,18.62,18.63,0.37,39.39,23.89,319.0,2024-06-17 12:56:30.158581
00:13:A2:00:42:37:AD:AD,7.0,89.0,3.2844,53.0,0.0,100.0,0.62,0.65,0.65,0.65,4.19,4.93,4.95,4.95,4.96,0.42,39.46,23.86,312.0,2024-06-17 13:26:30.194711
00:13:A2:00:42:37:AD:AD,7.0,90.0,3.2844,53.0,0.0,100.0,0.74,1.27,1.68,1.89,3.66,5.25,5.82,5.93,5.96,0.88,39.54,23.85,327.0,2024-06-17 13:56:30.237228
00:13:A2:00:42:37:AD:AD,7.0,91.0,3.2844,53.0,0.0,100.0,0.68,0.72,0.72,0.72,4.63,5.45,5.47,5.47,5.47,0.41,39.68,23.82,323.0,2024-06-17 14:26:30.275629
00:13:A2:00:42:37:AD:AD,7.0,92.0,3.2844,53.0,0.0,100.0,0.65,0.69,0.69,0.69,4.42,5.2,5.22,5.22,5.22,0.34,39.8,23.81,304.0,2024-06-17 14:56:30.322768
00:13:A2:00:42:37:AD:AD,7.0,93.0,3.2844,53.0,0.0,100.0,0.62,0.81,0.94,1.01,3.8,4.77,4.96,4.99,5.0,0.66,39.93,23.81,327.0,2024-06-17 15:26:30.366870
00:13:A2:00:42:37:AD:AD,7.0,94.0,3.2844,53.0,0.0,100.0,0.62,1.22,1.69,1.92,2.65,4.21,4.85,4.98,5.01,1.02,40.06,23.83,311.0,2024-06-17 15:56:30.421789
00:13:A2:00:42:37:AD:AD,7.0,95.0,3.2844,53.0,0.0,100.0,1.21,1.28,1.28,1.28,8.21,9.66,9.7,9.7,9.7,0.29,40.22,23.87,321.0,2024-06-17 16:26:30.451974
00:13:A2:00:42:37:AD:AD,7.0,96.0,3.2844,53.0,0.0,100.0,1.1,1.17,1.17,1.17,7.49,8.81,8.85,8.85,8.85,0.32,40.46,23.94,310.0,2024-06-17 16:56:45.499982
00:13:A2:00:42:37:AD:AD,7.0,97.0,3.2844,53.0,0.0,100.0,1.68,1.78,1.78,1.78,11.38,13.4,13.45,13.45,13.46,0.27,40.55,24.01,308.0,2024-06-17 17:26:30.544582
00:13:A2:00:42:37:AD:AD,7.0,98.0,3.2844,53.0,0.0,100.0,1.81,1.92,1.92,1.92,12.27,14.44,14.5,14.5,14.5,0.4,40.81,24.03,323.0,2024-06-17 17:56:30.583724
00:13:A2:00:42:37:AD:AD,7.0,99.0,3.2844,53.0,0.0,100.0,4.52,6.1,7.19,7.74,27.02,34.32,35.92,36.22,36.29,0.52,41.13,24.11,272.0,2024-06-17 18:26:30.629919
00:13:A2:00:42:37:AD:AD,7.0,100.0,3.2844,53.0,0.0,100.0,2.27,3.2,3.87,4.2,13.16,17.03,17.99,18.17,18.21,0.8,41.52,24.1,320.0,2024-06-17 18:56:30.675
00:13:A2:00:42:37:AD:AD,7.0,101.0,3.2844,53.0,0.0,100.0,2.4,2.54,2.54,2.54,16.25,19.13,19.2,19.2,19.21,0.41,41.78,24.09,298.0,2024-06-17 19:26:30.724779
00:13:A2:00:42:37:AD:AD,7.0,102.0,3.2844,53.0,0.0,100.0,2.46,2.77,2.91,2.98,16.19,19.38,19.64,19.69,19.7,0.5,42.07,24.06,318.0,2024-06-17 19:56:30.758082
00:13:A2:00:42:37:AD:AD,7.0,103.0,3.2844,53.0,0.0,100.0,1.94,2.05,2.05,2.05,13.1,15.43,15.48,15.49,15.49,0.37,42.37,24.01,315.0,2024-06-17 20:26:30.824447
00:13:A2:00:42:37:AD:AD,7.0,104.0,3.2844,53.0,0.0,100.0,3.67,4.22,4.5,4.64,23.9,28.78,29.27,29.35,29.38,0.49,42.62,23.96,295.0,2024-06-17 20:56:30.846437
00:13:A2:00:42:37:AD:AD,7.0,105.0,3.2844,53.0,0.0,100.0,1.13,1.76,2.23,2.46,6.11,8.27,8.93,9.06,9.09,0.78,42.89,23.92,288.0,2024-06-17 21:26:30.906190
00:13:A2:00:42:37:AD:AD,7.0,106.0,3.2844,53.0,0.0,100.0,1.93,2.99,3.77,4.16,10.51,14.17,15.28,15.49,15.54,0.84,43.4,23.88,297.0,2024-06-17 21:56:45.934843
00:13:A2:00:42:37:AD:AD,7.0,125.0,3.2844,53.0,0.0,100.0,2.42,3.36,4.03,4.36,14.2,18.24,19.2,19.39,19.43,0.82,44.78,23.67,333.0,2024-06-18 07:26:31.784106
00:13:A2:00:42:37:AD:AD,7.0,126.0,3.2844,53.0,0.0,100.0,3.66,3.87,3.87,3.87,24.76,29.14,29.25,29.26,29.27,0.43,44.8,23.71,313.0,2024-06-18 07:56:46.824697
00:13:A2:00:42:37:AD:AD,7.0,127.0,3.2844,53.0,0.0,100.0,1.86,1.97,1.97,1.97,12.59,14.82,14.88,14.88,14.89,0.4,44.67,23.75,319.0,2024-06-18 08:26:31.862729
00:13:A2:00:42:37:AD:AD,7.0,128.0,3.2844,53.0,0.0,100.0,3.66,3.87,3.87,3.87,24.73,29.11,29.22,29.23,29.23,0.35,44.68,23.77,326.0,2024-06-18 08:56:31.890224
00:13:A2:00:42:37:AD:AD,7.0,129.0,3.2844,53.0,0.0,100.0,3.67,4.18,4.43,4.55,24.0,28.83,29.27,29.34,29.36,0.49,44.75,23.79,332.0,2024-06-18 09:26:31.940631
00:13:A2:00:42:37:AD:AD,7.0,130.0,3.2844,53.0,0.0,100.0,5.37,6.23,6.69,6.91,34.84,42.06,42.83,42.96,43.0,0.49,44.87,23.8,333.0,2024-06-18 09:56:31.984542
00:13:A2:00:42:37:AD:AD,7.0,131.0,3.2844,53.0,0.0,100.0,3.59,4.44,4.98,5.24,22.55,27.77,28.59,28.74,28.78,0.49,45.16,23.85,362.0,2024-06-18 10:26:32.050171
00:13:A2:00:42:37:AD:AD,7.0,132.0,3.2844,53.0,0.0,100.0,2.63,3.08,3.34,3.46,16.97,20.55,20.97,21.04,21.06,0.49,45.61,23.88,333.0,2024-06-18 10:56:32.079444
00:13:A2:00:42:37:AD:AD,7.0,133.0,3.2844,53.0,0.0,100.0,4.72,5.73,6.34,6.65,29.89,36.59,37.56,37.73,37.77,0.62,46.19,23.94,340.0,2024-06-18 11:26:32.121126
00:13:A2:00:42:37:AD:AD,7.0,134.0,3.2844,53.0,0.0,100.0,3.75,4.88,5.64,6.02,22.87,28.67,29.8,30.02,30.06,0.63,46.81,23.94,340.0,2024-06-18 11:56:32.187872
00:13:A2:00:42:37:AD:AD,7.0,135.0,3.2844,53.0,0.0,100.0,3.21,3.39,3.39,3.39,21.7,25.54,25.64,25.64,25.65,0.43,47.34,24.01,350.0,2024-06-18 12:26:32.211413
00:13:A2:00:42:37:AD:AD,7.0,136.0,3.2844,53.0,0.0,100.0,6.46,6.84,6.84,6.84,43.69,51.43,51.62,51.64,51.65,0.41,47.91,24.04,345.0,2024-06-18 12:56:47.260408
00:13:A2:00:42:37:AD:AD,7.0,137.0,3.2844,53.0,0.0,100.0,5.91,6.25,6.25,6.25,39.97,47.06,47.24,47.25,47.26,0.38,48.16,24.09,377.0,2024-06-18 13:26:32.317045
00:13:A2:00:42:37:AD:AD,7.0,138.0,3.2844,53.0,0.0,100.0,4.28,4.75,4.94,5.03,28.32,33.76,34.14,34.2,34.22,0.5,48.43,24.1,354.0,2024-06-18 13:56:32.342460
00:13:A2:00:42:37:AD:AD,7.0,139.0,3.2844,53.0,0.0,100.0,5.2,5.84,6.13,6.27,34.24,40.96,41.49,41.58,41.6,0.47,48.81,24.14,346.0,2024-06-18 14:26:32.409378
00:13:A2:00:42:37:AD:AD,7.0,140.0,3.2844,53.0,0.0,100.0,4.72,4.99,4.99,4.99,31.89,37.55,37.69,37.7,37.71,0.46,48.99,24.15,353.0,2024-06-18 14:56:32.420538
00:13:A2:00:42:37:AD:AD,7.0,141.0,3.2844,53.0,0.0,100.0,5.33,6.23,6.71,6.96,34.45,41.68,42.49,42.63,42.67,0.55,49.28,24.18,382.0,2024-06-18 15:26:32.487646
00:13:A2:00:42:37:AD:AD,7.0,142.0,3.2844,53.0,0.0,100.0,5.92,6.77,7.19,7.4,38.6,46.42,47.16,47.29,47.32,0.47,49.78,24.24,366.0,2024-06-18 15:56:32.520660
00:13:A2:00:42:37:AD:AD,7.0,143.0,3.2844,53.0,0.0,100.0,7.84,8.29,8.29,8.29,52.99,62.38,62.62,62.64,62.65,0.38,50.31,24.28,382.0,2024-06-18 16:26:32.557504
00:13:A2:00:42:37:AD:AD,7.0,144.0,3.2844,53.0,0.0,100.0,9.42,10.4,10.76,10.94,62.43,74.33,75.1,75.22,75.26,0.5,50.7,24.43,368.0,2024-06-18 16:56:32.601186
00:13:A2:00:42:37:AD:AD,7.0,145.0,3.2844,53.0,0.0,100.0,15.34,16.22,16.22,16.22,103.61,121.97,122.44,122.47,122.49,0.4,51.03,24.55,377.0,2024-06-18 17:26:32.642576
00:13:A2:00:42:37:AD:AD,7.0,146.0,3.2844,53.0,0.0,100.0,14.97,16.93,17.83,18.29,98.21,117.69,119.36,119.63,119.7,0.56,51.78,24.75,376.0,2024-06-18 17:56:47.682877
00:13:A2:00:42:37:AD:AD,7.0,147.0,3.2844,53.0,0.0,100.0,14.17,16.17,17.16,17.65,92.5,111.16,112.91,113.2,113.28,0.55,51.98,24.9,360.0,2024-06-18 18:26:32.723942
00:13:A2:00:42:37:AD:AD,7.0,148.0,3.2844,53.0,0.0,100.0,12.64,13.37,13.37,13.37,85.4,100.54,100.92,100.94,100.96,0.38,52.53,25.08,339.0,2024-06-18 18:56:32.782727
00:13:A2:00:42:37:AD:AD,7.0,149.0,3.2844,53.0,0.0,100.0,14.49,15.32,15.32,15.32,97.89,115.23,115.67,115.7,115.72,0.42,53.02,25.2,336.0,2024-06-18 19:26:32.818027
00:13:A2:00:42:37:AD:AD,7.0,150.0,3.2844,53.0,0.0,100.0,15.2,17.01,17.78,18.17,100.14,119.67,121.17,121.41,121.48,0.56,52.86,25.64,342.0,2024-06-18 19:56:32.870020
00:13:A2:00:42:37:AD:AD,7.0,151.0,3.2844,53.0,0.0,100.0,8.35,9.87,10.73,11.16,53.63,65.11,66.51,66.76,66.82,0.64,53.03,25.5,329.0,2024-06-18 20:26:32.952100
00:13:A2:00:42:37:AD:AD,7.0,152.0,3.2844,53.0,0.0,100.0,13.15,15.09,16.06,16.54,85.69,103.11,104.81,105.1,105.17,0.49,53.61,25.3,311.0,2024-06-18 20:56:32.954424
00:13:A2:00:42:37:AD:AD,7.0,153.0,3.2844,53.0,0.0,100.0,9.42,10.36,10.69,10.86,62.56,74.41,75.14,75.25,75.28,0.54,54.25,25.14,334.0,2024-06-18 21:26:33.006370
00:13:A2:00:42:37:AD:AD,7.0,154.0,3.2844,53.0,0.0,100.0,9.63,10.95,11.57,11.88,63.06,75.67,76.8,76.99,77.04,0.49,54.86,24.98,312.0,2024-06-18 21:56:33.041936
00:13:A2:00:42:37:AD:AD,7.0,173.0,3.2844,53.0,0.0,100.0,6.71,7.77,8.33,8.61,43.5,52.5,53.45,53.62,53.66,0.54,56.96,24.45,374.0,2024-06-19 07:26:33.956912
00:13:A2:00:42:37:AD:AD,7.0,174.0,3.2844,53.0,0.0,100.0,5.22,5.52,5.52,5.52,35.3,41.55,41.71,41.72,41.73,0.42,56.36,24.46,371.0,2024-06-19 07:56:33.896287
00:13:A2:00:42:37:AD:AD,7.0,175.0,3.2844,53.0,0.0,100.0,4.97,5.26,5.26,5.26,33.62,39.58,39.73,39.74,39.75,0.46,55.91,24.5,341.0,2024-06-19 08:26:33.955054
00:13:A2:00:42:37:AD:AD,7.0,176.0,3.2844,53.0,0.0,100.0,6.47,7.96,8.88,9.35,40.7,50.04,51.47,51.73,51.8,0.62,55.62,24.51,365.0,2024-06-19 08:56:48.989900
00:13:A2:00:42:37:AD:AD,7.0,177.0,3.2844,53.0,0.0,100.0,8.95,11.22,12.67,13.39,55.76,68.97,71.18,71.59,71.69,0.69,55.48,24.57,362.0,2024-06-19 09:26:34.029769
00:13:A2:00:42:37:AD:AD,7.0,178.0,3.2844,53.0,0.0,100.0,6.17,7.56,8.41,8.84,38.93,47.79,49.12,49.36,49.42,0.59,55.55,24.61,365.0,2024-06-19 09:56:34.077426
00:13:A2:00:42:37:AD:AD,7.0,179.0,3.2844,53.0,0.0,100.0,7.84,9.61,10.71,11.26,49.39,60.67,62.37,62.68,62.75,0.64,55.59,24.63,344.0,2024-06-19 10:26:34.120372
00:13:A2:00:42:37:AD:AD,7.0,180.0,3.2844,53.0,0.0,100.0,5.68,6.24,6.43,6.52,37.78,44.91,45.34,45.4,45.42,0.51,55.68,24.67,355.0,2024-06-19 10:56:34.161189
00:13:A2:00:42:37:AD:AD,7.0,181.0,3.2844,53.0,0.0,100.0,6.88,7.76,8.17,8.37,45.16,54.09,54.85,54.97,55.0,0.5,55.75,24.72,362.0,2024-06-19 11:26:34.208399
00:13:A2:00:42:37:AD:AD,7.0,182.0,3.2844,53.0,0.0,100.0,8.75,10.31,11.19,11.62,56.24,68.22,69.66,69.91,69.97,0.57,55.83,24.74,343.0,2024-06-19 11:56:34.249846
00:13:A2:00:42:37:AD:AD,7.0,183.0,3.2844,53.0,0.0,100.0,6.77,8.28,9.21,9.67,42.74,52.45,53.9,54.16,54.22,0.68,56.06,24.8,335.0,2024-06-19 12:26:34.291651
00:13:A2:00:42:37:AD:AD,7.0,184.0,3.2844,53.0,0.0,100.0,8.86,9.79,10.13,10.3,58.77,69.98,70.7,70.81,70.85,0.49,56.3,24.85,341.0,2024-06-19 12:56:34.327822
00:13:A2:00:42:37:AD:AD,7.0,185.0,3.2844,53.0,0.0,100.0,10.6,11.21,11.21,11.21,71.65,84.35,84.67,84.69,84.7,0.45,56.55,24.89,317.0,2024-06-19 13:26:34.371403
00:13:A2:00:42:37:AD:AD,7.0,186.0,3.2844,53.0,0.0,100.0,14.73,17.23,18.59,19.27,95.04,115.02,117.3,117.69,117.79,0.57,57.01,24.95,368.0,2024-06-19 13:56:49.433334
00:13:A2:00:42:37:AD:AD,7.0,187.0,3.2844,53.0,0.0,100.0,11.54,12.21,12.21,12.21,77.99,91.82,92.17,92.19,92.21,0.44,56.97,25.0,326.0,2024-06-19 14:26:34.456646
00:13:A2:00:42:37:AD:AD,7.0,188.0,3.2844,53.0,0.0,100.0,10.8,12.03,12.53,12.78,71.32,85.12,86.12,86.28,86.32,0.48,57.17,25.05,333.0,2024-06-19 14:56:34.508338
00:13:A2:00:42:37:AD:AD,7.0,190.0,3.2844,53.0,0.0,100.0,10.22,12.54,13.96,14.68,64.41,79.1,81.32,81.73,81.82,0.64,57.32,25.13,328.0,2024-06-19 15:56:34.599861
00:13:A2:00:42:37:AD:AD,7.0,191.0,3.2844,53.0,0.0,100.0,10.64,12.23,13.03,13.43,69.29,83.42,84.82,85.06,85.12,0.57,57.46,25.2,334.0,2024-06-19 16:26:34.638477
00:13:A2:00:42:37:AD:AD,7.0,192.0,3.2844,53.0,0.0,100.0,13.56,14.94,15.43,15.68,89.99,107.08,108.15,108.31,108.36,0.56,57.56,25.26,319.0,2024-06-19 16:56:34.684506
00:13:A2:00:42:37:AD:AD,7.0,193.0,3.2844,53.0,0.0,100.0,11.08,12.35,12.87,13.14,73.12,87.29,88.33,88.49,88.54,0.5,57.55,25.37,321.0,2024-06-19 17:26:34.723457
00:13:A2:00:42:37:AD:AD,7.0,194.0,3.2844,53.0,0.0,100.0,13.34,14.81,15.39,15.68,88.23,105.2,106.38,106.57,106.62,0.51,57.78,25.5,318.0,2024-06-19 17:56:34.771697
00:13:A2:00:42:37:AD:AD,7.0,195.0,3.2844,53.0,0.0,100.0,19.07,22.12,23.74,24.54,123.57,149.18,151.92,152.39,152.51,0.61,58.07,25.71,289.0,2024-06-19 18:26:34.831700
00:13:A2:00:42:37:AD:AD,7.0,196.0,3.2844,53.0,0.0,100.0,17.02,19.2,20.19,20.69,111.71,133.79,135.64,135.94,136.02,0.53,58.55,25.89,324.0,2024-06-19 18:56:49.826307
00:13:A2:00:42:37:AD:AD,7.0,197.0,3.2844,53.0,0.0,100.0,10.64,12.0,12.62,12.93,69.89,83.7,84.85,85.03,85.09,0.48,58.46,25.96,333.0,2024-06-19 19:26:34.897300
00:13:A2:00:42:37:AD:AD,7.0,198.0,3.2844,53.0,0.0,100.0,14.41,18.26,20.76,22.01,89.18,110.73,114.52,115.22,115.38,0.64,58.67,25.89,324.0,2024-06-19 19:56:34.945451
00:13:A2:00:42:37:AD:AD,7.0,199.0,3.2844,53.0,0.0,100.0,18.44,20.66,21.62,22.1,121.44,145.17,147.01,147.31,147.39,0.52,58.91,25.82,325.0,2024-06-19 20:26:34.992184
00:13:A2:00:42:37:AD:AD,7.0,200.0,3.2844,53.0,0.0,100.0,9.14,10.19,10.62,10.84,60.38,72.07,72.92,73.06,73.1,0.53,59.43,25.7,339.0,2024-06-19 20:56:35.024460
00:13:A2:00:42:37:AD:AD,7.0,201.0,3.2844,53.0,0.0,100.0,10.37,10.97,10.97,10.97,70.07,82.48,82.8,82.82,82.83,0.44,59.89,25.57,305.0,2024-06-19 21:26:35.068979
00:13:A2:00:42:37:AD:AD,7.0,202.0,3.2844,53.0,0.0,100.0,13.06,13.81,13.81,13.81,88.23,103.87,104.27,104.29,104.31,0.44,60.49,25.5,321.0,2024-06-19 21:56:35.123374
00:13:A2:00:42:37:AD:AD,7.0,221.0,3.2844,53.0,0.0,100.0,9.37,10.48,10.94,11.18,61.82,73.85,74.76,74.91,74.95,0.47,62.15,25.3,325.0,2024-06-20 07:26:35.940821
00:13:A2:00:42:37:AD:AD,7.0,222.0,3.2844,53.0,0.0,100.0,10.36,13.55,15.69,16.75,63.04,79.13,82.31,82.9,83.04,0.76,61.56,25.33,314.0,2024-06-20 07:56:35.980534
00:13:A2:00:42:37:AD:AD,7.0,223.0,3.2844,53.0,0.0,100.0,7.35,7.77,7.77,7.77,49.67,58.48,58.7,58.72,58.73,0.46,61.03,25.38,333.0,2024-06-20 08:26:36.033397
00:13:A2:00:42:37:AD:AD,7.0,224.0,3.2844,53.0,0.0,100.0,9.2,10.72,11.54,11.95,59.46,71.89,73.26,73.5,73.56,0.52,60.7,25.43,301.0,2024-06-20 08:56:36.064438
00:13:A2:00:42:37:AD:AD,7.0,225.0,3.2844,53.0,0.0,100.0,6.29,7.05,7.39,7.55,41.39,49.49,50.13,50.23,50.26,0.5,60.63,25.44,335.0,2024-06-20 09:26:36.124131
00:13:A2:00:42:37:AD:AD,7.0,226.0,3.2844,53.0,0.0,100.0,11.24,11.89,11.89,11.89,75.96,89.42,89.76,89.78,89.8,0.4,60.63,25.44,321.0,2024-06-20 09:56:51.170568
00:13:A2:00:42:37:AD:AD,7.0,227.0,3.2844,53.0,0.0,100.0,9.56,11.05,11.83,12.21,62.07,74.85,76.18,76.41,76.47,0.5,60.42,25.49,304.0,2024-06-20 10:26:36.198881
00:13:A2:00:42:37:AD:AD,7.0,228.0,3.2844,53.0,0.0,100.0,14.39,15.64,15.99,16.16,96.09,113.92,114.82,114.95,114.99,0.52,60.42,25.52,338.0,2024-06-20 10:56:36.252725
00:13:A2:00:42:37:AD:AD,7.0,229.0,3.2844,53.0,0.0,100.0,7.01,8.32,9.07,9.44,44.92,54.61,55.82,56.04,56.09,0.58,60.41,25.55,341.0,2024-06-20 11:26:36.289455
00:13:A2:00:42:37:AD:AD,7.0,230.0,3.2844,53.0,0.0,100.0,10.68,11.51,11.69,11.77,71.6,84.69,85.25,85.32,85.35,0.5,60.3,25.58,329.0,2024-06-20 11:56:36.347081
00:13:A2:00:42:37:AD:AD,7.0,231.0,3.2844,53.0,0.0,100.0,12.58,13.85,14.31,14.53,83.49,99.33,100.32,100.47,100.51,0.53,60.22,25.62,344.0,2024-06-20 12:26:36.381673
00:13:A2:00:42:37:AD:AD,7.0,232.0,3.2844,53.0,0.0,100.0,9.97,11.63,12.52,12.97,64.49,77.97,79.46,79.72,79.79,0.56,60.1,25.66,344.0,2024-06-20 12:56:36.425313
00:13:A2:00:42:37:AD:AD,7.0,233.0,3.2844,53.0,0.0,100.0,15.09,15.96,15.96,15.96,101.93,119.99,120.45,120.48,120.5,0.45,60.02,25.71,354.0,2024-06-20 13:26:36.464167
00:13:A2:00:42:37:AD:AD,7.0,234.0,3.2844,53.0,0.0,100.0,7.54,7.98,7.98,7.98,50.96,59.99,60.22,60.24,60.25,0.44,59.8,25.77,339.0,2024-06-20 13:56:36.504924
00:13:A2:00:42:37:AD:AD,7.0,235.0,3.2844,53.0,0.0,100.0,7.7,8.15,8.15,8.15,52.06,61.29,61.52,61.54,61.55,0.38,59.59,25.77,355.0,2024-06-20 14:26:36.550703
00:13:A2:00:42:37:AD:AD,7.0,236.0,3.2844,53.0,0.0,100.0,10.64,11.94,12.52,12.8,69.99,83.72,84.81,84.98,85.03,0.49,59.35,25.79,368.0,2024-06-20 14:56:51.598019
00:13:A2:00:42:37:AD:AD,7.0,237.0,3.2844,53.0,0.0,100.0,10.12,10.7,10.7,10.7,68.39,80.51,80.81,80.83,80.85,0.39,58.97,25.83,365.0,2024-06-20 15:26:36.628992
00:13:A2:00:42:37:AD:AD,7.0,238.0,3.2844,53.0,0.0,100.0,11.82,12.5,12.5,12.5,79.88,94.04,94.4,94.42,94.44,0.38,58.61,25.86,355.0,2024-06-20 15:56:36.682269
00:13:A2:00:42:37:AD:AD,7.0,239.0,3.2844,53.0,0.0,100.0,7.52,7.95,7.95,7.95,50.82,59.83,60.06,60.07,60.08,0.41,58.21,25.87,348.0,2024-06-20 16:26:36.719612
00:13:A2:00:42:37:AD:AD,7.0,240.0,3.2844,53.0,0.0,100.0,6.03,6.98,7.48,7.73,39.12,47.2,48.05,48.2,48.23,0.53,57.68,25.94,353.0,2024-06-20 16:56:36.774742
00:13:A2:00:42:37:AD:AD,7.0,241.0,3.2844,53.0,0.0,100.0,6.81,7.2,7.2,7.2,45.99,54.14,54.35,54.36,54.37,0.41,57.14,26.05,358.0,2024-06-20 17:26:36.807253
00:13:A2:00:42:37:AD:AD,7.0,242.0,3.2844,53.0,0.0,100.0,9.36,9.89,9.89,9.89,63.22,74.42,74.7,74.72,74.74,0.39,56.38,26.19,352.0,2024-06-20 17:56:36.851932
00:13:A2:00:42:37:AD:AD,7.0,243.0,3.2844,53.0,0.0,100.0,8.07,8.53,8.53,8.53,54.5,64.16,64.41,64.42,64.43,0.44,55.72,26.34,332.0,2024-06-20 18:26:36.892539
00:13:A2:00:42:37:AD:AD,7.0,244.0,3.2844,53.0,0.0,100.0,5.4,5.72,5.72,5.72,36.53,43.01,43.17,43.18,43.19,0.46,54.95,26.43,361.0,2024-06-20 18:56:36.944905
00:13:A2:00:42:37:AD:AD,7.0,245.0,3.2844,53.0,0.0,100.0,7.99,9.07,9.59,9.84,52.3,62.75,63.68,63.83,63.87,0.47,54.4,26.6,341.0,2024-06-20 19:26:36.982721
00:13:A2:00:42:37:AD:AD,7.0,246.0,3.2844,53.0,0.0,100.0,4.64,5.2,5.45,5.57,30.55,36.53,37.0,37.07,37.09,0.5,53.37,26.92,330.0,2024-06-20 19:56:52.026481
00:13:A2:00:42:37:AD:AD,7.0,247.0,3.2844,53.0,0.0,100.0,5.2,6.34,7.03,7.37,32.9,40.32,41.4,41.6,41.65,0.57,53.3,26.83,327.0,2024-06-20 20:26:37.073178
00:13:A2:00:42:37:AD:AD,7.0,248.0,3.2844,53.0,0.0,100.0,4.89,7.21,8.89,9.73,27.57,36.32,38.72,39.18,39.29,0.78,53.54,26.6,328.0,2024-06-20 20:56:37.114869
00:13:A2:00:42:37:AD:AD,7.0,249.0,3.2844,53.0,0.0,100.0,7.86,8.31,8.31,8.31,53.08,62.49,62.73,62.74,62.76,0.42,53.79,26.42,330.0,2024-06-20 21:26:37.177795
00:13:A2:00:42:37:AD:AD,7.0,250.0,3.2844,53.0,0.0,100.0,4.8,5.07,5.07,5.07,32.43,38.18,38.33,38.34,38.34,0.44,54.05,26.23,335.0,2024-06-20 21:56:37.200351
00:13:A2:00:42:37:AD:AD,7.0,14.0,3.2844,53.0,0.0,100.0,0.77,0.81,0.81,0.81,5.21,6.13,6.15,6.16,6.16,0.46,54.62,25.59,355.0,2024-06-21 07:26:38.033251
00:13:A2:00:42:37:AD:AD,7.0,15.0,3.2844,53.0,0.0,100.0,1.8,2.18,2.4,2.52,11.44,13.99,14.34,14.41,14.42,0.5,54.33,25.59,373.0,2024-06-21 07:56:38.065005
00:13:A2:00:42:37:AD:AD,7.0,16.0,3.2844,53.0,0.0,100.0,0.67,1.13,1.47,1.65,3.46,4.86,5.34,5.44,5.46,0.89,54.07,25.6,352.0,2024-06-21 08:26:38.111681
00:13:A2:00:42:37:AD:AD,7.0,17.0,3.2844,53.0,0.0,100.0,1.24,1.76,2.13,2.31,7.23,9.36,9.89,9.99,10.01,0.71,53.78,25.65,369.0,2024-06-21 08:56:38.187514
00:13:A2:00:42:37:AD:AD,7.0,18.0,3.2844,53.0,0.0,100.0,1.41,1.68,1.83,1.9,9.08,11.04,11.28,11.33,11.34,0.52,53.44,25.67,354.0,2024-06-21 09:26:38.192584
00:13:A2:00:42:37:AD:AD,7.0,19.0,3.2844,53.0,0.0,100.0,0.62,0.87,1.05,1.14,3.65,4.7,4.96,5.01,5.02,0.48,53.11,25.68,361.0,2024-06-21 09:56:38.241272
00:13:A2:00:42:37:AD:AD,7.0,20.0,3.2844,53.0,0.0,100.0,1.87,1.97,1.97,1.97,12.63,14.87,14.93,14.93,14.94,0.35,52.77,25.73,369.0,2024-06-21 10:26:38.289446
00:13:A2:00:42:37:AD:AD,7.0,21.0,3.2844,53.0,0.0,100.0,2.28,2.41,2.41,2.41,15.43,18.16,18.23,18.24,18.24,0.45,52.26,25.73,357.0,2024-06-21 10:56:53.321013
00:13:A2:00:42:37:AD:AD,7.0,22.0,3.2844,53.0,0.0,100.0,1.82,1.93,1.93,1.93,12.35,14.54,14.59,14.6,14.6,0.4,51.88,25.75,365.0,2024-06-21 11:26:38.370116
00:13:A2:00:42:37:AD:AD,7.0,23.0,3.2844,53.0,0.0,100.0,1.1,2.64,3.86,4.47,3.49,6.91,8.57,8.9,8.98,1.36,51.62,25.73,355.0,2024-06-21 11:56:38.415448
00:13:A2:00:42:37:AD:AD,7.0,24.0,3.2844,53.0,0.0,100.0,2.96,3.13,3.13,3.13,20.04,23.59,23.68,23.68,23.69,0.42,51.43,25.75,359.0,2024-06-21 12:26:38.450224
00:13:A2:00:42:37:AD:AD,7.0,25.0,3.2844,53.0,0.0,100.0,0.68,0.91,1.06,1.14,4.14,5.23,5.46,5.5,5.51,0.6,51.21,25.74,351.0,2024-06-21 12:56:38.494344
00:13:A2:00:42:37:AD:AD,7.0,26.0,3.2844,53.0,0.0,100.0,0.8,0.96,1.05,1.1,5.12,6.24,6.39,6.41,6.42,0.47,51.03,25.72,370.0,2024-06-21 13:26:38.540782
00:13:A2:00:42:37:AD:AD,7.0,27.0,3.2844,53.0,0.0,100.0,0.72,0.83,0.89,0.92,4.71,5.68,5.78,5.8,5.8,0.47,50.86,25.67,348.0,2024-06-21 13:56:38.583992
00:13:A2:00:42:37:AD:AD,7.0,28.0,3.2844,53.0,0.0,100.0,0.85,1.1,1.26,1.34,5.22,6.53,6.77,6.82,6.83,0.59,50.67,25.67,341.0,2024-06-21 14:26:38.650424
00:13:A2:00:42:37:AD:AD,7.0,29.0,3.2844,53.0,0.0,100.0,0.83,0.88,0.88,0.88,5.65,6.65,6.67,6.68,6.68,0.29,50.45,25.67,339.0,2024-06-21 14:56:38.674060
00:13:A2:00:42:37:AD:AD,7.0,30.0,3.2844,53.0,0.0,100.0,1.22,1.29,1.29,1.29,8.25,9.71,9.75,9.75,9.75,0.43,50.28,25.68,340.0,2024-06-21 15:26:38.707442
00:13:A2:00:42:37:AD:AD,7.0,31.0,3.2844,53.0,0.0,100.0,1.29,1.37,1.37,1.37,8.75,10.3,10.34,10.35,10.35,0.42,49.97,25.7,336.0,2024-06-21 15:56:53.759422
00:13:A2:00:42:37:AD:AD,7.0,32.0,3.2844,53.0,0.0,100.0,0.89,0.94,0.94,0.94,6.01,7.08,7.11,7.11,7.11,0.41,49.82,25.73,351.0,2024-06-21 16:26:38.799309
00:13:A2:00:42:37:AD:AD,7.0,33.0,3.2844,53.0,0.0,100.0,1.2,1.27,1.27,1.27,8.16,9.61,9.65,9.65,9.65,0.43,49.71,25.71,308.0,2024-06-21 16:56:38.844128
00:13:A2:00:42:37:AD:AD,7.0,34.0,3.2844,53.0,0.0,100.0,1.24,1.48,1.62,1.69,7.97,9.7,9.93,9.96,9.97,0.51,49.58,25.75,327.0,2024-06-21 17:26:38.897044
00:13:A2:00:42:37:AD:AD,7.0,35.0,3.2844,53.0,0.0,100.0,1.32,1.39,1.39,1.39,8.93,10.52,10.56,10.56,10.56,0.37,49.32,25.79,329.0,2024-06-21 17:56:38.941023
00:13:A2:00:42:37:AD:AD,7.0,36.0,3.2844,53.0,0.0,100.0,0.59,0.71,0.79,0.83,3.75,4.59,4.71,4.73,4.74,0.48,49.07,25.85,300.0,2024-06-21 18:26:38.977463
00:13:A2:00:42:37:AD:AD,7.0,37.0,3.2844,53.0,0.0,100.0,2.32,2.93,3.32,3.52,14.42,17.88,18.48,18.59,18.61,0.58,48.85,25.96,314.0,2024-06-21 18:56:39.006107
00:13:A2:00:42:37:AD:AD,7.0,38.0,3.2844,53.0,0.0,100.0,0.59,1.0,1.3,1.46,3.05,4.29,4.72,4.8,4.82,0.87,48.61,26.04,300.0,2024-06-21 19:26:39.056946
00:13:A2:00:42:37:AD:AD,7.0,39.0,3.2844,53.0,0.0,100.0,1.19,1.26,1.26,1.26,8.05,9.48,9.52,9.52,9.52,0.36,48.46,26.07,299.0,2024-06-21 19:56:39.107922
00:13:A2:00:42:37:AD:AD,7.0,40.0,3.2844,53.0,0.0,100.0,0.65,0.81,0.9,0.95,4.13,5.08,5.23,5.25,5.26,0.5,48.43,26.0,305.0,2024-06-21 20:26:39.136096
00:13:A2:00:42:37:AD:AD,7.0,41.0,3.2844,53.0,0.0,100.0,3.34,3.53,3.53,3.53,22.56,26.55,26.65,26.66,26.67,0.46,48.44,25.9,301.0,2024-06-21 20:56:54.205804
00:13:A2:00:42:37:AD:AD,7.0,42.0,3.2844,53.0,0.0,100.0,0.69,0.81,0.88,0.91,4.45,5.39,5.5,5.52,5.53,0.54,48.58,25.83,303.0,2024-06-21 21:26:39.229419
00:13:A2:00:42:37:AD:AD,7.0,43.0,3.2844,53.0,0.0,100.0,1.25,1.32,1.32,1.32,8.46,9.95,9.99,10.0,10.0,0.44,48.74,25.73,313.0,2024-06-21 21:56:39.272346
00:13:A2:00:42:37:AD:AD,7.0,62.0,3.2844,53.0,0.0,100.0,0.59,1.38,2.0,2.31,1.99,3.77,4.62,4.79,4.82,1.12,49.45,25.22,318.0,2024-06-22 07:26:40.110332
00:13:A2:00:42:37:AD:AD,7.0,63.0,3.2844,53.0,0.0,100.0,1.23,1.3,1.3,1.3,8.32,9.8,9.83,9.84,9.84,0.45,49.42,25.21,335.0,2024-06-22 07:56:40.131617
00:13:A2:00:42:37:AD:AD,7.0,64.0,3.2844,53.0,0.0,100.0,2.15,3.4,4.32,4.79,11.53,15.7,17.01,17.26,17.32,0.75,49.39,25.27,348.0,2024-06-22 08:26:40.179240
00:13:A2:00:42:37:AD:AD,7.0,65.0,3.2844,53.0,0.0,100.0,1.61,2.76,3.64,4.07,8.07,11.51,12.73,12.97,13.02,0.89,49.3,25.27,325.0,2024-06-22 08:56:40.228943
00:13:A2:00:42:37:AD:AD,7.0,66.0,3.2844,53.0,0.0,100.0,0.53,1.4,2.1,2.45,1.33,3.17,4.12,4.31,4.35,0.94,49.17,25.35,329.0,2024-06-22 09:26:40.277719
00:13:A2:00:42:37:AD:AD,7.0,67.0,3.2844,53.0,0.0,100.0,1.16,1.71,2.11,2.31,6.56,8.64,9.21,9.32,9.35,0.69,49.05,25.38,326.0,2024-06-22 09:56:40.313656
00:13:A2:00:42:37:AD:AD,7.0,68.0,3.2844,53.0,0.0,100.0,1.18,1.24,1.24,1.24,7.97,9.38,9.42,9.42,9.42,0.27,48.89,25.44,334.0,2024-06-22 10:26:40.357673
00:13:A2:00:42:37:AD:AD,7.0,69.0,3.2844,53.0,0.0,100.0,1.76,1.86,1.86,1.86,11.9,14.01,14.06,14.07,14.07,0.37,48.72,25.51,352.0,2024-06-22 10:56:40.411740
00:13:A2:00:42:37:AD:AD,7.0,70.0,3.2844,53.0,0.0,100.0,1.24,1.31,1.31,1.31,8.42,9.92,9.96,9.96,9.96,0.39,48.52,25.55,339.0,2024-06-22 11:26:40.448217
00:13:A2:00:42:37:AD:AD,7.0,71.0,3.2844,53.0,0.0,100.0,0.64,0.68,0.68,0.68,4.35,5.12,5.14,5.14,5.14,0.31,48.3,25.62,339.0,2024-06-22 11:56:55.495652
00:13:A2:00:42:37:AD:AD,7.0,72.0,3.2844,53.0,0.0,100.0,1.26,1.33,1.33,1.33,8.55,10.07,10.11,10.11,10.11,0.32,48.15,25.72,325.0,2024-06-22 12:26:40.523180
00:13:A2:00:42:37:AD:AD,7.0,73.0,3.2844,53.0,0.0,100.0,0.64,0.68,0.68,0.68,4.38,5.16,5.18,5.18,5.18,0.43,48.04,25.75,340.0,2024-06-22 12:56:40.584037
00:13:A2:00:42:37:AD:AD,7.0,74.0,3.2844,53.0,0.0,100.0,0.84,1.0,1.1,1.15,5.38,6.55,6.71,6.74,6.74,0.51,47.97,25.83,349.0,2024-06-22 13:26:40.637202
00:13:A2:00:42:37:AD:AD,7.0,75.0,3.2844,53.0,0.0,100.0,1.24,2.32,3.16,3.57,5.65,8.57,9.73,9.96,10.01,1.05,47.94,25.85,340.0,2024-06-22 13:56:40.665445
00:13:A2:00:42:37:AD:AD,7.0,76.0,3.2844,53.0,0.0,100.0,1.21,1.88,2.37,2.62,6.56,8.86,9.56,9.7,9.73,0.81,47.89,25.89,325.0,2024-06-22 14:26:40.706600
00:13:A2:00:42:37:AD:AD,7.0,77.0,3.2844,53.0,0.0,100.0,1.84,1.94,1.94,1.94,12.44,14.64,14.7,14.7,14.71,0.35,47.88,25.93,337.0,2024-06-22 14:56:40.749009
00:13:A2:00:42:37:AD:AD,7.0,78.0,3.2844,53.0,0.0,100.0,1.91,2.02,2.02,2.02,12.9,15.18,15.24,15.24,15.25,0.44,47.83,25.96,316.0,2024-06-22 15:26:40.804844
00:13:A2:00:42:37:AD:AD,7.0,79.0,3.2844,53.0,0.0,100.0,0.8,0.84,0.84,0.84,5.41,6.36,6.39,6.39,6.39,0.33,47.8,25.95,320.0,2024-06-22 15:56:40.832351
00:13:A2:00:42:37:AD:AD,7.0,80.0,3.2844,53.0,0.0,100.0,1.35,1.43,1.43,1.43,9.17,10.8,10.84,10.84,10.85,0.33,47.84,26.01,308.0,2024-06-22 16:26:40.877586
00:13:A2:00:42:37:AD:AD,7.0,81.0,3.2844,53.0,0.0,100.0,1.27,1.34,1.34,1.34,8.59,10.12,10.16,10.16,10.16,0.42,47.77,26.02,286.0,2024-06-22 16:56:55.925470
00:13:A2:00:42:37:AD:AD,7.0,82.0,3.2844,53.0,0.0,100.0,2.37,2.51,2.51,2.51,16.06,18.9,18.97,18.98,18.98,0.29,47.68,26.1,322.0,2024-06-22 17:26:40.981212
00:13:A2:00:42:37:AD:AD,7.0,83.0,3.2844,53.0,0.0,100.0,1.35,1.43,1.43,1.43,9.18,10.81,10.85,10.85,10.85,0.39,47.66,26.14,306.0,2024-06-22 17:56:41.007720
00:13:A2:00:42:37:AD:AD,7.0,84.0,3.2844,53.0,0.0,100.0,1.87,1.98,1.98,1.98,12.65,14.89,14.95,14.95,14.95,0.41,47.62,26.13,299.0,2024-06-22 18:26:41.041910
00:13:A2:00:42:37:AD:AD,7.0,85.0,3.2844,53.0,0.0,100.0,1.9,2.39,2.7,2.86,11.86,14.68,15.16,15.24,15.26,0.6,47.57,26.16,292.0,2024-06-22 18:56:41.092687
00:13:A2:00:42:37:AD:AD,7.0,86.0,3.2844,53.0,0.0,100.0,1.91,2.03,2.03,2.03,12.96,15.26,15.32,15.32,15.32,0.34,47.58,26.14,310.0,2024-06-22 19:26:41.137119
00:13:A2:00:42:37:AD:AD,7.0,87.0,3.2844,53.0,0.0,100.0,1.3,1.38,1.38,1.38,8.81,10.38,10.41,10.42,10.42,0.44,47.6,26.12,313.0,2024-06-22 19:56:41.193279
00:13:A2:00:42:37:AD:AD,7.0,88.0,3.2844,53.0,0.0,100.0,3.59,3.79,3.79,3.79,24.25,28.55,28.66,28.67,28.67,0.39,47.67,26.06,290.0,2024-06-22 20:26:41.236240
00:13:A2:00:42:37:AD:AD,7.0,89.0,3.2844,53.0,0.0,100.0,1.26,1.33,1.33,1.33,8.55,10.07,10.11,10.11,10.11,0.39,47.73,26.03,296.0,2024-06-22 20:56:41.268264
00:13:A2:00:42:37:AD:AD,7.0,90.0,3.2844,53.0,0.0,100.0,1.4,1.87,2.19,2.36,8.39,10.63,11.11,11.2,11.22,0.55,47.88,25.97,303.0,2024-06-22 21:26:41.315937
00:13:A2:00:42:37:AD:AD,7.0,91.0,3.2844,53.0,0.0,100.0,2.32,2.45,2.45,2.45,15.68,18.46,18.53,18.53,18.53,0.38,48.02,25.93,310.0,2024-06-22 21:56:56.349156
00:13:A2:00:42:37:AD:AD,7.0,120.0,3.2844,53.0,0.0,100.0,1.19,1.26,1.26,1.26,8.09,9.52,9.56,9.56,9.56,0.42,48.54,25.7,299.0,2024-06-23 12:26:42.704346
00:13:A2:00:42:37:AD:AD,7.0,121.0,3.2844,53.0,0.0,100.0,1.29,1.36,1.36,1.36,8.71,10.26,10.3,10.3,10.3,0.4,48.53,25.72,273.0,2024-06-23 12:56:57.638082
00:13:A2:00:42:37:AD:AD,7.0,122.0,3.2844,53.0,0.0,100.0,1.84,1.95,1.95,1.95,12.47,14.68,14.74,14.74,14.75,0.32,48.49,25.74,297.0,2024-06-23 13:26:42.715533
00:13:A2:00:42:37:AD:AD,7.0,123.0,3.2844,53.0,0.0,100.0,0.62,0.78,0.88,0.93,3.88,4.8,4.95,4.98,4.99,0.52,48.5,25.75,285.0,2024-06-23 13:56:42.750049
00:13:A2:00:42:37:AD:AD,7.0,124.0,3.2844,53.0,0.0,100.0,0.62,0.66,0.66,0.66,4.22,4.97,4.98,4.99,4.99,0.34,48.47,25.75,263.0,2024-06-23 14:26:42.785566
00:13:A2:00:42:37:AD:AD,7.0,125.0,3.2844,53.0,0.0,100.0,1.79,1.89,1.89,1.89,12.13,14.28,14.33,14.34,14.34,0.4,48.44,25.79,285.0,2024-06-23 14:56:42.827651
00:13:A2:00:42:37:AD:AD,7.0,126.0,3.2844,53.0,0.0,100.0,0.7,0.74,0.74,0.74,4.76,5.61,5.63,5.63,5.63,0.32,48.46,25.8,272.0,2024-06-23 15:26:42.861077
00:13:A2:00:42:37:AD:AD,7.0,127.0,3.2844,53.0,0.0,100.0,0.62,0.65,0.65,0.65,4.19,4.93,4.95,4.95,4.96,0.27,48.53,25.81,287.0,2024-06-23 15:56:42.921071
00:13:A2:00:42:37:AD:AD,7.0,128.0,3.2844,53.0,0.0,100.0,0.6,0.78,0.9,0.96,3.67,4.6,4.78,4.82,4.82,0.48,48.55,25.84,270.0,2024-06-23 16:26:42.973492
00:13:A2:00:42:37:AD:AD,7.0,129.0,3.2844,53.0,0.0,100.0,1.75,2.2,2.49,2.64,10.92,13.52,13.96,14.04,14.06,0.48,48.59,25.82,268.0,2024-06-23 16:56:43.006738
00:13:A2:00:42:37:AD:AD,7.0,130.0,3.2844,53.0,0.0,100.0,1.26,1.33,1.33,1.33,8.51,10.02,10.06,10.06,10.07,0.34,48.92,25.8,286.0,2024-06-23 17:26:43.089763
00:13:A2:00:42:37:AD:AD,7.0,131.0,3.2844,53.0,0.0,100.0,2.18,2.31,2.31,2.31,14.77,17.39,17.46,17.46,17.46,0.35,49.11,25.77,280.0,2024-06-23 17:56:58.087233
00:13:A2:00:42:37:AD:AD,7.0,132.0,3.2844,53.0,0.0,100.0,0.65,0.86,1.0,1.07,3.99,5.02,5.22,5.26,5.27,0.5,49.13,25.8,281.0,2024-06-23 18:26:43.131476
00:13:A2:00:42:37:AD:AD,7.0,133.0,3.2844,53.0,0.0,100.0,0.61,0.87,1.05,1.15,3.52,4.57,4.84,4.89,4.91,0.61,49.18,25.77,282.0,2024-06-23 18:56:43.164185
00:13:A2:00:42:37:AD:AD,7.0,134.0,3.2844,53.0,0.0,100.0,0.59,0.63,0.63,0.63,4.03,4.75,4.77,4.77,4.77,0.46,49.34,25.77,242.0,2024-06-23 19:26:43.211379
00:13:A2:00:42:37:AD:AD,7.0,135.0,3.2844,53.0,0.0,100.0,0.59,0.8,0.94,1.01,3.56,4.52,4.73,4.77,4.78,0.54,49.53,25.75,282.0,2024-06-23 19:56:43.266373
00:13:A2:00:42:37:AD:AD,7.0,137.0,3.2844,53.0,0.0,100.0,1.12,1.19,1.19,1.19,7.61,8.95,8.99,8.99,8.99,0.27,49.85,25.74,263.0,2024-06-23 20:56:43.357171
00:13:A2:00:42:37:AD:AD,7.0,138.0,3.2844,53.0,0.0,100.0,0.55,1.13,1.59,1.82,2.24,3.69,4.32,4.44,4.47,1.09,50.04,25.75,258.0,2024-06-23 21:26:43.390361
00:13:A2:00:42:37:AD:AD,7.0,139.0,3.2844,53.0,0.0,100.0,1.15,1.22,1.22,1.22,7.82,9.21,9.25,9.25,9.25,0.42,50.35,25.71,276.0,2024-06-23 21:56:43.439119
00:13:A2:00:42:37:AD:AD,7.0,140.0,3.2844,53.0,0.0,100.0,0.6,0.73,0.82,0.86,3.81,4.68,4.8,4.83,4.83,0.54,50.58,25.72,257.0,2024-06-23 22:26:43.486106
00:13:A2:00:42:37:AD:AD,7.0,141.0,3.2844,53.0,0.0,100.0,0.56,1.26,1.82,2.09,2.02,3.65,4.4,4.55,4.59,1.18,50.84,25.7,283.0,2024-06-23 22:56:58.322540
00:13:A2:00:42:37:AD:AD,7.0,142.0,3.2844,53.0,0.0,100.0,0.0,0.0,0.0,0.0,0.0,0.0,0.0,0.0,0.0,1.62,50.84,25.71,302.0,2024-06-23 23:26:43.539546
00:13:A2:00:42:37:AD:AD,7.0,143.0,3.2844,53.0,0.0,100.0,0.54,0.81,1.01,1.11,3.05,4.05,4.33,4.38,4.39,0.67,50.93,25.7,294.0,2024-06-23 23:56:43.597911
00:13:A2:00:42:37:AD:AD,7.0,144.0,3.2844,53.0,0.0,100.0,0.55,0.91,1.17,1.31,2.91,4.03,4.41,4.48,4.49,0.77,51.03,25.66,291.0,2024-06-24 00:26:43.644356
00:13:A2:00:42:37:AD:AD,7.0,145.0,3.2844,53.0,0.0,100.0,0.44,1.69,2.71,3.21,0.0,1.98,3.35,3.62,3.68,1.62,51.06,25.64,261.0,2024-06-24 00:56:43.683180
00:13:A2:00:42:37:AD:AD,7.0,146.0,3.2844,53.0,0.0,100.0,0.55,1.29,1.88,2.17,1.85,3.53,4.33,4.49,4.52,1.18,51.12,25.61,285.0,2024-06-24 01:26:43.730696
00:13:A2:00:42:37:AD:AD,7.0,147.0,3.2844,53.0,0.0,100.0,1.25,1.32,1.32,1.32,8.47,9.97,10.01,10.01,10.02,0.27,51.08,25.63,275.0,2024-06-24 01:56:43.774497
00:13:A2:00:42:37:AD:AD,7.0,148.0,3.2844,53.0,0.0,100.0,0.47,1.63,2.56,3.03,0.16,2.34,3.6,3.86,3.91,1.62,51.11,25.63,275.0,2024-06-24 02:26:43.723246
00:13:A2:00:42:37:AD:AD,7.0,149.0,3.2844,53.0,0.0,100.0,0.53,1.38,2.05,2.39,1.38,3.18,4.1,4.28,4.32,1.02,51.04,25.61,297.0,2024-06-24 02:56:43.857440
00:13:A2:00:42:37:AD:AD,7.0,150.0,3.2844,53.0,0.0,100.0,0.58,0.61,0.61,0.61,3.91,4.61,4.63,4.63,4.63,0.27,51.02,25.61,266.0,2024-06-24 03:26:43.912028
00:13:A2:00:42:37:AD:AD,7.0,151.0,3.2844,53.0,0.0,100.0,0.57,0.6,0.6,0.6,3.85,4.54,4.55,4.55,4.55,0.27,51.01,25.59,282.0,2024-06-24 03:56:58.950750
00:13:A2:00:42:37:AD:AD,7.0,152.0,3.2844,53.0,0.0,100.0,0.56,0.83,1.04,1.14,3.12,4.14,4.43,4.48,4.5,0.67,50.92,25.58,275.0,2024-06-24 04:26:43.986293
00:13:A2:00:42:37:AD:AD,7.0,153.0,3.2844,53.0,0.0,100.0,0.41,2.18,3.63,4.35,0.0,1.09,3.04,3.42,3.51,1.62,50.86,25.57,268.0,2024-06-24 04:56:44.034902
00:13:A2:00:42:37:AD:AD,7.0,154.0,3.2844,53.0,0.0,100.0,0.62,0.66,0.66,0.66,4.23,4.98,5.0,5.0,5.01,0.27,50.85,25.56,296.0,2024-06-24 05:26:44.091501
00:13:A2:00:42:37:AD:AD,7.0,155.0,3.2844,53.0,0.0,100.0,0.62,0.66,0.66,0.66,4.23,4.98,5.0,5.0,5.01,0.27,50.8,25.55,272.0,2024-06-24 05:56:44.120354
00:13:A2:00:42:37:AD:AD,7.0,156.0,3.2844,53.0,0.0,100.0,0.59,0.62,0.62,0.62,4.01,4.72,4.74,4.74,4.74,0.27,50.78,25.54,271.0,2024-06-24 06:26:44.166215
00:13:A2:00:42:37:AD:AD,7.0,157.0,3.2844,53.0,0.0,100.0,0.54,0.81,1.01,1.11,3.05,4.05,4.33,4.38,4.39,0.67,50.66,25.53,298.0,2024-06-24 06:56:44.217986
00:13:A2:00:42:37:AD:AD,7.0,158.0,3.2844,53.0,0.0,100.0,0.6,0.64,0.64,0.64,4.11,4.84,4.86,4.86,4.87,0.27,50.41,25.5,278.0,2024-06-24 07:26:44.255190
00:13:A2:00:42:37:AD:AD,7.0,159.0,3.2844,53.0,0.0,100.0,0.0,0.0,0.0,0.0,0.0,0.0,0.0,0.0,0.0,1.62,50.09,25.51,264.0,2024-06-24 07:56:44.289982
00:13:A2:00:42:37:AD:AD,7.0,160.0,3.2844,53.0,0.0,100.0,0.0,0.0,0.0,0.0,0.0,0.0,0.0,0.0,0.0,1.62,49.81,25.52,266.0,2024-06-24 08:26:44.337060
00:13:A2:00:42:37:AD:AD,7.0,161.0,3.2844,53.0,0.0,100.0,0.41,2.06,3.41,4.08,0.0,1.23,3.04,3.4,3.48,1.62,49.49,25.51,277.0,2024-06-24 08:56:59.376279
00:13:A2:00:42:37:AD:AD,7.0,162.0,3.2844,53.0,0.0,100.0,0.62,0.66,0.66,0.66,4.23,4.98,5.0,5.0,5.01,0.27,49.27,25.5,275.0,2024-06-24 09:26:44.422397
00:13:A2:00:42:37:AD:AD,7.0,163.0,3.2844,53.0,0.0,100.0,1.18,1.77,2.2,2.41,6.6,8.76,9.37,9.49,9.51,0.67,49.11,25.48,268.0,2024-06-24 09:56:44.459859
00:13:A2:00:42:37:AD:AD,7.0,164.0,3.2844,53.0,0.0,100.0,0.62,0.65,0.65,0.65,4.19,4.93,4.95,4.95,4.96,0.27,48.98,25.47,273.0,2024-06-24 10:26:44.508427
00:13:A2:00:42:37:AD:AD,7.0,165.0,3.2844,53.0,0.0,100.0,0.62,0.65,0.65,0.65,4.19,4.93,4.95,4.95,4.96,0.27,48.91,25.47,267.0,2024-06-24 10:56:44.557263
00:13:A2:00:42:37:AD:AD,7.0,166.0,3.2844,53.0,0.0,100.0,0.41,2.18,3.63,4.35,0.0,1.09,3.04,3.42,3.51,1.62,48.75,25.49,275.0,2024-06-24 11:26:44.610688
00:13:A2:00:42:37:AD:AD,7.0,167.0,3.2844,53.0,0.0,100.0,0.63,0.66,0.66,0.66,4.27,5.02,5.04,5.04,5.05,0.42,48.63,25.5,270.0,2024-06-24 11:56:44.651310
00:13:A2:00:42:37:AD:AD,7.0,168.0,3.2844,53.0,0.0,100.0,0.59,0.83,1.0,1.08,3.45,4.45,4.7,4.75,4.76,0.52,48.63,25.5,284.0,2024-06-24 12:26:44.713151
00:13:A2:00:42:37:AD:AD,7.0,169.0,3.2844,53.0,0.0,100.0,0.62,0.66,0.66,0.66,4.23,4.98,5.0,5.0,5.01,0.27,48.69,25.49,279.0,2024-06-24 12:56:44.722473
00:13:A2:00:42:37:AD:AD,7.0,171.0,3.2844,53.0,0.0,100.0,0.5,1.18,1.73,2.0,1.6,3.14,3.88,4.03,4.06,1.2,48.75,25.46,265.0,2024-06-24 13:56:59.820782
00:13:A2:00:42:37:AD:AD,7.0,172.0,3.2844,53.0,0.0,100.0,1.24,1.32,1.32,1.32,8.43,9.92,9.96,9.96,9.97,0.46,48.76,25.51,270.0,2024-06-24 14:26:44.857050
00:13:A2:00:42:37:AD:AD,7.0,173.0,3.2844,53.0,0.0,100.0,0.53,0.8,0.99,1.09,2.99,3.96,4.24,4.29,4.3,0.67,48.76,25.45,270.0,2024-06-24 14:56:44.901477
00:13:A2:00:42:37:AD:AD,7.0,174.0,3.2844,53.0,0.0,100.0,0.53,1.08,1.5,1.71,2.26,3.63,4.21,4.32,4.35,0.67,48.78,25.44,279.0,2024-06-24 15:26:44.938829
00:13:A2:00:42:37:AD:AD,7.0,175.0,3.2844,53.0,0.0,100.0,1.15,1.55,1.83,1.97,6.91,8.77,9.18,9.26,9.27,0.54,48.83,25.4,282.0,2024-06-24 15:56:44.983804
00:13:A2:00:42:37:AD:AD,7.0,176.0,3.2844,53.0,0.0,100.0,1.25,1.32,1.32,1.32,8.44,9.94,9.98,9.98,9.98,0.38,49.05,25.34,249.0,2024-06-24 16:26:45.025601
00:13:A2:00:42:37:AD:AD,7.0,177.0,3.2844,53.0,0.0,100.0,3.6,3.81,3.81,3.81,24.33,28.64,28.75,28.76,28.77,0.34,49.19,25.29,261.0,2024-06-24 16:56:45.075584
00:13:A2:00:42:37:AD:AD,7.0,178.0,3.2844,53.0,0.0,100.0,0.63,0.67,0.67,0.67,4.28,5.04,5.06,5.06,5.06,0.35,49.27,25.27,293.0,2024-06-24 17:26:45.124493
00:13:A2:00:42:37:AD:AD,7.0,179.0,3.2844,53.0,0.0,100.0,0.62,1.03,1.35,1.51,3.16,4.45,4.89,4.98,5.0,0.81,49.3,25.22,261.0,2024-06-24 17:56:45.161268
00:13:A2:00:42:37:AD:AD,7.0,180.0,3.2844,53.0,0.0,100.0,1.72,1.82,1.82,1.82,11.64,13.7,13.76,13.76,13.76,0.29,49.32,25.23,278.0,2024-06-24 18:26:45.210066
00:13:A2:00:42:37:AD:AD,7.0,181.0,3.2844,53.0,0.0,100.0,0.59,0.63,0.63,0.63,4.02,4.74,4.75,4.76,4.76,0.42,49.3,25.27,259.0,2024-06-24 18:57:00.240876
00:13:A2:00:42:37:AD:AD,7.0,182.0,3.2844,53.0,0.0,100.0,1.62,2.73,3.57,3.99,8.22,11.61,12.78,13.01,13.06,0.87,49.22,25.38,270.0,2024-06-24 19:26:45.288762
00:13:A2:00:42:37:AD:AD,7.0,183.0,3.2844,53.0,0.0,100.0,1.56,2.85,3.85,4.35,7.32,10.91,12.29,12.56,12.62,0.94,48.8,25.93,272.0,2024-06-24 19:56:45.333899
00:13:A2:00:42:37:AD:AD,7.0,184.0,3.2844,53.0,0.0,100.0,0.69,0.95,1.13,1.22,4.07,5.22,5.48,5.53,5.54,0.51,48.44,25.95,264.0,2024-06-24 20:26:45.366754
00:13:A2:00:42:37:AD:AD,7.0,185.0,3.2844,53.0,0.0,100.0,3.33,4.93,6.1,6.68,18.69,24.69,26.35,26.67,26.75,0.67,48.61,25.8,260.0,2024-06-24 20:56:45.415439
00:13:A2:00:42:37:AD:AD,7.0,186.0,3.2844,53.0,0.0,100.0,4.12,4.87,5.29,5.49,26.52,32.18,32.87,32.99,33.02,0.57,49.09,25.62,251.0,2024-06-24 21:26:45.469262
00:13:A2:00:42:37:AD:AD,7.0,187.0,3.2844,53.0,0.0,100.0,3.5,3.71,3.71,3.71,23.7,27.9,28.0,28.01,28.01,0.33,49.4,25.46,265.0,2024-06-24 21:56:45.518979
00:13:A2:00:42:37:AD:AD,7.0,206.0,3.2844,53.0,0.0,100.0,2.25,3.43,4.3,4.74,12.38,16.57,17.81,18.04,18.1,0.76,50.17,24.68,310.0,2024-06-25 07:26:46.341827
00:13:A2:00:42:37:AD:AD,7.0,207.0,3.2844,53.0,0.0,100.0,0.74,0.78,0.78,0.78,5.02,5.91,5.94,5.94,5.94,0.41,49.84,24.69,321.0,2024-06-25 07:56:46.374670
00:13:A2:00:42:37:AD:AD,7.0,208.0,3.2844,53.0,0.0,100.0,3.53,3.73,3.73,3.73,23.85,28.08,28.18,28.19,28.2,0.3,49.6,24.66,290.0,2024-06-25 08:26:46.436408
00:13:A2:00:42:37:AD:AD,7.0,209.0,3.2844,53.0,0.0,100.0,1.27,1.35,1.35,1.35,8.62,10.15,10.19,10.19,10.19,0.41,49.47,24.69,306.0,2024-06-25 08:56:46.461543
00:13:A2:00:42:37:AD:AD,7.0,210.0,3.2844,53.0,0.0,100.0,0.83,0.88,0.88,0.88,5.62,6.62,6.64,6.64,6.64,0.39,49.31,24.69,324.0,2024-06-25 09:26:46.509954
00:13:A2:00:42:37:AD:AD,7.0,211.0,3.2844,53.0,0.0,100.0,3.91,4.73,5.23,5.48,24.82,30.35,31.14,31.28,31.31,0.54,49.23,24.71,315.0,2024-06-25 09:57:01.554814
00:13:A2:00:42:37:AD:AD,7.0,212.0,3.2844,53.0,0.0,100.0,1.63,2.94,3.94,4.43,7.81,11.49,12.88,13.15,13.21,0.94,49.15,24.74,299.0,2024-06-25 10:26:46.601621
00:13:A2:00:42:37:AD:AD,7.0,213.0,3.2844,53.0,0.0,100.0,0.8,1.08,1.28,1.38,4.79,6.1,6.38,6.44,6.45,0.67,49.08,24.73,310.0,2024-06-25 10:56:46.639790
00:13:A2:00:42:37:AD:AD,7.0,214.0,3.2844,53.0,0.0,100.0,1.29,1.37,1.37,1.37,8.77,10.33,10.37,10.37,10.37,0.37,49.08,24.75,343.0,2024-06-25 11:26:46.685365
00:13:A2:00:42:37:AD:AD,7.0,215.0,3.2844,53.0,0.0,100.0,0.79,0.83,0.83,0.83,5.35,6.29,6.32,6.32,6.32,0.37,49.09,24.79,307.0,2024-06-25 11:56:46.727572
00:13:A2:00:42:37:AD:AD,7.0,216.0,3.2844,53.0,0.0,100.0,0.91,1.41,1.78,1.97,5.01,6.74,7.26,7.36,7.39,0.75,49.11,24.8,305.0,2024-06-25 12:26:46.765048
00:13:A2:00:42:37:AD:AD,7.0,217.0,3.2844,53.0,0.0,100.0,2.04,2.16,2.16,2.16,13.8,16.24,16.3,16.31,16.31,0.4,49.14,24.81,307.0,2024-06-25 12:56:46.817612
00:13:A2:00:42:37:AD:AD,7.0,218.0,3.2844,53.0,0.0,100.0,1.99,2.5,2.83,2.99,12.44,15.39,15.89,15.98,16.0,0.62,49.14,24.84,312.0,2024-06-25 13:26:46.868340
00:13:A2:00:42:37:AD:AD,7.0,219.0,3.2844,53.0,0.0,100.0,1.72,2.21,2.53,2.69,10.57,13.19,13.67,13.76,13.78,0.67,49.01,24.85,292.0,2024-06-25 13:56:46.889804
00:13:A2:00:42:37:AD:AD,7.0,220.0,3.2844,53.0,0.0,100.0,4.33,5.37,6.02,6.35,27.14,33.45,34.46,34.64,34.69,0.57,48.84,24.88,283.0,2024-06-25 14:26:46.970007
00:13:A2:00:42:37:AD:AD,7.0,221.0,3.2844,53.0,0.0,100.0,5.55,5.87,5.87,5.87,37.51,44.16,44.33,44.34,44.35,0.39,48.6,24.87,289.0,2024-06-25 14:57:01.985712
00:13:A2:00:42:37:AD:AD,7.0,222.0,3.2844,53.0,0.0,100.0,4.39,5.01,5.31,5.47,28.67,34.46,35.0,35.09,35.11,0.48,48.41,24.91,293.0,2024-06-25 15:26:47.041781
00:13:A2:00:42:37:AD:AD,7.0,223.0,3.2844,53.0,0.0,100.0,2.84,3.31,3.56,3.69,18.41,22.26,22.68,22.75,22.77,0.55,48.12,24.91,300.0,2024-06-25 15:56:47.064860
00:13:A2:00:42:37:AD:AD,7.0,224.0,3.2844,53.0,0.0,100.0,3.92,4.15,4.15,4.15,26.53,31.23,31.35,31.36,31.36,0.34,47.91,24.95,303.0,2024-06-25 16:26:47.117135
00:13:A2:00:42:37:AD:AD,7.0,225.0,3.2844,53.0,0.0,100.0,3.42,3.62,3.62,3.62,23.13,27.23,27.33,27.34,27.34,0.39,47.73,25.04,290.0,2024-06-25 16:56:47.154022
00:13:A2:00:42:37:AD:AD,7.0,226.0,3.2844,53.0,0.0,100.0,7.2,8.85,9.88,10.39,45.3,55.69,57.28,57.57,57.64,0.65,47.47,25.16,298.0,2024-06-25 17:26:47.200328
00:13:A2:00:42:37:AD:AD,7.0,227.0,3.2844,53.0,0.0,100.0,4.61,5.78,6.52,6.89,28.77,35.57,36.71,36.91,36.96,0.69,47.25,25.32,266.0,2024-06-25 17:56:47.250842
00:13:A2:00:42:37:AD:AD,7.0,228.0,3.2844,53.0,0.0,100.0,6.35,7.27,7.73,7.96,41.45,49.85,50.66,50.8,50.83,0.49,47.02,25.49,267.0,2024-06-25 18:26:47.286088
00:13:A2:00:42:37:AD:AD,7.0,229.0,3.2844,53.0,0.0,100.0,8.8,9.3,9.3,9.3,59.43,69.96,70.23,70.25,70.26,0.46,46.72,25.64,290.0,2024-06-25 18:56:47.331327
00:13:A2:00:42:37:AD:AD,7.0,230.0,3.2844,53.0,0.0,100.0,5.95,6.42,6.53,6.59,39.83,47.14,47.47,47.51,47.52,0.47,46.45,25.79,284.0,2024-06-25 19:26:47.401587
00:13:A2:00:42:37:AD:AD,7.0,231.0,3.2844,53.0,0.0,100.0,5.98,6.32,6.32,6.32,40.4,47.56,47.74,47.75,47.76,0.41,45.8,25.97,277.0,2024-06-25 19:57:02.428807
00:13:A2:00:42:37:AD:AD,7.0,232.0,3.2844,53.0,0.0,100.0,8.54,9.43,9.75,9.92,56.65,67.43,68.13,68.23,68.27,0.49,45.88,25.84,310.0,2024-06-25 20:26:47.473664
00:13:A2:00:42:37:AD:AD,7.0,233.0,3.2844,53.0,0.0,100.0,9.39,11.46,12.72,13.35,59.37,72.79,74.76,75.12,75.2,0.59,46.07,25.65,256.0,2024-06-25 20:56:47.498452
00:13:A2:00:42:37:AD:AD,7.0,234.0,3.2844,53.0,0.0,100.0,5.75,6.52,6.88,7.05,37.72,45.23,45.88,45.99,46.02,0.54,46.36,25.47,292.0,2024-06-25 21:26:47.541790
00:13:A2:00:42:37:AD:AD,7.0,235.0,3.2844,53.0,0.0,100.0,7.49,7.92,7.92,7.92,50.64,59.61,59.84,59.86,59.87,0.38,46.63,25.31,271.0,2024-06-25 21:56:47.593102
00:13:A2:00:42:37:AD:AD,7.0,254.0,3.2844,53.0,0.0,100.0,2.65,3.9,4.81,5.27,14.93,19.67,20.97,21.22,21.28,0.85,49.01,24.56,278.0,2024-06-26 07:26:48.420720
00:13:A2:00:42:37:AD:AD,7.0,255.0,3.2844,53.0,0.0,100.0,3.81,4.19,4.33,4.39,25.32,30.12,30.42,30.46,30.47,0.47,49.06,24.56,284.0,2024-06-26 07:56:48.472253
00:13:A2:00:42:37:AD:AD,7.0,1.0,3.2844,53.0,0.0,100.0,2.1,2.39,2.53,2.59,13.8,16.56,16.81,16.85,16.86,0.51,49.16,24.57,300.0,2024-06-26 08:26:48.508655
00:13:A2:00:42:37:AD:AD,7.0,2.0,3.2844,53.0,0.0,100.0,2.8,3.15,3.31,3.39,18.45,22.08,22.38,22.42,22.44,0.48,49.1,24.58,276.0,2024-06-26 08:56:48.551365
00:13:A2:00:42:37:AD:AD,7.0,3.0,3.2844,53.0,0.0,100.0,1.01,1.35,1.58,1.7,6.1,7.72,8.06,8.13,8.14,0.75,49.18,24.62,283.0,2024-06-26 09:26:48.593072
00:13:A2:00:42:37:AD:AD,7.0,4.0,3.2844,53.0,0.0,100.0,1.94,2.31,2.52,2.62,12.47,15.17,15.51,15.57,15.58,0.51,49.3,24.64,305.0,2024-06-26 09:56:48.642270
00:13:A2:00:42:37:AD:AD,7.0,5.0,3.2844,53.0,0.0,100.0,3.72,4.57,5.09,5.35,23.46,28.82,29.63,29.78,29.82,0.58,49.38,24.65,300.0,2024-06-26 10:26:48.676770
00:13:A2:00:42:37:AD:AD,7.0,6.0,3.2844,53.0,0.0,100.0,2.57,2.9,3.05,3.12,16.9,20.24,20.52,20.56,20.58,0.49,49.44,24.66,291.0,2024-06-26 10:57:03.727785
00:13:A2:00:42:37:AD:AD,7.0,7.0,3.2844,53.0,0.0,100.0,2.08,2.39,2.55,2.63,13.55,16.31,16.59,16.64,16.65,0.58,49.41,24.69,280.0,2024-06-26 11:26:48.762147
00:13:A2:00:42:37:AD:AD,7.0,8.0,3.2844,53.0,0.0,100.0,2.58,2.97,3.17,3.27,16.82,20.26,20.61,20.66,20.68,0.51,49.54,24.75,301.0,2024-06-26 11:56:48.802168
00:13:A2:00:42:37:AD:AD,7.0,9.0,3.2844,53.0,0.0,100.0,2.93,3.1,3.1,3.1,19.83,23.34,23.43,23.44,23.44,0.44,49.63,24.72,282.0,2024-06-26 12:26:48.839769
00:13:A2:00:42:37:AD:AD,7.0,10.0,3.2844,53.0,0.0,100.0,3.69,4.47,4.93,5.17,23.42,28.64,29.38,29.51,29.55,0.58,49.83,24.75,269.0,2024-06-26 12:56:48.890940
00:13:A2:00:42:37:AD:AD,7.0,11.0,3.2844,53.0,0.0,100.0,3.7,3.92,3.92,3.92,25.04,29.48,29.59,29.6,29.61,0.46,49.95,24.8,291.0,2024-06-26 13:26:48.933787
00:13:A2:00:42:37:AD:AD,7.0,12.0,3.2844,53.0,0.0,100.0,6.83,7.22,7.22,7.22,46.12,54.3,54.5,54.52,54.53,0.43,50.01,24.82,290.0,2024-06-26 13:56:48.975886
00:13:A2:00:42:37:AD:AD,7.0,13.0,3.2844,53.0,0.0,100.0,7.4,8.38,8.85,9.08,48.5,58.16,59.0,59.14,59.18,0.49,50.02,24.83,279.0,2024-06-26 14:26:49.035230
00:13:A2:00:42:37:AD:AD,7.0,14.0,3.2844,53.0,0.0,100.0,3.1,3.46,3.62,3.7,20.45,24.43,24.73,24.78,24.79,0.47,50.35,24.86,332.0,2024-06-26 14:56:49.073443
00:13:A2:00:42:37:AD:AD,7.0,15.0,3.2844,53.0,0.0,100.0,5.59,5.92,5.92,5.92,37.81,44.51,44.67,44.69,44.69,0.41,50.22,24.9,329.0,2024-06-26 15:26:49.108908
00:13:A2:00:42:37:AD:AD,7.0,16.0,3.2844,53.0,0.0,100.0,9.31,10.99,11.93,12.4,59.84,72.61,74.15,74.42,74.49,0.6,50.15,24.89,306.0,2024-06-26 15:57:04.161480
00:13:A2:00:42:37:AD:AD,7.0,17.0,3.2844,53.0,0.0,100.0,6.21,7.35,7.99,8.31,39.9,48.45,49.5,49.68,49.73,0.55,50.1,24.96,295.0,2024-06-26 16:26:49.211264
00:13:A2:00:42:37:AD:AD,7.0,18.0,3.2844,53.0,0.0,100.0,8.43,8.92,8.92,8.92,56.99,67.09,67.34,67.36,67.37,0.41,50.26,24.93,298.0,2024-06-26 16:56:49.252855
00:13:A2:00:42:37:AD:AD,7.0,19.0,3.2844,53.0,0.0,100.0,3.43,3.63,3.63,3.63,23.2,27.31,27.42,27.42,27.43,0.42,50.36,24.88,277.0,2024-06-26 17:26:49.313356
00:13:A2:00:42:37:AD:AD,7.0,20.0,3.2844,53.0,0.0,100.0,4.5,5.1,5.39,5.53,29.49,35.36,35.88,35.97,35.99,0.47,50.41,24.85,279.0,2024-06-26 17:56:49.328453
00:13:A2:00:42:37:AD:AD,7.0,21.0,3.2844,53.0,0.0,100.0,6.84,7.24,7.24,7.24,46.24,54.44,54.65,54.66,54.67,0.38,50.54,24.8,293.0,2024-06-26 18:26:49.357796
00:13:A2:00:42:37:AD:AD,7.0,22.0,3.2844,53.0,0.0,100.0,5.15,5.94,6.35,6.55,33.45,40.32,41.03,41.15,41.18,0.51,50.66,24.75,283.0,2024-06-26 18:56:49.416965
00:13:A2:00:42:37:AD:AD,7.0,23.0,3.2844,53.0,0.0,100.0,6.83,7.62,7.96,8.13,45.03,53.79,54.44,54.54,54.57,0.52,50.77,24.72,285.0,2024-06-26 19:26:49.462210
00:13:A2:00:42:37:AD:AD,7.0,24.0,3.2844,53.0,0.0,100.0,5.58,6.54,7.07,7.34,36.0,43.6,44.48,44.63,44.67,0.5,50.88,24.66,288.0,2024-06-26 19:56:49.499293
00:13:A2:00:42:37:AD:AD,7.0,25.0,3.2844,53.0,0.0,100.0,3.11,3.74,4.12,4.3,19.82,24.19,24.79,24.9,24.92,0.63,50.97,24.63,299.0,2024-06-26 20:26:49.540582
00:13:A2:00:42:37:AD:AD,7.0,26.0,3.2844,53.0,0.0,100.0,4.42,4.68,4.68,4.68,29.9,35.2,35.33,35.34,35.35,0.46,51.14,24.61,298.0,2024-06-26 20:57:04.599333
00:13:A2:00:42:37:AD:AD,7.0,27.0,3.2844,53.0,0.0,100.0,5.52,6.35,6.77,6.98,35.96,43.29,44.02,44.15,44.18,0.6,51.08,24.6,288.0,2024-06-26 21:26:49.633118
00:13:A2:00:42:37:AD:AD,7.0,28.0,3.2844,53.0,0.0,100.0,4.29,4.53,4.53,4.53,28.97,34.11,34.24,34.24,34.25,0.47,51.16,24.56,279.0,2024-06-26 21:56:49.678787
00:13:A2:00:42:37:AD:AD,7.0,47.0,3.2844,53.0,0.0,100.0,4.78,6.34,7.39,7.92,28.87,36.42,37.98,38.28,38.35,0.53,51.96,24.31,284.0,2024-06-27 07:26:50.503451
00:13:A2:00:42:37:AD:AD,7.0,48.0,3.2844,53.0,0.0,100.0,2.46,2.6,2.6,2.6,16.65,19.6,19.68,19.68,19.69,0.31,51.92,24.27,292.0,2024-06-27 07:56:50.548801
00:13:A2:00:42:37:AD:AD,7.0,49.0,3.2844,53.0,0.0,100.0,0.75,0.79,0.79,0.79,5.09,5.99,6.02,6.02,6.02,0.43,51.86,24.26,285.0,2024-06-27 08:26:50.597183
00:13:A2:00:42:37:AD:AD,7.0,50.0,3.2844,53.0,0.0,100.0,1.39,1.65,1.8,1.87,8.92,10.84,11.08,11.13,11.14,0.52,51.77,24.29,302.0,2024-06-27 08:56:50.636119
00:13:A2:00:42:37:AD:AD,7.0,51.0,3.2844,53.0,0.0,100.0,1.86,1.97,1.97,1.97,12.62,14.86,14.92,14.92,14.93,0.46,51.71,24.29,297.0,2024-06-27 09:26:50.686881
00:13:A2:00:42:37:AD:AD,7.0,52.0,3.2844,53.0,0.0,100.0,0.66,0.7,0.7,0.7,4.5,5.3,5.32,5.32,5.32,0.34,51.62,24.31,274.0,2024-06-27 09:56:50.717834
00:13:A2:00:42:37:AD:AD,7.0,53.0,3.2844,53.0,0.0,100.0,3.54,3.74,3.74,3.74,23.93,28.17,28.27,28.28,28.29,0.34,51.58,24.33,295.0,2024-06-27 10:26:50.761639
00:13:A2:00:42:37:AD:AD,7.0,54.0,3.2844,53.0,0.0,100.0,3.22,4.98,6.28,6.93,17.55,23.65,25.49,25.85,25.93,0.88,51.53,24.34,290.0,2024-06-27 10:56:50.814267
00:13:A2:00:42:37:AD:AD,7.0,55.0,3.2844,53.0,0.0,100.0,2.44,2.58,2.58,2.58,16.49,19.42,19.49,19.49,19.5,0.32,51.41,24.33,268.0,2024-06-27 11:26:50.858826
00:13:A2:00:42:37:AD:AD,7.0,56.0,3.2844,53.0,0.0,100.0,1.86,2.09,2.2,2.25,12.23,14.64,14.84,14.87,14.88,0.51,51.41,24.36,284.0,2024-06-27 11:57:05.896311
00:13:A2:00:42:37:AD:AD,7.0,57.0,3.2844,53.0,0.0,100.0,0.68,0.72,0.72,0.72,4.64,5.47,5.49,5.49,5.49,0.44,51.24,24.38,282.0,2024-06-27 12:26:50.941536
00:13:A2:00:42:37:AD:AD,7.0,58.0,3.2844,53.0,0.0,100.0,1.23,1.3,1.3,1.3,8.34,9.82,9.86,9.86,9.86,0.37,51.24,24.38,277.0,2024-06-27 12:56:50.976235
00:13:A2:00:42:37:AD:AD,7.0,59.0,3.2844,53.0,0.0,100.0,1.21,1.52,1.71,1.81,7.6,9.4,9.69,9.75,9.76,0.67,51.22,24.4,287.0,2024-06-27 13:26:51.033691
00:13:A2:00:42:37:AD:AD,7.0,60.0,3.2844,53.0,0.0,100.0,1.77,2.14,2.37,2.48,11.24,13.74,14.1,14.16,14.18,0.48,51.13,24.38,273.0,2024-06-27 13:56:51.073642
00:13:A2:00:42:37:AD:AD,7.0,61.0,3.2844,53.0,0.0,100.0,2.26,3.02,3.55,3.81,13.58,17.19,17.96,18.1,18.14,0.66,51.03,24.43,278.0,2024-06-27 14:26:51.110329
00:13:A2:00:42:37:AD:AD,7.0,62.0,3.2844,53.0,0.0,100.0,1.28,1.49,1.61,1.67,8.29,10.02,10.22,10.25,10.26,0.51,50.82,24.44,267.0,2024-06-27 14:56:51.157646
00:13:A2:00:42:37:AD:AD,7.0,63.0,3.2844,53.0,0.0,100.0,2.49,2.63,2.63,2.63,16.84,19.82,19.9,19.9,19.91,0.37,50.63,24.46,275.0,2024-06-27 15:26:51.202652
00:13:A2:00:42:37:AD:AD,7.0,64.0,3.2844,53.0,0.0,100.0,3.29,5.21,6.64,7.35,17.57,23.98,25.99,26.38,26.47,0.7,50.53,24.46,274.0,2024-06-27 15:56:51.241391
00:13:A2:00:42:37:AD:AD,7.0,65.0,3.2844,53.0,0.0,100.0,0.81,0.94,1.01,1.05,5.31,6.41,6.52,6.54,6.55,0.49,50.31,24.51,299.0,2024-06-27 16:26:51.297892
00:13:A2:00:42:37:AD:AD,7.0,66.0,3.2844,53.0,0.0,100.0,1.93,2.04,2.04,2.04,13.07,15.39,15.45,15.45,15.45,0.45,49.68,24.55,273.0,2024-06-27 16:57:06.333951
00:13:A2:00:42:37:AD:AD,7.0,67.0,3.2844,53.0,0.0,100.0,1.3,1.38,1.38,1.38,8.84,10.41,10.45,10.45,10.45,0.4,49.44,24.59,265.0,2024-06-27 17:26:51.383089
00:13:A2:00:42:37:AD:AD,7.0,68.0,3.2844,53.0,0.0,100.0,1.28,1.47,1.57,1.63,8.33,10.04,10.21,10.24,10.25,0.5,49.11,24.63,288.0,2024-06-27 17:56:51.428146
00:13:A2:00:42:37:AD:AD,7.0,69.0,3.2844,53.0,0.0,100.0,1.91,2.02,2.02,2.02,12.93,15.23,15.28,15.29,15.29,0.34,48.73,24.6,272.0,2024-06-27 18:26:51.468051
00:13:A2:00:42:37:AD:AD,7.0,70.0,3.2844,53.0,0.0,100.0,3.03,3.2,3.2,3.2,20.49,24.12,24.21,24.22,24.22,0.42,48.31,24.52,286.0,2024-06-27 18:56:51.502610
00:13:A2:00:42:37:AD:AD,7.0,71.0,3.2844,53.0,0.0,100.0,2.99,3.16,3.16,3.16,20.23,23.82,23.91,23.92,23.92,0.4,47.95,24.44,293.0,2024-06-27 19:26:51.556620
00:13:A2:00:42:37:AD:AD,7.0,72.0,3.2844,53.0,0.0,100.0,2.37,2.9,3.23,3.39,14.95,18.35,18.86,18.95,18.98,0.61,47.58,24.35,275.0,2024-06-27 19:56:51.588328
00:13:A2:00:42:37:AD:AD,7.0,73.0,3.2844,53.0,0.0,100.0,2.43,3.07,3.48,3.68,15.13,18.75,19.37,19.49,19.51,0.64,47.31,24.4,264.0,2024-06-27 20:26:51.637387
00:13:A2:00:42:37:AD:AD,7.0,74.0,3.2844,53.0,0.0,100.0,3.08,3.26,3.26,3.26,20.82,24.51,24.6,24.61,24.61,0.46,47.32,24.3,267.0,2024-06-27 20:56:51.683154
00:13:A2:00:42:37:AD:AD,7.0,75.0,3.2844,53.0,0.0,100.0,1.02,1.07,1.07,1.07,6.89,8.12,8.15,8.15,8.15,0.46,47.3,24.19,278.0,2024-06-27 21:26:51.727514
00:13:A2:00:42:37:AD:AD,7.0,76.0,3.2844,53.0,0.0,100.0,2.43,2.57,2.57,2.57,16.43,19.34,19.42,19.42,19.43,0.4,47.22,24.09,279.0,2024-06-27 21:57:06.771292
00:13:A2:00:42:37:AD:AD,7.0,95.0,3.2844,53.0,0.0,100.0,1.84,2.21,2.43,2.55,11.71,14.3,14.65,14.72,14.73,0.69,44.82,23.48,283.0,2024-06-28 07:26:52.601086
00:13:A2:00:42:37:AD:AD,7.0,96.0,3.2844,53.0,0.0,100.0,0.55,1.03,1.39,1.57,2.58,3.87,4.37,4.47,4.5,0.84,44.52,23.47,303.0,2024-06-28 07:57:07.648448
00:13:A2:00:42:37:AD:AD,7.0,97.0,3.2844,53.0,0.0,100.0,0.7,0.74,0.74,0.74,4.74,5.59,5.61,5.61,5.61,0.29,44.33,23.51,281.0,2024-06-28 08:26:52.695542
00:13:A2:00:42:37:AD:AD,7.0,98.0,3.2844,53.0,0.0,100.0,1.22,1.29,1.29,1.29,8.25,9.71,9.75,9.75,9.75,0.33,44.15,23.5,285.0,2024-06-28 08:56:52.736400
00:13:A2:00:42:37:AD:AD,7.0,99.0,3.2844,53.0,0.0,100.0,1.54,3.21,4.52,5.17,6.15,10.24,12.04,12.39,12.47,1.04,43.91,23.48,307.0,2024-06-28 09:26:52.780583
00:13:A2:00:42:37:AD:AD,7.0,100.0,3.2844,53.0,0.0,100.0,1.04,2.41,3.48,4.02,3.58,6.69,8.16,8.45,8.52,1.22,43.63,23.49,290.0,2024-06-28 09:56:52.827279
00:13:A2:00:42:37:AD:AD,7.0,101.0,3.2844,53.0,0.0,100.0,0.59,0.84,1.03,1.12,3.4,4.43,4.69,4.74,4.75,0.57,43.24,23.5,296.0,2024-06-28 10:26:52.871295
00:13:A2:00:42:37:AD:AD,7.0,102.0,3.2844,53.0,0.0,100.0,1.2,1.27,1.27,1.27,8.13,9.57,9.61,9.61,9.61,0.47,42.89,23.52,288.0,2024-06-28 10:56:52.918306
00:13:A2:00:42:37:AD:AD,7.0,103.0,3.2844,53.0,0.0,100.0,0.8,0.85,0.85,0.85,5.45,6.42,6.44,6.45,6.45,0.46,42.43,23.53,297.0,2024-06-28 11:26:52.949514
00:13:A2:00:42:37:AD:AD,7.0,104.0,3.2844,53.0,0.0,100.0,1.82,1.92,1.92,1.92,12.31,14.49,14.55,14.55,14.55,0.46,42.01,23.55,287.0,2024-06-28 11:56:52.998362
00:13:A2:00:42:37:AD:AD,7.0,105.0,3.2844,53.0,0.0,100.0,0.66,0.7,0.7,0.7,4.47,5.27,5.29,5.29,5.29,0.37,41.64,23.57,269.0,2024-06-28 12:26:53.050881
00:13:A2:00:42:37:AD:AD,7.0,106.0,3.2844,53.0,0.0,100.0,0.63,0.97,1.23,1.36,3.42,4.62,4.99,5.06,5.07,0.78,41.06,23.58,253.0,2024-06-28 12:57:08.090262
00:13:A2:00:42:37:AD:AD,7.0,107.0,3.2844,53.0,0.0,100.0,1.66,2.37,2.88,3.13,9.59,12.45,13.18,13.32,13.36,0.63,41.0,23.62,286.0,2024-06-28 13:26:53.129684
00:13:A2:00:42:37:AD:AD,7.0,108.0,3.2844,53.0,0.0,100.0,1.26,1.34,1.34,1.34,8.57,10.09,10.13,10.13,10.13,0.32,40.8,23.62,291.0,2024-06-28 13:56:53.176469
00:13:A2:00:42:37:AD:AD,7.0,109.0,3.2844,53.0,0.0,100.0,1.05,2.23,3.15,3.61,4.1,6.95,8.22,8.47,8.53,1.05,40.56,23.6,278.0,2024-06-28 14:26:53.220975
00:13:A2:00:42:37:AD:AD,7.0,110.0,3.2844,53.0,0.0,100.0,1.63,2.58,3.28,3.64,8.78,11.96,12.95,13.14,13.18,0.88,40.46,23.61,282.0,2024-06-28 14:56:53.269124
00:13:A2:00:42:37:AD:AD,7.0,111.0,3.2844,53.0,0.0,100.0,1.21,1.28,1.28,1.28,8.21,9.66,9.7,9.7,9.71,0.29,40.34,23.6,268.0,2024-06-28 15:26:53.305080
00:13:A2:00:42:37:AD:AD,7.0,112.0,3.2844,53.0,0.0,100.0,0.52,1.21,1.76,2.03,1.78,3.35,4.1,4.24,4.28,1.17,40.13,23.63,268.0,2024-06-28 15:56:53.354113
00:13:A2:00:42:37:AD:AD,7.0,113.0,3.2844,53.0,0.0,100.0,1.17,1.75,2.17,2.39,6.56,8.7,9.3,9.42,9.44,0.6,40.16,23.66,293.0,2024-06-28 16:26:53.399139
00:13:A2:00:42:37:AD:AD,7.0,114.0,3.2844,53.0,0.0,100.0,1.69,1.79,1.79,1.79,11.44,13.47,13.53,13.53,13.53,0.3,40.1,23.74,288.0,2024-06-28 16:56:53.437941
00:13:A2:00:42:37:AD:AD,7.0,115.0,3.2844,53.0,0.0,100.0,1.19,1.26,1.26,1.26,8.08,9.51,9.55,9.55,9.55,0.45,39.86,23.86,268.0,2024-06-28 17:26:53.479175
00:13:A2:00:42:37:AD:AD,7.0,116.0,3.2844,53.0,0.0,100.0,1.09,1.89,2.51,2.81,5.39,7.75,8.6,8.77,8.81,0.92,39.32,23.99,269.0,2024-06-28 17:57:08.523313
00:13:A2:00:42:37:AD:AD,7.0,117.0,3.2844,53.0,0.0,100.0,0.67,0.97,1.19,1.3,3.81,4.99,5.31,5.37,5.39,0.5,39.21,24.15,272.0,2024-06-28 18:26:53.565922
00:13:A2:00:42:37:AD:AD,7.0,118.0,3.2844,53.0,0.0,100.0,0.58,0.61,0.61,0.61,3.93,4.63,4.64,4.64,4.64,0.46,39.02,24.28,274.0,2024-06-28 18:56:53.614717
00:13:A2:00:42:37:AD:AD,7.0,119.0,3.2844,53.0,0.0,100.0,1.14,1.82,2.33,2.58,6.09,8.33,9.04,9.18,9.21,0.87,38.97,24.47,273.0,2024-06-28 19:26:53.651071
00:13:A2:00:42:37:AD:AD,7.0,120.0,3.2844,53.0,0.0,100.0,1.19,1.56,1.81,1.94,7.23,9.09,9.46,9.53,9.55,0.51,38.86,24.58,271.0,2024-06-28 19:56:53.693883
00:13:A2:00:42:37:AD:AD,7.0,121.0,3.2844,53.0,0.0,100.0,1.2,1.67,2.0,2.16,7.05,9.06,9.54,9.63,9.65,0.59,39.0,24.47,274.0,2024-06-28 20:26:53.734116
00:13:A2:00:42:37:AD:AD,7.0,122.0,3.2844,53.0,0.0,100.0,0.46,1.67,2.65,3.14,0.0,2.15,3.48,3.74,3.8,1.62,39.24,24.31,261.0,2024-06-28 20:56:53.783340
00:13:A2:00:42:37:AD:AD,7.0,123.0,3.2844,53.0,0.0,100.0,0.64,0.67,0.67,0.67,4.34,5.11,5.13,5.13,5.13,0.32,39.56,24.17,277.0,2024-06-28 21:26:53.835626
00:13:A2:00:42:37:AD:AD,7.0,124.0,3.2844,53.0,0.0,100.0,0.56,1.1,1.53,1.75,2.39,3.8,4.39,4.5,4.53,1.12,39.81,24.04,271.0,2024-06-28 21:56:53.882058
00:13:A2:00:42:37:AD:AD,7.0,143.0,3.2844,53.0,0.0,100.0,0.98,2.97,4.57,5.37,1.46,5.39,7.56,7.99,8.08,1.09,42.22,23.36,287.0,2024-06-29 07:26:54.712432
00:13:A2:00:42:37:AD:AD,7.0,144.0,3.2844,53.0,0.0,100.0,1.57,3.54,5.09,5.87,5.59,10.15,12.27,12.69,12.78,0.85,42.26,23.39,293.0,2024-06-29 07:56:54.755420
00:13:A2:00:42:37:AD:AD,7.0,145.0,3.2844,53.0,0.0,100.0,0.63,0.67,0.67,0.67,4.28,5.03,5.05,5.05,5.06,0.32,42.29,23.41,278.0,2024-06-29 08:26:54.799695
00:13:A2:00:42:37:AD:AD,7.0,146.0,3.2844,53.0,0.0,100.0,1.18,1.46,1.63,1.71,7.46,9.18,9.44,9.49,9.5,0.48,42.27,23.45,295.0,2024-06-29 08:57:09.845209
00:13:A2:00:42:37:AD:AD,7.0,147.0,3.2844,53.0,0.0,100.0,1.67,3.51,4.95,5.67,6.59,11.07,13.05,13.44,13.52,1.02,42.24,23.52,299.0,2024-06-29 09:26:54.890039
00:13:A2:00:42:37:AD:AD,7.0,148.0,3.2844,53.0,0.0,100.0,0.53,1.33,1.97,2.29,1.52,3.25,4.12,4.3,4.33,1.17,42.24,23.55,283.0,2024-06-29 09:56:54.918695
00:13:A2:00:42:37:AD:AD,7.0,149.0,3.2844,53.0,0.0,100.0,1.81,1.91,1.91,1.91,12.22,14.39,14.45,14.45,14.45,0.33,42.23,23.6,282.0,2024-06-29 10:26:54.972555
00:13:A2:00:42:37:AD:AD,7.0,150.0,3.2844,53.0,0.0,100.0,1.18,1.25,1.25,1.25,8.01,9.43,9.47,9.47,9.47,0.33,42.22,23.64,275.0,2024-06-29 10:56:55.011483
00:13:A2:00:42:37:AD:AD,7.0,151.0,3.2844,53.0,0.0,100.0,0.56,1.09,1.51,1.71,2.47,3.86,4.43,4.54,4.57,0.94,42.22,23.65,277.0,2024-06-29 11:26:55.061591
00:13:A2:00:42:37:AD:AD,7.0,152.0,3.2844,53.0,0.0,100.0,0.56,1.13,1.58,1.8,2.38,3.83,4.44,4.56,4.59,0.67,42.18,23.7,283.0,2024-06-29 11:56:55.110182
00:13:A2:00:42:37:AD:AD,7.0,153.0,3.2844,53.0,0.0,100.0,0.61,0.64,0.64,0.64,4.14,4.88,4.9,4.9,4.9,0.34,42.23,23.71,264.0,2024-06-29 12:26:55.144206
00:13:A2:00:42:37:AD:AD,7.0,154.0,3.2844,53.0,0.0,100.0,1.71,2.17,2.47,2.62,10.62,13.19,13.64,13.72,13.74,0.53,42.25,23.7,285.0,2024-06-29 12:56:55.185016
00:13:A2:00:42:37:AD:AD,7.0,155.0,3.2844,53.0,0.0,100.0,0.68,0.72,0.72,0.72,4.64,5.47,5.49,5.49,5.49,0.36,42.29,23.69,292.0,2024-06-29 13:26:55.233471
00:13:A2:00:42:37:AD:AD,7.0,156.0,3.2844,53.0,0.0,100.0,0.53,1.1,1.54,1.76,2.15,3.56,4.17,4.29,4.31,0.75,42.37,23.67,300.0,2024-06-29 13:57:10.276800
00:13:A2:00:42:37:AD:AD,7.0,157.0,3.2844,53.0,0.0,100.0,0.64,0.68,0.68,0.68,4.38,5.16,5.18,5.18,5.18,0.4,42.36,23.68,286.0,2024-06-29 14:26:55.326990
00:13:A2:00:42:37:AD:AD,7.0,158.0,3.2844,53.0,0.0,100.0,0.61,0.64,0.64,0.64,4.12,4.85,4.87,4.87,4.87,0.42,42.48,23.66,297.0,2024-06-29 14:56:55.371702
00:13:A2:00:42:37:AD:AD,7.0,159.0,3.2844,53.0,0.0,100.0,1.18,1.25,1.25,1.25,8.03,9.45,9.49,9.49,9.49,0.36,42.52,23.65,290.0,2024-06-29 15:26:55.420555
00:13:A2:00:42:37:AD:AD,7.0,160.0,3.2844,53.0,0.0,100.0,1.14,1.2,1.2,1.2,7.7,9.06,9.1,9.1,9.1,0.32,42.6,23.64,286.0,2024-06-29 15:56:55.452640
00:13:A2:00:42:37:AD:AD,7.0,161.0,3.2844,53.0,0.0,100.0,1.09,1.64,2.04,2.23,6.13,8.13,8.69,8.8,8.83,0.67,42.68,23.63,290.0,2024-06-29 16:26:55.508727
00:13:A2:00:42:37:AD:AD,7.0,162.0,3.2844,53.0,0.0,100.0,0.93,3.43,5.46,6.47,0.0,4.33,7.07,7.61,7.73,1.62,42.71,23.6,291.0,2024-06-29 16:56:55.547960
00:13:A2:00:42:37:AD:AD,7.0,163.0,3.2844,53.0,0.0,100.0,0.5,1.26,1.86,2.16,1.48,3.12,3.94,4.1,4.13,0.98,42.81,23.59,303.0,2024-06-29 17:26:55.574901
00:13:A2:00:42:37:AD:AD,7.0,164.0,3.2844,53.0,0.0,100.0,0.5,1.73,2.72,3.22,0.14,2.45,3.8,4.06,4.12,1.62,42.91,23.57,314.0,2024-06-29 17:56:55.628605
00:13:A2:00:42:37:AD:AD,7.0,165.0,3.2844,53.0,0.0,100.0,0.65,0.69,0.69,0.69,4.43,5.21,5.23,5.23,5.23,0.42,42.98,23.57,297.0,2024-06-29 18:26:55.673305
00:13:A2:00:42:37:AD:AD,7.0,166.0,3.2844,53.0,0.0,100.0,1.04,2.77,4.15,4.84,2.57,6.2,8.07,8.44,8.53,1.33,43.12,23.53,309.0,2024-06-29 18:57:10.731703
00:13:A2:00:42:37:AD:AD,7.0,167.0,3.2844,53.0,0.0,100.0,1.2,1.27,1.27,1.27,8.15,9.59,9.63,9.63,9.63,0.3,43.12,23.55,300.0,2024-06-29 19:26:55.762865
00:13:A2:00:42:37:AD:AD,7.0,168.0,3.2844,53.0,0.0,100.0,2.19,3.65,4.74,5.29,11.28,15.8,17.34,17.64,17.7,0.91,43.27,23.51,293.0,2024-06-29 19:56:55.813220
00:13:A2:00:42:37:AD:AD,7.0,169.0,3.2844,53.0,0.0,100.0,1.06,2.04,2.8,3.18,4.74,7.32,8.36,8.57,8.61,0.63,43.35,23.48,302.0,2024-06-29 20:26:55.845105
00:13:A2:00:42:37:AD:AD,7.0,170.0,3.2844,53.0,0.0,100.0,0.63,0.8,0.91,0.97,3.92,4.87,5.04,5.07,5.08,0.49,43.46,23.48,294.0,2024-06-29 20:56:55.893485
00:13:A2:00:42:37:AD:AD,7.0,171.0,3.2844,53.0,0.0,100.0,0.67,0.71,0.71,0.71,4.58,5.4,5.42,5.42,5.42,0.37,43.56,23.46,315.0,2024-06-29 21:26:55.937397
00:13:A2:00:42:37:AD:AD,7.0,172.0,3.2844,53.0,0.0,100.0,1.26,1.34,1.34,1.34,8.56,10.07,10.11,10.11,10.12,0.3,43.66,23.44,303.0,2024-06-29 21:56:55.983296
00:13:A2:00:42:37:AD:AD,7.0,201.0,3.2844,53.0,0.0,100.0,4.94,5.23,5.23,5.23,33.4,39.33,39.47,39.49,39.49,0.38,50.55,23.95,262.0,2024-06-30 12:26:57.261144
00:13:A2:00:42:37:AD:AD,7.0,202.0,3.2844,53.0,0.0,100.0,6.26,6.62,6.62,6.62,42.28,49.77,49.96,49.98,49.98,0.4,50.8,23.99,250.0,2024-06-30 12:56:57.299205
00:13:A2:00:42:37:AD:AD,7.0,203.0,3.2844,53.0,0.0,100.0,4.74,5.01,5.01,5.01,32.03,37.7,37.85,37.86,37.86,0.43,51.87,24.01,286.0,2024-06-30 13:26:57.349433
00:13:A2:00:42:37:AD:AD,7.0,204.0,3.2844,53.0,0.0,100.0,6.68,7.06,7.06,7.06,45.12,53.12,53.32,53.33,53.34,0.39,52.6,24.0,284.0,2024-06-30 13:56:57.381225
00:13:A2:00:42:37:AD:AD,7.0,205.0,3.2844,53.0,0.0,100.0,3.21,4.26,4.99,5.35,19.32,24.41,25.47,25.67,25.72,0.73,52.84,23.97,266.0,2024-06-30 14:26:57.423993
00:13:A2:00:42:37:AD:AD,7.0,206.0,3.2844,53.0,0.0,100.0,8.82,10.27,11.06,11.45,57.03,68.94,70.25,70.48,70.54,0.58,53.3,23.99,270.0,2024-06-30 14:57:12.482210
00:13:A2:00:42:37:AD:AD,7.0,207.0,3.2844,53.0,0.0,100.0,3.44,3.93,4.17,4.29,22.52,27.06,27.48,27.55,27.57,0.53,53.23,24.04,287.0,2024-06-30 15:26:57.532348
00:13:A2:00:42:37:AD:AD,7.0,208.0,3.2844,53.0,0.0,100.0,3.9,4.12,4.12,4.12,26.36,31.04,31.15,31.16,31.17,0.43,53.47,24.07,274.0,2024-06-30 15:56:57.563284
00:13:A2:00:42:37:AD:AD,7.0,209.0,3.2844,53.0,0.0,100.0,3.95,4.18,4.18,4.18,26.71,31.44,31.56,31.57,31.57,0.33,53.75,24.09,262.0,2024-06-30 16:26:57.612290
00:13:A2:00:42:37:AD:AD,7.0,210.0,3.2844,53.0,0.0,100.0,2.52,2.91,3.11,3.21,16.42,19.79,20.13,20.19,20.21,0.59,53.93,24.12,278.0,2024-06-30 16:56:57.649915
00:13:A2:00:42:37:AD:AD,7.0,211.0,3.2844,53.0,0.0,100.0,3.41,3.6,3.6,3.6,23.05,27.13,27.24,27.25,27.25,0.45,53.82,24.2,269.0,2024-06-30 17:26:57.691082
00:13:A2:00:42:37:AD:AD,7.0,212.0,3.2844,53.0,0.0,100.0,2.57,2.72,2.72,2.72,17.41,20.49,20.57,20.58,20.58,0.46,53.87,24.28,266.0,2024-06-30 17:56:57.726854
00:13:A2:00:42:37:AD:AD,7.0,213.0,3.2844,53.0,0.0,100.0,2.64,2.8,2.8,2.8,17.89,21.06,21.14,21.14,21.15,0.41,53.88,24.48,292.0,2024-06-30 18:26:57.779654
00:13:A2:00:42:37:AD:AD,7.0,214.0,3.2844,53.0,0.0,100.0,1.46,1.55,1.55,1.55,9.91,11.67,11.72,11.72,11.72,0.43,53.73,24.67,273.0,2024-06-30 18:56:57.820424
00:13:A2:00:42:37:AD:AD,7.0,215.0,3.2844,53.0,0.0,100.0,6.04,6.38,6.38,6.38,40.79,48.02,48.2,48.22,48.22,0.45,53.39,24.95,298.0,2024-06-30 19:26:57.866209
00:13:A2:00:42:37:AD:AD,7.0,216.0,3.2844,53.0,0.0,100.0,1.97,2.33,2.53,2.63,12.71,15.42,15.75,15.81,15.82,0.48,52.07,25.7,276.0,2024-06-30 19:57:12.911730
00:13:A2:00:42:37:AD:AD,7.0,217.0,3.2844,53.0,0.0,100.0,2.03,2.14,2.14,2.14,13.73,16.16,16.22,16.23,16.23,0.43,51.38,25.79,280.0,2024-06-30 20:26:57.946270
00:13:A2:00:42:37:AD:AD,7.0,218.0,3.2844,53.0,0.0,100.0,1.94,2.41,2.7,2.85,12.17,15.01,15.46,15.54,15.56,0.64,51.53,25.48,288.0,2024-06-30 20:56:57.994633
00:13:A2:00:42:37:AD:AD,7.0,219.0,3.2844,53.0,0.0,100.0,4.68,4.95,4.95,4.95,31.65,37.26,37.41,37.42,37.42,0.38,51.79,25.19,289.0,2024-06-30 21:26:58.043716
00:13:A2:00:42:37:AD:AD,7.0,220.0,3.2844,53.0,0.0,100.0,1.99,2.42,2.68,2.81,12.63,15.47,15.87,15.95,15.96,0.58,52.02,24.97,278.0,2024-06-30 21:56:58.085171
00:13:A2:00:42:37:AD:AD,7.0,221.0,3.2844,53.0,0.0,100.0,0.92,1.06,1.14,1.18,5.97,7.21,7.34,7.36,7.37,0.61,52.23,24.81,286.0,2024-06-30 22:26:58.122628
00:13:A2:00:42:37:AD:AD,7.0,222.0,3.2844,53.0,0.0,100.0,2.53,3.05,3.35,3.51,16.14,19.7,20.18,20.27,20.29,0.47,52.35,24.66,284.0,2024-06-30 22:56:58.169920
00:13:A2:00:42:37:AD:AD,7.0,223.0,3.2844,53.0,0.0,100.0,1.71,2.64,3.32,3.66,9.37,12.6,13.57,13.76,13.8,0.69,52.44,24.54,281.0,2024-06-30 23:26:58.222994
00:13:A2:00:42:37:AD:AD,7.0,224.0,3.2844,53.0,0.0,100.0,0.69,1.06,1.33,1.47,3.83,5.13,5.52,5.59,5.61,0.82,52.48,24.45,291.0,2024-06-30 23:56:58.247700
00:13:A2:00:42:37:AD:AD,7.0,225.0,3.2844,53.0,0.0,100.0,1.88,2.36,2.66,2.81,11.71,14.49,14.96,15.04,15.07,0.54,52.47,24.37,283.0,2024-07-01 00:26:58.298416
00:13:A2:00:42:37:AD:AD,7.0,226.0,3.2844,53.0,0.0,100.0,1.37,1.45,1.45,1.45,9.29,10.94,10.98,10.99,10.99,0.35,52.61,24.32,284.0,2024-07-01 00:57:13.342698
00:13:A2:00:42:37:AD:AD,7.0,227.0,3.2844,53.0,0.0,100.0,0.71,1.15,1.49,1.65,3.72,5.15,5.62,5.71,5.73,0.82,52.46,24.3,285.0,2024-07-01 01:26:58.386357
00:13:A2:00:42:37:AD:AD,7.0,228.0,3.2844,53.0,0.0,100.0,1.23,1.68,1.99,2.14,7.33,9.35,9.8,9.89,9.91,0.74,52.43,24.24,292.0,2024-07-01 01:56:58.434280
00:13:A2:00:42:37:AD:AD,7.0,229.0,3.2844,53.0,0.0,100.0,1.21,1.5,1.69,1.79,7.56,9.33,9.62,9.67,9.68,0.51,52.4,24.2,301.0,2024-07-01 02:26:58.464218
00:13:A2:00:42:37:AD:AD,7.0,230.0,3.2844,53.0,0.0,100.0,1.24,1.32,1.32,1.32,8.43,9.92,9.96,9.96,9.96,0.42,52.38,24.16,292.0,2024-07-01 02:56:58.518428
00:13:A2:00:42:37:AD:AD,7.0,231.0,3.2844,53.0,0.0,100.0,2.98,3.15,3.15,3.15,20.15,23.72,23.81,23.82,23.82,0.42,52.34,24.15,285.0,2024-07-01 03:26:58.557445
00:13:A2:00:42:37:AD:AD,7.0,232.0,3.2844,53.0,0.0,100.0,1.75,2.62,3.26,3.58,9.81,13.01,13.91,14.09,14.13,0.82,52.35,24.14,296.0,2024-07-01 03:56:58.598196
00:13:A2:00:42:37:AD:AD,7.0,233.0,3.2844,53.0,0.0,100.0,0.62,0.66,0.66,0.66,4.23,4.98,5.0,5.0,5.0,0.35,52.3,24.14,293.0,2024-07-01 04:26:58.643610
00:13:A2:00:42:37:AD:AD,7.0,234.0,3.2844,53.0,0.0,100.0,0.69,0.73,0.73,0.73,4.72,5.56,5.58,5.58,5.58,0.4,52.2,24.09,323.0,2024-07-01 04:56:58.690676
00:13:A2:00:42:37:AD:AD,7.0,235.0,3.2844,53.0,0.0,100.0,1.16,1.23,1.23,1.23,7.89,9.29,9.32,9.33,9.33,0.46,52.17,24.09,307.0,2024-07-01 05:26:58.736342
00:13:A2:00:42:37:AD:AD,7.0,236.0,3.2844,53.0,0.0,100.0,1.11,1.18,1.18,1.18,7.53,8.87,8.9,8.9,8.91,0.27,52.18,24.07,293.0,2024-07-01 05:57:13.779440
00:13:A2:00:42:37:AD:AD,7.0,237.0,3.2844,53.0,0.0,100.0,0.59,0.89,1.11,1.21,3.33,4.42,4.73,4.79,4.8,0.67,52.01,24.08,303.0,2024-07-01 06:26:58.813132
00:13:A2:00:42:37:AD:AD,7.0,238.0,3.2844,53.0,0.0,100.0,1.69,1.79,1.79,1.79,11.44,13.47,13.53,13.53,13.53,0.31,51.88,24.06,300.0,2024-07-01 06:56:58.866694
00:13:A2:00:42:37:AD:AD,7.0,239.0,3.2844,53.0,0.0,100.0,0.64,0.79,0.88,0.93,4.04,4.97,5.12,5.14,5.15,0.6,51.67,24.08,296.0,2024-07-01 07:26:58.901922
00:13:A2:00:42:37:AD:AD,7.0,240.0,3.2844,53.0,0.0,100.0,1.26,1.33,1.33,1.33,8.51,10.01,10.05,10.05,10.06,0.34,51.43,24.09,297.0,2024-07-01 07:56:58.950624
00:13:A2:00:42:37:AD:AD,7.0,241.0,3.2844,53.0,0.0,100.0,0.62,0.65,0.65,0.65,4.2,4.95,4.97,4.97,4.97,0.37,51.17,24.1,288.0,2024-07-01 08:26:58.993781
00:13:A2:00:42:37:AD:AD,7.0,242.0,3.2844,53.0,0.0,100.0,2.92,3.43,3.71,3.86,18.82,22.81,23.28,23.36,23.38,0.51,50.95,24.12,288.0,2024-07-01 08:56:59.045857
00:13:A2:00:42:37:AD:AD,7.0,243.0,3.2844,53.0,0.0,100.0,1.25,1.32,1.32,1.32,8.49,9.99,10.03,10.04,10.04,0.42,50.81,24.15,318.0,2024-07-01 09:26:59.089033
00:13:A2:00:42:37:AD:AD,7.0,244.0,3.2844,53.0,0.0,100.0,1.13,1.87,2.42,2.7,5.88,8.19,8.96,9.12,9.15,0.85,50.6,24.15,299.0,2024-07-01 09:56:59.132786
00:13:A2:00:42:37:AD:AD,7.0,245.0,3.2844,53.0,0.0,100.0,1.44,1.52,1.52,1.52,9.75,11.48,11.53,11.53,11.53,0.39,50.41,24.18,306.0,2024-07-01 10:26:59.173795
00:13:A2:00:42:37:AD:AD,7.0,246.0,3.2844,53.0,0.0,100.0,1.61,1.71,1.71,1.71,10.93,12.87,12.92,12.92,12.92,0.27,50.22,24.19,331.0,2024-07-01 10:57:14.223873
00:13:A2:00:42:37:AD:AD,7.0,247.0,3.2844,53.0,0.0,100.0,2.72,4.37,5.61,6.22,14.41,19.8,21.54,21.87,21.95,0.93,50.07,24.22,307.0,2024-07-01 11:26:59.259878
00:13:A2:00:42:37:AD:AD,7.0,248.0,3.2844,53.0,0.0,100.0,1.86,1.97,1.97,1.97,12.59,14.82,14.87,14.88,14.88,0.37,49.92,24.23,311.0,2024-07-01 11:56:59.309910
00:13:A2:00:42:37:AD:AD,7.0,249.0,3.2844,53.0,0.0,100.0,2.8,3.39,3.75,3.93,17.79,21.76,22.32,22.42,22.45,0.53,49.76,24.25,302.0,2024-07-01 12:26:59.357247
00:13:A2:00:42:37:AD:AD,7.0,250.0,3.2844,53.0,0.0,100.0,1.77,2.88,3.71,4.12,9.3,12.85,14.01,14.24,14.29,0.89,49.61,24.28,296.0,2024-07-01 12:56:59.387608
00:13:A2:00:42:37:AD:AD,7.0,251.0,3.2844,53.0,0.0,100.0,1.86,2.42,2.79,2.97,11.39,14.26,14.81,14.91,14.94,0.55,49.28,24.3,299.0,2024-07-01 13:26:59.443535
00:13:A2:00:42:37:AD:AD,7.0,252.0,3.2844,53.0,0.0,100.0,3.46,3.66,3.66,3.66,23.4,27.55,27.66,27.66,27.67,0.46,48.82,24.31,293.0,2024-07-01 13:56:59.472712
00:13:A2:00:42:37:AD:AD,7.0,253.0,3.2844,53.0,0.0,100.0,2.4,2.54,2.54,2.54,16.24,19.12,19.19,19.2,19.2,0.33,48.48,24.32,283.0,2024-07-01 14:26:59.531662
00:13:A2:00:42:37:AD:AD,7.0,254.0,3.2844,53.0,0.0,100.0,1.27,1.5,1.63,1.7,8.18,9.93,10.14,10.18,10.19,0.51,48.16,24.33,288.0,2024-07-01 14:56:59.560964
00:13:A2:00:42:37:AD:AD,7.0,255.0,3.2844,53.0,0.0,100.0,0.61,0.87,1.05,1.14,3.56,4.61,4.87,4.93,4.94,0.66,47.85,24.36,294.0,2024-07-01 15:26:59.611261
00:13:A2:00:42:37:AD:AD,7.0,1.0,3.2844,53.0,0.0,100.0,2.77,2.93,2.93,2.93,18.75,22.07,22.16,22.16,22.17,0.36,47.43,24.35,295.0,2024-07-01 15:57:14.664791
00:13:A2:00:42:37:AD:AD,7.0,2.0,3.2844,53.0,0.0,100.0,3.54,3.74,3.74,3.74,23.93,28.17,28.28,28.29,28.29,0.4,47.18,24.41,293.0,2024-07-01 16:26:59.702519
00:13:A2:00:42:37:AD:AD,7.0,3.0,3.2844,53.0,0.0,100.0,3.47,4.09,4.43,4.6,22.34,27.09,27.66,27.76,27.78,0.56,46.76,24.48,303.0,2024-07-01 16:56:59.738944
00:13:A2:00:42:37:AD:AD,7.0,4.0,3.2844,53.0,0.0,100.0,0.76,0.81,0.81,0.81,5.18,6.1,6.12,6.12,6.13,0.33,46.35,24.56,280.0,2024-07-01 17:26:59.775861
00:13:A2:00:42:37:AD:AD,7.0,5.0,3.2844,53.0,0.0,100.0,1.27,1.66,1.92,2.05,7.77,9.75,10.14,10.21,10.23,0.49,45.96,24.69,296.0,2024-07-01 17:56:59.823261
00:13:A2:00:42:37:AD:AD,7.0,6.0,3.2844,53.0,0.0,100.0,0.81,0.91,0.96,0.98,5.33,6.39,6.47,6.49,6.49,0.55,45.54,24.88,299.0,2024-07-01 18:26:59.870260
00:13:A2:00:42:37:AD:AD,7.0,7.0,3.2844,53.0,0.0,100.0,0.76,0.8,0.8,0.8,5.16,6.07,6.1,6.1,6.1,0.38,45.14,25.06,271.0,2024-07-01 18:56:59.911990
00:13:A2:00:42:37:AD:AD,7.0,8.0,3.2844,53.0,0.0,100.0,0.72,0.99,1.19,1.28,4.23,5.43,5.71,5.77,5.78,0.73,44.78,25.33,290.0,2024-07-01 19:26:59.956868
00:13:A2:00:42:37:AD:AD,7.0,9.0,3.2844,53.0,0.0,100.0,1.2,2.34,3.22,3.67,5.24,8.2,9.42,9.66,9.72,1.06,43.97,26.02,272.0,2024-07-01 19:56:59.999329
00:13:A2:00:42:37:AD:AD,7.0,10.0,3.2844,53.0,0.0,100.0,1.29,1.37,1.37,1.37,8.76,10.31,10.35,10.36,10.36,0.37,43.44,26.1,287.0,2024-07-01 20:27:00.037903
00:13:A2:00:42:37:AD:AD,7.0,11.0,3.2844,53.0,0.0,100.0,1.82,1.92,1.92,1.92,12.31,14.49,14.55,14.55,14.56,0.32,43.5,25.76,285.0,2024-07-01 20:57:15.090395
00:13:A2:00:42:37:AD:AD,7.0,12.0,3.2844,53.0,0.0,100.0,0.91,0.96,0.96,0.96,6.16,7.25,7.28,7.28,7.28,0.3,43.83,25.51,278.0,2024-07-01 21:27:00.128771
00:13:A2:00:42:37:AD:AD,7.0,13.0,3.2844,53.0,0.0,100.0,1.25,1.32,1.32,1.32,8.49,9.99,10.03,10.03,10.03,0.44,44.21,25.24,295.0,2024-07-01 21:57:00.165723
00:13:A2:00:42:37:AD:AD,7.0,2.0,3.2844,53.0,0.0,100.0,0.65,0.82,0.94,0.99,4.05,5.03,5.2,5.23,5.24,0.54,47.1,24.06,327.0,2024-07-02 07:27:52.667568
00:13:A2:00:42:37:AD:AD,7.0,3.0,3.2844,53.0,0.0,100.0,0.9,0.95,0.95,0.95,6.09,7.17,7.2,7.2,7.2,0.46,47.0,24.08,323.0,2024-07-02 07:57:52.610105
00:13:A2:00:42:37:AD:AD,7.0,4.0,3.2844,53.0,0.0,100.0,1.05,2.23,3.15,3.62,4.09,6.95,8.22,8.47,8.52,0.73,46.87,24.08,361.0,2024-07-02 08:27:52.657729
00:13:A2:00:42:37:AD:AD,7.0,5.0,3.2844,53.0,0.0,100.0,0.6,0.99,1.28,1.43,3.13,4.36,4.77,4.85,4.87,0.47,46.74,24.11,341.0,2024-07-02 08:57:52.691784
00:13:A2:00:42:37:AD:AD,7.0,6.0,3.2844,53.0,0.0,100.0,0.63,0.66,0.66,0.66,4.27,5.02,5.04,5.04,5.05,0.38,46.59,24.16,344.0,2024-07-02 09:27:52.743782
00:13:A2:00:42:37:AD:AD,7.0,7.0,3.2844,53.0,0.0,100.0,1.12,2.44,3.48,4.0,4.19,7.33,8.75,9.03,9.09,1.12,46.42,24.17,347.0,2024-07-02 09:57:52.795987
00:13:A2:00:42:37:AD:AD,7.0,8.0,3.2844,53.0,0.0,100.0,0.6,0.78,0.9,0.96,3.7,4.63,4.81,4.84,4.85,0.52,46.32,24.21,323.0,2024-07-02 10:27:52.838087
00:13:A2:00:42:37:AD:AD,7.0,9.0,3.2844,53.0,0.0,100.0,1.13,2.0,2.66,3.0,5.47,7.97,8.9,9.08,9.12,0.65,46.23,24.24,351.0,2024-07-02 10:57:52.874207
00:13:A2:00:42:37:AD:AD,7.0,10.0,3.2844,53.0,0.0,100.0,1.24,1.51,1.67,1.76,7.84,9.61,9.87,9.92,9.93,0.61,46.18,24.28,354.0,2024-07-02 11:27:52.920703
00:13:A2:00:42:37:AD:AD,7.0,11.0,3.2844,53.0,0.0,100.0,1.45,3.94,5.94,6.93,3.32,8.49,11.2,11.74,11.86,1.3,46.08,24.3,357.0,2024-07-02 11:58:07.954313
00:13:A2:00:42:37:AD:AD,7.0,12.0,3.2844,53.0,0.0,100.0,0.64,0.72,0.75,0.77,4.28,5.11,5.17,5.18,5.18,0.51,46.01,24.35,321.0,2024-07-02 12:27:53.005172
00:13:A2:00:42:37:AD:AD,7.0,13.0,3.2844,53.0,0.0,100.0,0.63,0.75,0.82,0.85,4.1,4.97,5.08,5.1,5.11,0.59,45.94,24.41,327.0,2024-07-02 12:57:53.041057
00:13:A2:00:42:37:AD:AD,7.0,14.0,3.2844,53.0,0.0,100.0,1.2,1.45,1.61,1.68,7.61,9.32,9.56,9.6,9.61,0.63,45.91,24.44,339.0,2024-07-02 13:27:53.099915
00:13:A2:00:42:37:AD:AD,7.0,15.0,3.2844,53.0,0.0,100.0,2.28,2.96,3.41,3.64,13.95,17.47,18.14,18.27,18.3,0.63,45.7,24.48,329.0,2024-07-02 13:57:53.139991
00:13:A2:00:42:37:AD:AD,7.0,16.0,3.2844,53.0,0.0,100.0,1.23,1.79,2.19,2.39,6.99,9.16,9.74,9.85,9.87,0.64,45.46,24.51,324.0,2024-07-02 14:27:53.178654
00:13:A2:00:42:37:AD:AD,7.0,17.0,3.2844,53.0,0.0,100.0,1.84,1.94,1.94,1.94,12.43,14.63,14.69,14.69,14.7,0.45,45.27,24.58,300.0,2024-07-02 14:57:53.216031
00:13:A2:00:42:37:AD:AD,7.0,18.0,3.2844,53.0,0.0,100.0,0.76,0.86,0.91,0.93,5.01,6.01,6.1,6.11,6.12,0.55,45.07,24.58,323.0,2024-07-02 15:27:53.273365
00:13:A2:00:42:37:AD:AD,7.0,19.0,3.2844,53.0,0.0,100.0,1.52,1.69,1.76,1.79,10.11,12.05,12.19,12.21,12.22,0.47,44.89,24.63,312.0,2024-07-02 15:57:53.311630
00:13:A2:00:42:37:AD:AD,7.0,20.0,3.2844,53.0,0.0,100.0,2.88,4.25,5.24,5.74,16.23,21.39,22.81,23.08,23.14,0.74,44.77,24.64,308.0,2024-07-02 16:27:53.344900
00:13:A2:00:42:37:AD:AD,7.0,21.0,3.2844,53.0,0.0,100.0,1.38,1.46,1.46,1.46,9.36,11.02,11.06,11.07,11.07,0.46,44.51,24.69,315.0,2024-07-02 16:58:08.391961
00:13:A2:00:42:37:AD:AD,7.0,22.0,3.2844,53.0,0.0,100.0,2.46,2.6,2.6,2.6,16.66,19.62,19.69,19.7,19.7,0.41,44.37,24.84,323.0,2024-07-02 17:27:53.431809
00:13:A2:00:42:37:AD:AD,7.0,23.0,3.2844,53.0,0.0,100.0,4.37,6.95,8.87,9.83,23.3,31.85,34.55,35.08,35.19,0.83,44.13,24.99,308.0,2024-07-02 17:57:53.492048
00:13:A2:00:42:37:AD:AD,7.0,24.0,3.2844,53.0,0.0,100.0,4.14,4.38,4.38,4.38,28.01,32.98,33.1,33.11,33.12,0.37,43.87,25.17,322.0,2024-07-02 18:27:53.535298
00:13:A2:00:42:37:AD:AD,7.0,25.0,3.2844,53.0,0.0,100.0,3.52,4.65,5.42,5.8,21.28,26.81,27.95,28.16,28.21,0.67,43.61,25.39,325.0,2024-07-02 18:57:53.578063
00:13:A2:00:42:37:AD:AD,7.0,26.0,3.2844,53.0,0.0,100.0,1.87,1.97,1.97,1.97,12.63,14.87,14.93,14.93,14.93,0.34,43.33,25.65,290.0,2024-07-02 19:27:53.604668
00:13:A2:00:42:37:AD:AD,7.0,27.0,3.2844,53.0,0.0,100.0,1.92,2.04,2.04,2.04,13.03,15.34,15.39,15.4,15.4,0.34,42.61,26.28,305.0,2024-07-02 19:57:53.656051
00:13:A2:00:42:37:AD:AD,7.0,28.0,3.2844,53.0,0.0,100.0,3.17,3.36,3.36,3.36,21.47,25.28,25.37,25.38,25.38,0.45,42.14,26.37,325.0,2024-07-02 20:27:53.705774
00:13:A2:00:42:37:AD:AD,7.0,29.0,3.2844,53.0,0.0,100.0,2.34,3.48,4.31,4.72,13.14,17.37,18.55,18.78,18.83,0.72,42.26,26.07,290.0,2024-07-02 20:57:53.748707
00:13:A2:00:42:37:AD:AD,7.0,30.0,3.2844,53.0,0.0,100.0,2.37,2.51,2.51,2.51,16.06,18.91,18.98,18.98,18.99,0.3,42.71,25.77,313.0,2024-07-02 21:27:53.782908
00:13:A2:00:42:37:AD:AD,7.0,31.0,3.2844,53.0,0.0,100.0,1.7,1.8,1.8,1.8,11.54,13.58,13.63,13.64,13.64,0.36,43.14,25.5,284.0,2024-07-02 21:58:08.822311
00:13:A2:00:42:37:AD:AD,7.0,50.0,3.2844,53.0,0.0,100.0,0.63,1.02,1.31,1.46,3.37,4.64,5.04,5.12,5.14,0.65,46.3,24.41,370.0,2024-07-03 07:27:54.665343
00:13:A2:00:42:37:AD:AD,7.0,51.0,3.2844,53.0,0.0,100.0,1.82,2.36,2.73,2.91,11.16,13.97,14.51,14.61,14.63,0.52,46.26,24.42,347.0,2024-07-03 07:58:09.703085
00:13:A2:00:42:37:AD:AD,7.0,52.0,3.2844,53.0,0.0,100.0,3.4,4.71,5.62,6.07,20.05,25.7,27.03,27.28,27.34,0.67,46.12,24.46,353.0,2024-07-03 08:27:54.750102
00:13:A2:00:42:37:AD:AD,7.0,53.0,3.2844,53.0,0.0,100.0,2.9,3.07,3.07,3.07,19.65,23.13,23.22,23.22,23.23,0.45,46.1,24.47,352.0,2024-07-03 08:57:54.790490
00:13:A2:00:42:37:AD:AD,7.0,54.0,3.2844,53.0,0.0,100.0,1.37,1.45,1.45,1.45,9.31,10.96,11.0,11.0,11.0,0.36,46.08,24.47,369.0,2024-07-03 09:27:54.830300
00:13:A2:00:42:37:AD:AD,7.0,55.0,3.2844,53.0,0.0,100.0,1.67,2.39,2.9,3.16,9.6,12.49,13.23,13.37,13.41,0.72,46.05,24.5,366.0,2024-07-03 09:57:54.873460
00:13:A2:00:42:37:AD:AD,7.0,56.0,3.2844,53.0,0.0,100.0,0.7,0.94,1.1,1.19,4.18,5.31,5.55,5.6,5.61,0.55,46.01,24.56,351.0,2024-07-03 10:27:54.922044
00:13:A2:00:42:37:AD:AD,7.0,57.0,3.2844,53.0,0.0,100.0,0.85,1.77,2.49,2.85,3.41,5.68,6.67,6.86,6.91,1.1,45.96,24.59,354.0,2024-07-03 10:57:54.965553
00:13:A2:00:42:37:AD:AD,7.0,58.0,3.2844,53.0,0.0,100.0,1.37,1.45,1.45,1.45,9.29,10.94,10.98,10.98,10.99,0.43,45.98,24.63,352.0,2024-07-03 11:27:55.009246
00:13:A2:00:42:37:AD:AD,7.0,59.0,3.2844,53.0,0.0,100.0,1.33,1.73,2.0,2.14,8.11,10.17,10.57,10.64,10.66,0.61,46.23,24.71,443.0,2024-07-03 11:57:55.052534
00:13:A2:00:42:37:AD:AD,7.0,60.0,3.2844,53.0,0.0,100.0,1.78,2.33,2.7,2.89,10.84,13.62,14.17,14.27,14.3,0.59,46.48,24.8,500.0,2024-07-03 12:27:55.096269
00:13:A2:00:42:37:AD:AD,7.0,61.0,3.2844,53.0,0.0,100.0,1.23,1.65,1.94,2.09,7.38,9.35,9.78,9.86,9.88,0.52,46.64,24.88,532.0,2024-07-03 12:58:10.138536
00:13:A2:00:42:37:AD:AD,7.0,62.0,3.2844,53.0,0.0,100.0,2.39,3.18,3.73,4.0,14.38,18.18,18.99,19.14,19.17,0.76,46.68,24.97,567.0,2024-07-03 13:27:55.170359
00:13:A2:00:42:37:AD:AD,7.0,63.0,3.2844,53.0,0.0,100.0,1.88,2.26,2.49,2.6,12.0,14.64,15.0,15.07,15.08,0.57,46.79,25.09,617.0,2024-07-03 13:57:55.224009
00:13:A2:00:42:37:AD:AD,7.0,64.0,3.2844,53.0,0.0,100.0,2.83,4.54,5.82,6.46,14.99,20.58,22.38,22.73,22.8,0.9,46.72,25.16,604.0,2024-07-03 14:27:55.255508
00:13:A2:00:42:37:AD:AD,7.0,65.0,3.2844,53.0,0.0,100.0,1.4,1.48,1.48,1.48,9.5,11.18,11.22,11.22,11.23,0.43,46.44,25.19,559.0,2024-07-03 14:57:55.301529
00:13:A2:00:42:37:AD:AD,7.0,66.0,3.2844,53.0,0.0,100.0,0.72,0.86,0.94,0.98,4.62,5.62,5.76,5.78,5.79,0.57,46.15,25.2,552.0,2024-07-03 15:27:55.351599
00:13:A2:00:42:37:AD:AD,7.0,67.0,3.2844,53.0,0.0,100.0,1.47,2.01,2.38,2.56,8.77,11.18,11.72,11.82,11.85,0.73,45.9,25.22,519.0,2024-07-03 15:57:55.387996
00:13:A2:00:42:37:AD:AD,7.0,68.0,3.2844,53.0,0.0,100.0,1.81,1.91,1.91,1.91,12.23,14.4,14.45,14.46,14.46,0.33,45.71,25.22,485.0,2024-07-03 16:27:55.434878
00:13:A2:00:42:37:AD:AD,7.0,69.0,3.2844,53.0,0.0,100.0,4.58,5.23,5.55,5.71,29.89,35.93,36.5,36.6,36.62,0.52,45.5,25.23,489.0,2024-07-03 16:57:55.479077
00:13:A2:00:42:37:AD:AD,7.0,70.0,3.2844,53.0,0.0,100.0,3.01,3.46,3.68,3.8,19.63,23.63,24.02,24.09,24.11,0.48,45.31,25.28,456.0,2024-07-03 17:27:55.535298
00:13:A2:00:42:37:AD:AD,7.0,71.0,3.2844,53.0,0.0,100.0,0.89,1.01,1.06,1.09,5.84,7.01,7.11,7.13,7.13,0.5,44.98,25.36,433.0,2024-07-03 17:58:10.571109
00:13:A2:00:42:37:AD:AD,7.0,72.0,3.2844,53.0,0.0,100.0,0.91,0.96,0.96,0.96,6.14,7.23,7.26,7.26,7.26,0.43,44.87,25.49,404.0,2024-07-03 18:27:55.629659
00:13:A2:00:42:37:AD:AD,7.0,73.0,3.2844,53.0,0.0,100.0,2.93,3.1,3.1,3.1,19.85,23.37,23.45,23.46,23.46,0.35,44.73,25.49,393.0,2024-07-03 18:57:55.665309
00:13:A2:00:42:37:AD:AD,7.0,74.0,3.2844,53.0,0.0,100.0,1.97,2.08,2.08,2.08,13.34,15.7,15.76,15.77,15.77,0.35,44.69,25.51,382.0,2024-07-03 19:27:55.698551
00:13:A2:00:42:37:AD:AD,7.0,75.0,3.2844,53.0,0.0,100.0,0.87,1.13,1.31,1.39,5.31,6.65,6.91,6.96,6.97,0.67,44.66,25.5,361.0,2024-07-03 19:57:55.735370
00:13:A2:00:42:37:AD:AD,7.0,76.0,3.2844,53.0,0.0,100.0,1.33,1.68,1.91,2.02,8.3,10.29,10.63,10.7,10.71,0.71,44.72,25.42,365.0,2024-07-03 20:27:55.788577
00:13:A2:00:42:37:AD:AD,7.0,77.0,3.2844,53.0,0.0,100.0,1.28,1.35,1.35,1.35,8.67,10.21,10.25,10.25,10.25,0.42,44.82,25.29,357.0,2024-07-03 20:57:55.833409
00:13:A2:00:42:37:AD:AD,7.0,78.0,3.2844,53.0,0.0,100.0,1.19,2.37,3.29,3.75,5.05,8.07,9.33,9.58,9.64,1.04,44.97,25.24,364.0,2024-07-03 21:27:55.875020
00:13:A2:00:42:37:AD:AD,7.0,79.0,3.2844,53.0,0.0,100.0,0.81,0.86,0.86,0.86,5.49,6.47,6.49,6.49,6.49,0.32,45.13,25.13,314.0,2024-07-03 21:57:55.916127
00:13:A2:00:42:37:AD:AD,7.0,98.0,3.2844,53.0,0.0,100.0,1.23,1.64,1.92,2.07,7.39,9.35,9.77,9.85,9.86,0.63,46.86,24.69,292.0,2024-07-04 07:27:56.744831
00:13:A2:00:42:37:AD:AD,7.0,99.0,3.2844,53.0,0.0,100.0,1.79,2.34,2.7,2.89,10.92,13.7,14.24,14.35,14.37,0.62,46.88,24.68,307.0,2024-07-04 07:57:56.776172
00:13:A2:00:42:37:AD:AD,7.0,100.0,3.2844,53.0,0.0,100.0,1.24,2.26,3.04,3.43,5.9,8.74,9.82,10.03,10.08,0.81,46.93,24.7,291.0,2024-07-04 08:27:56.833799
00:13:A2:00:42:37:AD:AD,7.0,101.0,3.2844,53.0,0.0,100.0,2.84,3.76,4.38,4.69,17.21,21.69,22.61,22.78,22.82,0.61,47.09,24.72,301.0,2024-07-04 08:58:11.879777
00:13:A2:00:42:37:AD:AD,7.0,102.0,3.2844,53.0,0.0,100.0,2.34,2.62,2.74,2.8,15.43,18.44,18.67,18.7,18.71,0.54,47.28,24.76,312.0,2024-07-04 09:27:56.920410
00:13:A2:00:42:37:AD:AD,7.0,103.0,3.2844,53.0,0.0,100.0,1.27,2.64,3.71,4.25,5.08,8.45,9.93,10.22,10.28,1.01,47.31,24.78,287.0,2024-07-04 09:57:56.966592
00:13:A2:00:42:37:AD:AD,7.0,104.0,3.2844,53.0,0.0,100.0,2.91,4.32,5.35,5.86,16.34,21.6,23.06,23.34,23.4,0.56,47.66,24.8,284.0,2024-07-04 10:27:56.996494
00:13:A2:00:42:37:AD:AD,7.0,105.0,3.2844,53.0,0.0,100.0,3.57,3.78,3.78,3.78,24.16,28.44,28.55,28.55,28.56,0.47,47.84,24.86,287.0,2024-07-04 10:57:57.039699
00:13:A2:00:42:37:AD:AD,7.0,106.0,3.2844,53.0,0.0,100.0,2.16,2.68,3.0,3.17,13.52,16.67,17.17,17.26,17.29,0.52,47.96,24.89,300.0,2024-07-04 11:27:57.094883
00:13:A2:00:42:37:AD:AD,7.0,107.0,3.2844,53.0,0.0,100.0,1.42,1.5,1.5,1.5,9.6,11.3,11.34,11.34,11.34,0.34,48.12,24.94,284.0,2024-07-04 11:57:57.137095
00:13:A2:00:42:37:AD:AD,7.0,108.0,3.2844,53.0,0.0,100.0,4.25,5.38,6.11,6.47,26.34,32.69,33.8,34.01,34.05,0.63,48.43,24.98,286.0,2024-07-04 12:27:57.178905
00:13:A2:00:42:37:AD:AD,7.0,109.0,3.2844,53.0,0.0,100.0,3.24,3.43,3.43,3.43,21.9,25.79,25.88,25.89,25.9,0.4,48.65,25.04,280.0,2024-07-04 12:57:57.207870
00:13:A2:00:42:37:AD:AD,7.0,110.0,3.2844,53.0,0.0,100.0,3.26,3.74,3.97,4.09,21.26,25.57,25.99,26.06,26.08,0.5,48.8,25.07,270.0,2024-07-04 13:27:57.258308
00:13:A2:00:42:37:AD:AD,7.0,111.0,3.2844,53.0,0.0,100.0,3.55,4.15,4.48,4.65,22.95,27.77,28.32,28.41,28.44,0.62,49.08,25.09,298.0,2024-07-04 13:58:12.309466
00:13:A2:00:42:37:AD:AD,7.0,112.0,3.2844,53.0,0.0,100.0,3.23,3.69,3.92,4.03,21.14,25.4,25.8,25.86,25.88,0.49,49.05,25.13,282.0,2024-07-04 14:27:57.347914
00:13:A2:00:42:37:AD:AD,7.0,113.0,3.2844,53.0,0.0,100.0,3.25,3.44,3.44,3.44,22.01,25.91,26.0,26.01,26.02,0.32,49.21,25.14,277.0,2024-07-04 14:57:57.391049
00:13:A2:00:42:37:AD:AD,7.0,114.0,3.2844,53.0,0.0,100.0,3.24,3.43,3.43,3.43,21.91,25.8,25.9,25.9,25.91,0.34,49.29,25.18,277.0,2024-07-04 15:27:57.437635
00:13:A2:00:42:37:AD:AD,7.0,115.0,3.2844,53.0,0.0,100.0,4.76,5.03,5.03,5.03,32.16,37.86,38.0,38.01,38.02,0.36,49.38,25.19,281.0,2024-07-04 15:57:57.473892
00:13:A2:00:42:37:AD:AD,7.0,116.0,3.2844,53.0,0.0,100.0,3.39,3.8,3.97,4.06,22.38,26.74,27.08,27.13,27.15,0.54,49.45,25.27,292.0,2024-07-04 16:27:57.512356
00:13:A2:00:42:37:AD:AD,7.0,117.0,3.2844,53.0,0.0,100.0,6.02,7.89,9.16,9.79,36.59,45.97,47.85,48.2,48.28,0.66,49.47,25.33,289.0,2024-07-04 16:57:57.566759
00:13:A2:00:42:37:AD:AD,7.0,118.0,3.2844,53.0,0.0,100.0,4.19,6.71,8.6,9.54,22.22,30.48,33.13,33.64,33.76,0.9,49.43,25.44,278.0,2024-07-04 17:27:57.598498
00:13:A2:00:42:37:AD:AD,7.0,119.0,3.2844,53.0,0.0,100.0,2.63,2.78,2.78,2.78,17.79,20.94,21.02,21.03,21.03,0.43,49.42,25.62,287.0,2024-07-04 17:57:57.649397
00:13:A2:00:42:37:AD:AD,7.0,120.0,3.2844,53.0,0.0,100.0,4.87,5.15,5.15,5.15,32.94,38.78,38.92,38.93,38.94,0.36,49.26,25.8,283.0,2024-07-04 18:27:57.698494
00:13:A2:00:42:37:AD:AD,7.0,121.0,3.2844,53.0,0.0,100.0,4.38,4.63,4.63,4.63,29.59,34.84,34.97,34.98,34.99,0.42,49.07,26.03,273.0,2024-07-04 18:58:12.739810
00:13:A2:00:42:37:AD:AD,7.0,122.0,3.2844,53.0,0.0,100.0,4.93,5.21,5.21,5.21,33.32,39.22,39.37,39.38,39.39,0.44,48.81,26.27,274.0,2024-07-04 19:27:57.781433
00:13:A2:00:42:37:AD:AD,7.0,123.0,3.2844,53.0,0.0,100.0,4.4,4.66,4.66,4.66,29.76,35.03,35.17,35.18,35.18,0.41,48.3,26.73,275.0,2024-07-04 19:57:57.821035
00:13:A2:00:42:37:AD:AD,7.0,124.0,3.2844,53.0,0.0,100.0,4.05,4.28,4.28,4.28,27.35,32.2,32.32,32.33,32.34,0.34,48.22,26.61,289.0,2024-07-04 20:27:57.878350
00:13:A2:00:42:37:AD:AD,7.0,125.0,3.2844,53.0,0.0,100.0,4.43,4.68,4.68,4.68,29.94,35.24,35.38,35.39,35.39,0.46,48.46,26.35,282.0,2024-07-04 20:57:57.916736
00:13:A2:00:42:37:AD:AD,7.0,126.0,3.2844,53.0,0.0,100.0,3.29,3.48,3.48,3.48,22.22,26.16,26.26,26.27,26.27,0.39,48.89,26.12,277.0,2024-07-04 21:27:57.948665
00:13:A2:00:42:37:AD:AD,7.0,127.0,3.2844,53.0,0.0,100.0,2.69,2.84,2.84,2.84,18.19,21.42,21.5,21.51,21.51,0.43,49.27,25.93,272.0,2024-07-04 21:57:57.997014
00:13:A2:00:42:37:AD:AD,7.0,146.0,3.2844,53.0,0.0,100.0,2.99,3.16,3.16,3.16,20.2,23.78,23.87,23.88,23.88,0.44,51.63,25.17,302.0,2024-07-05 07:27:58.819967
00:13:A2:00:42:37:AD:AD,7.0,147.0,3.2844,53.0,0.0,100.0,3.0,3.17,3.17,3.17,20.28,23.88,23.97,23.97,23.98,0.42,51.48,25.19,323.0,2024-07-05 07:57:58.867439
00:13:A2:00:42:37:AD:AD,7.0,148.0,3.2844,53.0,0.0,100.0,0.8,0.98,1.1,1.16,5.05,6.21,6.38,6.42,6.42,0.49,51.41,25.18,304.0,2024-07-05 08:27:58.908879
00:13:A2:00:42:37:AD:AD,7.0,149.0,3.2844,53.0,0.0,100.0,2.45,2.59,2.59,2.59,16.58,19.52,19.6,19.6,19.61,0.31,51.34,25.18,307.0,2024-07-05 08:57:58.944722
00:13:A2:00:42:37:AD:AD,7.0,150.0,3.2844,53.0,0.0,100.0,3.45,4.86,5.87,6.37,20.07,25.93,27.38,27.65,27.71,0.77,51.27,25.18,322.0,2024-07-05 09:27:59.001001
00:13:A2:00:42:37:AD:AD,7.0,151.0,3.2844,53.0,0.0,100.0,2.95,3.12,3.12,3.12,19.98,23.52,23.61,23.61,23.62,0.45,51.29,25.2,318.0,2024-07-05 09:58:14.042443
00:13:A2:00:42:37:AD:AD,7.0,152.0,3.2844,53.0,0.0,100.0,0.69,1.15,1.49,1.67,3.53,4.95,5.44,5.54,5.56,0.92,51.21,25.25,325.0,2024-07-05 10:27:59.075061
00:13:A2:00:42:37:AD:AD,7.0,153.0,3.2844,53.0,0.0,100.0,3.03,3.2,3.2,3.2,20.47,24.09,24.19,24.19,24.2,0.42,51.21,25.25,349.0,2024-07-05 10:57:59.116733
00:13:A2:00:42:37:AD:AD,7.0,154.0,3.2844,53.0,0.0,100.0,1.91,2.28,2.49,2.59,12.28,14.93,15.27,15.33,15.35,0.54,51.32,25.27,323.0,2024-07-05 11:27:59.178294
00:13:A2:00:42:37:AD:AD,7.0,155.0,3.2844,53.0,0.0,100.0,3.63,3.84,3.84,3.84,24.58,28.93,29.04,29.05,29.05,0.45,51.54,25.28,355.0,2024-07-05 11:57:59.211837
00:13:A2:00:42:37:AD:AD,7.0,156.0,3.2844,53.0,0.0,100.0,2.36,2.5,2.5,2.5,15.97,18.81,18.88,18.88,18.89,0.35,51.63,25.3,331.0,2024-07-05 12:27:59.249290
00:13:A2:00:42:37:AD:AD,7.0,157.0,3.2844,53.0,0.0,100.0,3.05,3.63,3.97,4.13,19.52,23.75,24.29,24.39,24.41,0.5,51.66,25.35,348.0,2024-07-05 12:57:59.303672
00:13:A2:00:42:37:AD:AD,7.0,158.0,3.2844,53.0,0.0,100.0,4.8,5.07,5.07,5.07,32.43,38.18,38.33,38.34,38.34,0.32,51.73,25.41,304.0,2024-07-05 13:27:59.345162
00:13:A2:00:42:37:AD:AD,7.0,159.0,3.2844,53.0,0.0,100.0,3.08,3.58,3.84,3.97,20.0,24.15,24.59,24.67,24.69,0.5,51.92,25.45,318.0,2024-07-05 13:57:59.379901
00:13:A2:00:42:37:AD:AD,7.0,160.0,3.2844,53.0,0.0,100.0,2.02,2.14,2.14,2.14,13.7,16.12,16.19,16.19,16.19,0.43,52.15,25.51,337.0,2024-07-05 14:27:59.436019
00:13:A2:00:42:37:AD:AD,7.0,161.0,3.2844,53.0,0.0,100.0,5.54,6.55,7.12,7.4,35.57,43.19,44.12,44.28,44.32,0.57,52.48,25.52,310.0,2024-07-05 14:58:14.474569
00:13:A2:00:42:37:AD:AD,7.0,162.0,3.2844,53.0,0.0,100.0,5.07,5.36,5.36,5.36,34.25,40.32,40.47,40.48,40.49,0.42,52.47,25.6,316.0,2024-07-05 15:27:59.520118
00:13:A2:00:42:37:AD:AD,7.0,163.0,3.2844,53.0,0.0,100.0,6.58,7.72,8.34,8.65,42.47,51.43,52.46,52.64,52.69,0.6,52.52,25.65,306.0,2024-07-05 15:57:59.557358
00:13:A2:00:42:37:AD:AD,7.0,164.0,3.2844,53.0,0.0,100.0,5.02,5.59,5.81,5.93,33.23,39.64,40.09,40.16,40.18,0.48,52.58,25.7,322.0,2024-07-05 16:27:59.593916
00:13:A2:00:42:37:AD:AD,7.0,165.0,3.2844,53.0,0.0,100.0,3.41,3.61,3.61,3.61,23.07,27.16,27.26,27.27,27.28,0.42,52.59,25.78,300.0,2024-07-05 16:57:59.641487
00:13:A2:00:42:37:AD:AD,7.0,166.0,3.2844,53.0,0.0,100.0,3.97,4.51,4.77,4.9,25.99,31.19,31.66,31.73,31.75,0.61,52.52,25.88,313.0,2024-07-05 17:27:59.681558
00:13:A2:00:42:37:AD:AD,7.0,167.0,3.2844,53.0,0.0,100.0,5.11,5.4,5.4,5.4,34.51,40.63,40.78,40.79,40.8,0.36,52.48,25.9,338.0,2024-07-05 17:57:59.721577
00:13:A2:00:42:37:AD:AD,7.0,168.0,3.2844,53.0,0.0,100.0,6.2,7.37,8.04,8.37,39.72,48.29,49.38,49.57,49.62,0.52,52.55,25.88,309.0,2024-07-05 18:27:59.776614
00:13:A2:00:42:37:AD:AD,7.0,169.0,3.2844,53.0,0.0,100.0,3.82,4.04,4.04,4.04,25.84,30.41,30.53,30.54,30.54,0.44,52.68,25.89,320.0,2024-07-05 18:57:59.815714
00:13:A2:00:42:37:AD:AD,7.0,170.0,3.2844,53.0,0.0,100.0,3.04,4.21,5.04,5.45,17.84,22.91,24.1,24.33,24.38,0.71,52.8,25.88,303.0,2024-07-05 19:27:59.853622
00:13:A2:00:42:37:AD:AD,7.0,171.0,3.2844,53.0,0.0,100.0,3.46,3.66,3.66,3.66,23.39,27.54,27.64,27.65,27.66,0.34,52.93,25.89,291.0,2024-07-05 19:58:14.907107
00:13:A2:00:42:37:AD:AD,7.0,172.0,3.2844,53.0,0.0,100.0,2.7,2.86,2.86,2.86,18.28,21.51,21.6,21.6,21.61,0.37,52.79,25.94,294.0,2024-07-05 20:27:59.954988
00:13:A2:00:42:37:AD:AD,7.0,173.0,3.2844,53.0,0.0,100.0,2.69,3.01,3.15,3.22,17.75,21.22,21.48,21.53,21.54,0.49,52.95,25.82,292.0,2024-07-05 20:57:59.990192
00:13:A2:00:42:37:AD:AD,7.0,174.0,3.2844,53.0,0.0,100.0,3.72,3.94,3.94,3.94,25.16,29.62,29.73,29.74,29.75,0.4,53.14,25.71,316.0,2024-07-05 21:28:00.023534
00:13:A2:00:42:37:AD:AD,7.0,175.0,3.2844,53.0,0.0,100.0,3.77,4.34,4.63,4.78,24.52,29.54,30.04,30.13,30.15,0.48,53.36,25.64,291.0,2024-07-05 21:58:00.070818
00:13:A2:00:42:37:AD:AD,7.0,194.0,3.2844,53.0,0.0,100.0,3.04,3.22,3.22,3.22,20.57,24.22,24.31,24.32,24.32,0.44,55.23,25.28,313.0,2024-07-06 07:28:00.900734
00:13:A2:00:42:37:AD:AD,7.0,195.0,3.2844,53.0,0.0,100.0,2.4,3.5,4.29,4.69,13.67,17.91,19.05,19.27,19.31,0.8,55.45,25.28,319.0,2024-07-06 07:58:00.941274
00:13:A2:00:42:37:AD:AD,7.0,196.0,3.2844,53.0,0.0,100.0,1.99,2.1,2.1,2.1,13.44,15.82,15.88,15.88,15.89,0.38,55.53,25.29,305.0,2024-07-06 08:28:00.985511
00:13:A2:00:42:37:AD:AD,7.0,197.0,3.2844,53.0,0.0,100.0,1.81,1.91,1.91,1.91,12.24,14.41,14.46,14.46,14.47,0.32,55.61,25.27,316.0,2024-07-06 08:58:01.027645
00:13:A2:00:42:37:AD:AD,7.0,198.0,3.2844,53.0,0.0,100.0,2.58,3.16,3.52,3.7,16.25,19.96,20.52,20.62,20.65,0.63,55.54,25.3,327.0,2024-07-06 09:28:01.070032
00:13:A2:00:42:37:AD:AD,7.0,199.0,3.2844,53.0,0.0,100.0,1.89,2.0,2.0,2.0,12.82,15.09,15.15,15.15,15.16,0.43,55.54,25.3,319.0,2024-07-06 09:58:01.125687
00:13:A2:00:42:37:AD:AD,7.0,200.0,3.2844,53.0,0.0,100.0,1.34,1.41,1.41,1.41,9.05,10.66,10.7,10.7,10.7,0.38,55.51,25.34,322.0,2024-07-06 10:28:01.156312
00:13:A2:00:42:37:AD:AD,7.0,201.0,3.2844,53.0,0.0,100.0,1.37,1.44,1.44,1.44,9.25,10.89,10.93,10.94,10.94,0.35,55.69,25.35,326.0,2024-07-06 10:58:16.207348
00:13:A2:00:42:37:AD:AD,7.0,202.0,3.2844,53.0,0.0,100.0,3.07,3.24,3.24,3.24,20.75,24.43,24.52,24.53,24.53,0.44,55.67,25.42,347.0,2024-07-06 11:28:01.254102
00:13:A2:00:42:37:AD:AD,7.0,203.0,3.2844,53.0,0.0,100.0,1.85,1.96,1.96,1.96,12.52,14.74,14.8,14.8,14.8,0.33,55.74,25.42,348.0,2024-07-06 11:58:01.292350
00:13:A2:00:42:37:AD:AD,7.0,204.0,3.2844,53.0,0.0,100.0,0.83,0.88,0.88,0.88,5.66,6.66,6.69,6.69,6.69,0.37,55.65,25.46,335.0,2024-07-06 12:28:01.327050
00:13:A2:00:42:37:AD:AD,7.0,205.0,3.2844,53.0,0.0,100.0,1.28,1.36,1.36,1.36,8.69,10.23,10.27,10.27,10.27,0.32,55.51,25.49,328.0,2024-07-06 12:58:01.376333
00:13:A2:00:42:37:AD:AD,7.0,206.0,3.2844,53.0,0.0,100.0,2.85,3.34,3.62,3.75,18.35,22.24,22.69,22.77,22.79,0.52,55.4,25.55,329.0,2024-07-06 13:28:01.420173
00:13:A2:00:42:37:AD:AD,7.0,207.0,3.2844,53.0,0.0,100.0,1.7,2.39,2.89,3.13,9.88,12.77,13.48,13.62,13.65,0.66,55.28,25.65,330.0,2024-07-06 13:58:01.454513
00:13:A2:00:42:37:AD:AD,7.0,208.0,3.2844,53.0,0.0,100.0,0.7,0.74,0.74,0.74,4.72,5.56,5.58,5.59,5.59,0.38,55.17,25.72,325.0,2024-07-06 14:28:01.506287
00:13:A2:00:42:37:AD:AD,7.0,209.0,3.2844,53.0,0.0,100.0,1.08,1.37,1.55,1.65,6.72,8.34,8.62,8.67,8.68,0.5,55.0,25.79,313.0,2024-07-06 14:58:01.545758
00:13:A2:00:42:37:AD:AD,7.0,210.0,3.2844,53.0,0.0,100.0,0.64,0.98,1.24,1.37,3.48,4.69,5.05,5.13,5.14,0.69,55.02,25.85,319.0,2024-07-06 15:28:01.582759
00:13:A2:00:42:37:AD:AD,7.0,211.0,3.2844,53.0,0.0,100.0,1.14,1.7,2.11,2.31,6.4,8.47,9.05,9.16,9.19,0.49,55.21,25.88,312.0,2024-07-06 15:58:16.623861
00:13:A2:00:42:37:AD:AD,7.0,212.0,3.2844,53.0,0.0,100.0,1.19,1.52,1.74,1.85,7.33,9.14,9.47,9.53,9.54,0.58,55.25,25.97,301.0,2024-07-06 16:28:01.668958
00:13:A2:00:42:37:AD:AD,7.0,213.0,3.2844,53.0,0.0,100.0,1.76,1.86,1.86,1.86,11.93,14.04,14.1,14.1,14.1,0.34,55.3,26.04,317.0,2024-07-06 16:58:01.728257
00:13:A2:00:42:37:AD:AD,7.0,214.0,3.2844,53.0,0.0,100.0,0.61,1.06,1.39,1.56,3.05,4.37,4.84,4.94,4.96,0.91,55.39,26.12,305.0,2024-07-06 17:28:01.759195
00:13:A2:00:42:37:AD:AD,7.0,215.0,3.2844,53.0,0.0,100.0,1.26,1.65,1.9,2.03,7.71,9.67,10.06,10.13,10.15,0.65,55.46,26.23,292.0,2024-07-06 17:58:01.798195
00:13:A2:00:42:37:AD:AD,7.0,216.0,3.2844,53.0,0.0,100.0,0.77,1.22,1.55,1.72,4.17,5.68,6.14,6.23,6.25,0.76,55.54,26.29,306.0,2024-07-06 18:28:01.844303
00:13:A2:00:42:37:AD:AD,7.0,217.0,3.2844,53.0,0.0,100.0,1.27,1.35,1.35,1.35,8.63,10.16,10.2,10.2,10.2,0.44,55.54,26.46,311.0,2024-07-06 18:58:01.893871
00:13:A2:00:42:37:AD:AD,7.0,218.0,3.2844,53.0,0.0,100.0,1.18,1.66,2.0,2.17,6.87,8.87,9.36,9.46,9.48,0.48,55.4,26.59,297.0,2024-07-06 19:28:01.934120
00:13:A2:00:42:37:AD:AD,7.0,219.0,3.2844,53.0,0.0,100.0,1.74,2.31,2.7,2.9,10.49,13.25,13.83,13.94,13.96,0.57,55.02,26.92,297.0,2024-07-06 19:58:01.971346
00:13:A2:00:42:37:AD:AD,7.0,220.0,3.2844,53.0,0.0,100.0,0.65,0.69,0.69,0.69,4.45,5.24,5.26,5.26,5.26,0.27,55.05,26.82,299.0,2024-07-06 20:28:02.027481
00:13:A2:00:42:37:AD:AD,7.0,221.0,3.2844,53.0,0.0,100.0,0.63,0.67,0.67,0.67,4.28,5.04,5.06,5.06,5.06,0.38,55.43,26.63,305.0,2024-07-06 20:58:17.068329
00:13:A2:00:42:37:AD:AD,7.0,222.0,3.2844,53.0,0.0,100.0,0.74,0.78,0.78,0.78,5.0,5.89,5.91,5.91,5.91,0.4,55.6,26.52,301.0,2024-07-06 21:28:02.104206
00:13:A2:00:42:37:AD:AD,7.0,223.0,3.2844,53.0,0.0,100.0,1.2,1.57,1.81,1.93,7.34,9.2,9.57,9.63,9.65,0.51,55.92,26.42,293.0,2024-07-06 21:58:02.149971
00:13:A2:00:42:37:AD:AD,7.0,252.0,3.2844,53.0,0.0,100.0,2.52,2.67,2.67,2.67,17.05,20.08,20.15,20.16,20.16,0.38,55.79,26.39,319.0,2024-07-07 12:28:03.410860
00:13:A2:00:42:37:AD:AD,7.0,253.0,3.2844,53.0,0.0,100.0,4.99,5.28,5.28,5.28,33.73,39.7,39.86,39.87,39.87,0.41,55.81,26.45,338.0,2024-07-07 12:58:03.454791
00:13:A2:00:42:37:AD:AD,7.0,254.0,3.2844,53.0,0.0,100.0,2.92,3.09,3.09,3.09,19.73,23.23,23.32,23.33,23.33,0.46,55.85,26.47,307.0,2024-07-07 13:28:03.495906
00:13:A2:00:42:37:AD:AD,7.0,255.0,3.2844,53.0,0.0,100.0,6.66,8.17,9.1,9.56,41.98,51.55,53.0,53.26,53.33,0.64,55.81,26.53,311.0,2024-07-07 13:58:03.536378
00:13:A2:00:42:37:AD:AD,7.0,1.0,3.2844,53.0,0.0,100.0,3.61,4.07,4.29,4.39,23.68,28.37,28.77,28.83,28.85,0.5,55.78,26.56,322.0,2024-07-07 14:28:03.577901
00:13:A2:00:42:37:AD:AD,7.0,2.0,3.2844,53.0,0.0,100.0,5.39,6.1,6.43,6.59,35.32,42.34,42.95,43.05,43.08,0.54,55.77,26.61,299.0,2024-07-07 14:58:03.623881
00:13:A2:00:42:37:AD:AD,7.0,3.0,3.2844,53.0,0.0,100.0,3.41,3.6,3.6,3.6,23.05,27.13,27.24,27.24,27.25,0.42,55.76,26.64,288.0,2024-07-07 15:28:03.655312
00:13:A2:00:42:37:AD:AD,7.0,4.0,3.2844,53.0,0.0,100.0,7.28,7.88,8.03,8.11,48.7,57.68,58.1,58.16,58.17,0.52,55.75,26.67,312.0,2024-07-07 15:58:03.714634
00:13:A2:00:42:37:AD:AD,7.0,5.0,3.2844,53.0,0.0,100.0,4.03,4.59,4.87,5.0,26.34,31.63,32.12,32.2,32.23,0.57,55.79,26.76,320.0,2024-07-07 16:28:03.756236
00:13:A2:00:42:37:AD:AD,7.0,6.0,3.2844,53.0,0.0,100.0,7.68,8.12,8.12,8.12,51.88,61.08,61.31,61.33,61.34,0.44,55.71,26.84,308.0,2024-07-07 16:58:18.794256
00:13:A2:00:42:37:AD:AD,7.0,7.0,3.2844,53.0,0.0,100.0,7.92,9.57,10.56,11.05,50.28,61.46,63.02,63.3,63.37,0.62,55.58,26.98,295.0,2024-07-07 17:28:03.843987
00:13:A2:00:42:37:AD:AD,7.0,8.0,3.2844,53.0,0.0,100.0,7.7,8.64,9.05,9.26,50.72,60.66,61.44,61.57,61.6,0.52,55.52,27.1,275.0,2024-07-07 17:58:03.873069
00:13:A2:00:42:37:AD:AD,7.0,9.0,3.2844,53.0,0.0,100.0,6.44,6.81,6.81,6.81,43.52,51.24,51.43,51.44,51.45,0.46,55.31,27.29,299.0,2024-07-07 18:28:03.933932
00:13:A2:00:42:37:AD:AD,7.0,10.0,3.2844,53.0,0.0,100.0,6.9,8.16,8.88,9.23,44.32,53.82,54.98,55.19,55.24,0.5,55.11,27.39,303.0,2024-07-07 18:58:03.969637
00:13:A2:00:42:37:AD:AD,7.0,11.0,3.2844,53.0,0.0,100.0,7.08,7.49,7.49,7.49,47.84,56.32,56.53,56.55,56.56,0.44,55.02,27.54,298.0,2024-07-07 19:28:04.013156
00:13:A2:00:42:37:AD:AD,7.0,12.0,3.2844,53.0,0.0,100.0,5.05,5.34,5.34,5.34,34.12,40.16,40.31,40.33,40.33,0.4,54.35,27.98,321.0,2024-07-07 19:58:04.060246
00:13:A2:00:42:37:AD:AD,7.0,13.0,3.2844,53.0,0.0,100.0,7.52,7.96,7.96,7.96,50.84,59.85,60.08,60.1,60.11,0.37,54.03,27.96,295.0,2024-07-07 20:28:04.090849
00:13:A2:00:42:37:AD:AD,7.0,14.0,3.2844,53.0,0.0,100.0,7.48,9.15,10.18,10.69,47.18,57.9,59.5,59.8,59.87,0.6,54.26,27.76,286.0,2024-07-07 20:58:04.147437
00:13:A2:00:42:37:AD:AD,7.0,15.0,3.2844,53.0,0.0,100.0,6.16,8.32,9.82,10.57,36.77,46.72,48.91,49.32,49.42,0.75,54.59,27.55,304.0,2024-07-07 21:28:04.187048
00:13:A2:00:42:37:AD:AD,7.0,16.0,3.2844,53.0,0.0,100.0,4.73,5.0,5.0,5.0,31.94,37.61,37.75,37.76,37.77,0.33,55.06,27.37,317.0,2024-07-07 21:58:19.226515
00:13:A2:00:42:37:AD:AD,7.0,17.0,3.2844,53.0,0.0,100.0,7.61,8.05,8.05,8.05,51.45,60.56,60.79,60.81,60.82,0.44,55.23,27.26,312.0,2024-07-07 22:28:04.229606
00:13:A2:00:42:37:AD:AD,7.0,18.0,3.2844,53.0,0.0,100.0,6.39,7.02,7.25,7.36,42.44,50.47,50.97,51.04,51.06,0.47,55.5,27.17,301.0,2024-07-07 22:58:04.207876
00:13:A2:00:42:37:AD:AD,7.0,19.0,3.2844,53.0,0.0,100.0,3.45,3.95,4.19,4.31,22.56,27.12,27.55,27.62,27.64,0.49,55.66,27.07,297.0,2024-07-07 23:28:04.373243
00:13:A2:00:42:37:AD:AD,7.0,21.0,3.2844,53.0,0.0,100.0,5.64,5.97,5.97,5.97,38.12,44.88,45.05,45.06,45.07,0.45,55.97,26.94,302.0,2024-07-08 00:28:04.458242
00:13:A2:00:42:37:AD:AD,7.0,22.0,3.2844,53.0,0.0,100.0,3.81,4.31,4.54,4.66,25.04,30.01,30.43,30.5,30.52,0.47,56.03,26.9,293.0,2024-07-08 00:58:04.491802
00:13:A2:00:42:37:AD:AD,7.0,23.0,3.2844,53.0,0.0,100.0,4.33,4.58,4.58,4.58,29.27,34.46,34.59,34.6,34.61,0.34,56.1,26.87,303.0,2024-07-08 01:28:04.540974
00:13:A2:00:42:37:AD:AD,7.0,24.0,3.2844,53.0,0.0,100.0,2.99,3.16,3.16,3.16,20.23,23.82,23.91,23.92,23.92,0.42,56.16,26.83,308.0,2024-07-08 01:58:04.586410
00:13:A2:00:42:37:AD:AD,7.0,25.0,3.2844,53.0,0.0,100.0,3.29,3.48,3.48,3.48,22.27,26.22,26.32,26.33,26.33,0.46,56.21,26.81,314.0,2024-07-08 02:28:04.616119
00:13:A2:00:42:37:AD:AD,7.0,26.0,3.2844,53.0,0.0,100.0,3.23,3.42,3.42,3.42,21.86,25.73,25.83,25.84,25.84,0.36,56.26,26.77,316.0,2024-07-08 02:58:19.661691
00:13:A2:00:42:37:AD:AD,7.0,27.0,3.2844,53.0,0.0,100.0,2.05,2.17,2.17,2.17,13.9,16.37,16.43,16.44,16.44,0.37,56.16,26.79,308.0,2024-07-08 03:28:04.707597
00:13:A2:00:42:37:AD:AD,7.0,28.0,3.2844,53.0,0.0,100.0,2.33,2.46,2.46,2.46,15.74,18.52,18.6,18.6,18.6,0.45,56.18,26.76,325.0,2024-07-08 03:58:04.746056
00:13:A2:00:42:37:AD:AD,7.0,29.0,3.2844,53.0,0.0,100.0,1.83,1.94,1.94,1.94,12.42,14.62,14.67,14.68,14.68,0.44,56.16,26.7,315.0,2024-07-08 04:28:04.786219
00:13:A2:00:42:37:AD:AD,7.0,30.0,3.2844,53.0,0.0,100.0,4.19,5.14,5.72,6.01,26.47,32.5,33.4,33.57,33.6,0.54,56.14,26.76,317.0,2024-07-08 04:58:04.836383
00:13:A2:00:42:37:AD:AD,7.0,31.0,3.2844,53.0,0.0,100.0,3.74,4.3,4.59,4.74,24.32,29.29,29.79,29.88,29.9,0.49,56.1,26.71,305.0,2024-07-08 05:28:04.880924
00:13:A2:00:42:37:AD:AD,7.0,32.0,3.2844,53.0,0.0,100.0,3.07,4.17,4.93,5.3,18.32,23.31,24.42,24.63,24.67,0.7,56.05,26.73,347.0,2024-07-08 05:58:04.925359
00:13:A2:00:42:37:AD:AD,7.0,33.0,3.2844,53.0,0.0,100.0,2.55,3.38,3.94,4.22,15.41,19.44,20.26,20.42,20.46,0.69,56.02,26.72,318.0,2024-07-08 06:28:04.971296
00:13:A2:00:42:37:AD:AD,7.0,34.0,3.2844,53.0,0.0,100.0,4.18,4.77,5.06,5.2,27.36,32.87,33.38,33.46,33.49,0.52,55.8,26.73,322.0,2024-07-08 06:58:04.996961
00:13:A2:00:42:37:AD:AD,7.0,35.0,3.2844,53.0,0.0,100.0,1.97,2.08,2.08,2.08,13.33,15.69,15.75,15.76,15.76,0.39,55.2,26.74,346.0,2024-07-08 07:28:05.045601
00:13:A2:00:42:37:AD:AD,7.0,36.0,3.2844,53.0,0.0,100.0,1.41,1.49,1.49,1.49,9.52,11.21,11.25,11.26,11.26,0.36,54.49,26.74,337.0,2024-07-08 07:58:20.096604
00:13:A2:00:42:37:AD:AD,7.0,37.0,3.2844,53.0,0.0,100.0,1.52,1.61,1.61,1.61,10.29,12.11,12.16,12.16,12.17,0.44,54.08,26.78,354.0,2024-07-08 08:28:05.130615
00:13:A2:00:42:37:AD:AD,7.0,38.0,3.2844,53.0,0.0,100.0,2.4,2.53,2.53,2.53,16.21,19.08,19.15,19.16,19.16,0.41,53.7,26.79,354.0,2024-07-08 08:58:05.191482
00:13:A2:00:42:37:AD:AD,7.0,39.0,3.2844,53.0,0.0,100.0,2.88,3.22,3.36,3.43,19.03,22.73,23.0,23.05,23.06,0.47,53.93,26.8,306.0,2024-07-08 09:28:05.221972
00:13:A2:00:42:37:AD:AD,7.0,40.0,3.2844,53.0,0.0,100.0,8.68,9.18,9.18,9.18,58.65,69.04,69.31,69.33,69.34,0.4,55.93,26.79,333.0,2024-07-08 09:58:05.267812
00:13:A2:00:42:37:AD:AD,7.0,41.0,3.2844,53.0,0.0,100.0,14.19,15.0,15.0,15.0,95.83,112.82,113.24,113.27,113.29,0.41,56.99,26.8,320.0,2024-07-08 10:28:05.313539
00:13:A2:00:42:37:AD:AD,7.0,42.0,3.2844,53.0,0.0,100.0,11.26,11.9,11.9,11.9,76.04,89.52,89.86,89.88,89.9,0.47,57.21,26.85,314.0,2024-07-08 10:58:05.346832
00:13:A2:00:42:37:AD:AD,7.0,43.0,3.2844,53.0,0.0,100.0,9.47,10.67,11.22,11.49,62.22,74.49,75.51,75.68,75.72,0.5,57.0,26.92,323.0,2024-07-08 11:28:05.398255
00:13:A2:00:42:37:AD:AD,7.0,44.0,3.2844,53.0,0.0,100.0,9.78,11.14,11.8,12.13,63.9,76.75,77.93,78.13,78.18,0.51,56.64,26.97,339.0,2024-07-08 11:58:05.436701
00:13:A2:00:42:37:AD:AD,7.0,45.0,3.2844,53.0,0.0,100.0,14.74,15.96,16.27,16.43,98.54,116.73,117.59,117.7,117.74,0.5,56.17,27.02,312.0,2024-07-08 12:28:05.486891
00:13:A2:00:42:37:AD:AD,7.0,46.0,3.2844,53.0,0.0,100.0,11.97,12.66,12.66,12.66,80.9,95.23,95.6,95.62,95.64,0.42,55.67,27.04,328.0,2024-07-08 12:58:20.522161
00:13:A2:00:42:37:AD:AD,7.0,47.0,3.2844,53.0,0.0,100.0,9.5,10.96,11.71,12.08,61.78,74.45,75.74,75.96,76.02,0.55,55.26,27.09,325.0,2024-07-08 13:28:05.569379
00:13:A2:00:42:37:AD:AD,7.0,48.0,3.2844,53.0,0.0,100.0,10.51,11.12,11.12,11.12,71.02,83.61,83.93,83.95,83.97,0.46,54.84,27.07,318.0,2024-07-08 13:58:05.616854
00:13:A2:00:42:37:AD:AD,7.0,49.0,3.2844,53.0,0.0,100.0,7.98,8.78,9.06,9.2,53.0,63.03,63.65,63.74,63.77,0.51,54.29,27.08,325.0,2024-07-08 14:28:05.655579
00:13:A2:00:42:37:AD:AD,7.0,50.0,3.2844,53.0,0.0,100.0,10.06,10.63,10.63,10.63,67.94,79.98,80.28,80.3,80.32,0.41,53.97,27.07,335.0,2024-07-08 14:58:05.698574
00:13:A2:00:42:37:AD:AD,7.0,51.0,3.2844,53.0,0.0,100.0,8.79,10.7,11.86,12.43,55.63,68.15,69.97,70.3,70.38,0.59,53.76,27.07,311.0,2024-07-08 15:28:05.733831
00:13:A2:00:42:37:AD:AD,7.0,52.0,3.2844,53.0,0.0,100.0,9.9,10.47,10.47,10.47,66.89,78.75,79.05,79.07,79.08,0.45,53.55,27.05,321.0,2024-07-08 15:58:05.782887
00:13:A2:00:42:37:AD:AD,7.0,53.0,3.2844,53.0,0.0,100.0,7.35,9.71,11.31,12.11,44.42,55.98,58.35,58.79,58.9,0.7,53.39,27.05,312.0,2024-07-08 16:28:05.816317
00:13:A2:00:42:37:AD:AD,7.0,55.0,3.2844,53.0,0.0,100.0,5.27,5.57,5.57,5.57,35.63,41.94,42.1,42.11,42.12,0.39,53.08,27.07,309.0,2024-07-08 17:28:05.912670
00:13:A2:00:42:37:AD:AD,7.0,56.0,3.2844,53.0,0.0,100.0,6.13,6.48,6.48,6.48,41.41,48.75,48.94,48.95,48.96,0.43,52.91,27.11,308.0,2024-07-08 17:58:20.948668
00:13:A2:00:42:37:AD:AD,7.0,57.0,3.2844,53.0,0.0,100.0,6.72,7.11,7.11,7.11,45.41,53.46,53.66,53.68,53.69,0.43,52.88,27.23,304.0,2024-07-08 18:28:05.988131
00:13:A2:00:42:37:AD:AD,7.0,58.0,3.2844,53.0,0.0,100.0,6.05,6.4,6.4,6.4,40.91,48.17,48.35,48.36,48.37,0.46,52.75,27.34,315.0,2024-07-08 18:58:06.042974
00:13:A2:00:42:37:AD:AD,7.0,59.0,3.2844,53.0,0.0,100.0,4.93,5.36,5.47,5.53,32.93,39.04,39.34,39.39,39.4,0.52,52.64,27.53,274.0,2024-07-08 19:28:06.080463
00:13:A2:00:42:37:AD:AD,7.0,60.0,3.2844,53.0,0.0,100.0,5.25,5.95,6.28,6.44,34.4,41.26,41.86,41.96,41.98,0.48,51.91,28.11,284.0,2024-07-08 19:58:06.127522
00:13:A2:00:42:37:AD:AD,7.0,61.0,3.2844,53.0,0.0,100.0,5.13,5.78,6.07,6.22,33.68,40.33,40.88,40.97,41.0,0.54,51.43,28.18,286.0,2024-07-08 20:28:06.166075
00:13:A2:00:42:37:AD:AD,7.0,62.0,3.2844,53.0,0.0,100.0,3.77,4.38,4.71,4.87,24.39,29.47,30.03,30.12,30.15,0.6,51.61,27.92,293.0,2024-07-08 20:58:06.211628
00:13:A2:00:42:37:AD:AD,7.0,63.0,3.2844,53.0,0.0,100.0,3.51,3.71,3.71,3.71,23.71,27.91,28.02,28.03,28.03,0.43,52.04,27.63,273.0,2024-07-08 21:28:06.250861
00:13:A2:00:42:37:AD:AD,7.0,64.0,3.2844,53.0,0.0,100.0,4.88,5.3,5.42,5.48,32.63,38.68,38.98,39.02,39.03,0.49,52.45,27.42,277.0,2024-07-08 21:58:06.300234
00:13:A2:00:42:37:AD:AD,7.0,83.0,3.2844,53.0,0.0,100.0,3.1,3.27,3.27,3.27,20.94,24.65,24.75,24.75,24.76,0.45,53.97,26.49,321.0,2024-07-09 07:28:07.121689
00:13:A2:00:42:37:AD:AD,7.0,84.0,3.2844,53.0,0.0,100.0,2.97,3.14,3.14,3.14,20.09,23.65,23.74,23.75,23.75,0.36,53.7,26.49,344.0,2024-07-09 07:58:07.159059
00:13:A2:00:42:37:AD:AD,7.0,85.0,3.2844,53.0,0.0,100.0,1.97,2.09,2.09,2.09,13.36,15.73,15.79,15.8,15.8,0.46,53.43,26.5,308.0,2024-07-09 08:28:07.204157
00:13:A2:00:42:37:AD:AD,7.0,86.0,3.2844,53.0,0.0,100.0,4.79,5.66,6.14,6.38,30.84,37.41,38.21,38.35,38.38,0.51,53.1,26.52,354.0,2024-07-09 08:58:22.244322
00:13:A2:00:42:37:AD:AD,7.0,87.0,3.2844,53.0,0.0,100.0,1.29,1.48,1.57,1.61,8.46,10.17,10.34,10.36,10.37,0.5,52.91,26.56,333.0,2024-07-09 09:28:07.286633
00:13:A2:00:42:37:AD:AD,7.0,88.0,3.2844,53.0,0.0,100.0,2.43,2.81,3.01,3.12,15.75,19.01,19.36,19.42,19.43,0.54,52.79,26.59,352.0,2024-07-09 09:58:07.324970
00:13:A2:00:42:37:AD:AD,7.0,89.0,3.2844,53.0,0.0,100.0,1.25,2.19,2.91,3.27,6.12,8.86,9.86,10.05,10.1,0.97,52.66,26.6,330.0,2024-07-09 10:28:07.370214
00:13:A2:00:42:37:AD:AD,7.0,90.0,3.2844,53.0,0.0,100.0,1.2,1.59,1.85,1.99,7.25,9.15,9.54,9.62,9.63,0.72,52.53,26.63,366.0,2024-07-09 10:58:07.408896
00:13:A2:00:42:37:AD:AD,7.0,91.0,3.2844,53.0,0.0,100.0,3.52,4.79,5.67,6.11,20.92,26.65,27.93,28.18,28.23,0.73,52.44,26.68,317.0,2024-07-09 11:28:07.458406
00:13:A2:00:42:37:AD:AD,7.0,92.0,3.2844,53.0,0.0,100.0,1.35,1.8,2.11,2.27,8.15,10.3,10.76,10.84,10.86,0.68,52.35,26.68,316.0,2024-07-09 11:58:07.501371
00:13:A2:00:42:37:AD:AD,7.0,93.0,3.2844,53.0,0.0,100.0,6.7,7.08,7.08,7.08,45.26,53.28,53.48,53.5,53.51,0.38,52.26,26.72,355.0,2024-07-09 12:28:07.553703
00:13:A2:00:42:37:AD:AD,7.0,94.0,3.2844,53.0,0.0,100.0,1.73,1.83,1.83,1.83,11.69,13.76,13.82,13.82,13.82,0.39,52.17,26.75,314.0,2024-07-09 12:58:07.594835
00:13:A2:00:42:37:AD:AD,7.0,95.0,3.2844,53.0,0.0,100.0,2.63,2.79,2.79,2.79,17.82,20.98,21.06,21.07,21.07,0.46,52.13,26.75,321.0,2024-07-09 13:28:07.651047
00:13:A2:00:42:37:AD:AD,7.0,96.0,3.2844,53.0,0.0,100.0,5.17,5.46,5.46,5.46,34.93,41.12,41.28,41.29,41.3,0.4,52.0,26.75,309.0,2024-07-09 13:58:22.670893
00:13:A2:00:42:37:AD:AD,7.0,97.0,3.2844,53.0,0.0,100.0,2.02,2.14,2.14,2.14,13.69,16.11,16.18,16.18,16.18,0.43,51.95,26.78,317.0,2024-07-09 14:28:07.717455
00:13:A2:00:42:37:AD:AD,7.0,98.0,3.2844,53.0,0.0,100.0,5.89,6.23,6.23,6.23,39.82,46.87,47.05,47.06,47.07,0.44,51.95,26.75,311.0,2024-07-09 14:58:07.757841
00:13:A2:00:42:37:AD:AD,7.0,99.0,3.2844,53.0,0.0,100.0,2.62,2.91,3.03,3.09,17.33,20.67,20.91,20.95,20.96,0.47,51.96,26.71,298.0,2024-07-09 15:28:07.813760
00:13:A2:00:42:37:AD:AD,7.0,100.0,3.2844,53.0,0.0,100.0,3.02,3.19,3.19,3.19,20.42,24.04,24.13,24.14,24.14,0.45,52.03,26.66,296.0,2024-07-09 15:58:07.843761
00:13:A2:00:42:37:AD:AD,7.0,101.0,3.2844,53.0,0.0,100.0,6.61,6.99,6.99,6.99,44.66,52.58,52.78,52.79,52.8,0.37,52.1,26.63,298.0,2024-07-09 16:28:07.889561
00:13:A2:00:42:37:AD:AD,7.0,102.0,3.2844,53.0,0.0,100.0,2.76,3.7,4.34,4.66,16.6,21.02,21.96,22.14,22.18,0.7,52.13,26.58,309.0,2024-07-09 16:58:07.928213
00:13:A2:00:42:37:AD:AD,7.0,103.0,3.2844,53.0,0.0,100.0,2.62,2.77,2.77,2.77,17.7,20.83,20.91,20.92,20.92,0.41,52.22,26.54,293.0,2024-07-09 17:28:07.977249
00:13:A2:00:42:37:AD:AD,7.0,104.0,3.2844,53.0,0.0,100.0,4.98,5.26,5.26,5.26,33.64,39.6,39.75,39.76,39.77,0.44,52.29,26.58,282.0,2024-07-09 17:58:08.022668
00:13:A2:00:42:37:AD:AD,7.0,105.0,3.2844,53.0,0.0,100.0,3.53,3.73,3.73,3.73,23.87,28.11,28.21,28.22,28.23,0.45,52.4,26.67,284.0,2024-07-09 18:28:08.062012
00:13:A2:00:42:37:AD:AD,7.0,106.0,3.2844,53.0,0.0,100.0,6.61,7.74,8.36,8.67,42.62,51.61,52.64,52.82,52.87,0.57,52.32,26.76,294.0,2024-07-09 18:58:23.110632
00:13:A2:00:42:37:AD:AD,7.0,107.0,3.2844,53.0,0.0,100.0,5.65,5.97,5.97,5.97,38.18,44.95,45.12,45.13,45.14,0.43,52.23,26.87,308.0,2024-07-09 19:28:08.148239
00:13:A2:00:42:37:AD:AD,7.0,108.0,3.2844,53.0,0.0,100.0,4.52,4.97,5.13,5.21,30.01,35.7,36.06,36.11,36.12,0.48,52.19,26.94,290.0,2024-07-09 19:58:08.257165
00:13:A2:00:42:37:AD:AD,7.0,109.0,3.2844,53.0,0.0,100.0,2.76,3.38,3.75,3.94,17.49,21.44,22.03,22.13,22.16,0.62,52.28,26.89,304.0,2024-07-09 20:28:08.235950
00:13:A2:00:42:37:AD:AD,7.0,110.0,3.2844,53.0,0.0,100.0,5.1,6.04,6.57,6.84,32.72,39.75,40.62,40.77,40.81,0.53,52.47,26.76,300.0,2024-07-09 20:58:08.289575
00:13:A2:00:42:37:AD:AD,7.0,111.0,3.2844,53.0,0.0,100.0,6.39,7.36,7.85,8.1,41.55,50.05,50.91,51.06,51.1,0.54,52.64,26.65,295.0,2024-07-09 21:28:08.320874
00:13:A2:00:42:37:AD:AD,7.0,112.0,3.2844,53.0,0.0,100.0,5.81,7.41,8.45,8.97,35.85,44.61,46.19,46.48,46.55,0.65,52.88,26.56,295.0,2024-07-09 21:58:08.364068
00:13:A2:00:42:37:AD:AD,7.0,131.0,3.2844,53.0,0.0,100.0,2.14,2.26,2.26,2.26,14.46,17.03,17.09,17.09,17.1,0.41,54.34,26.13,291.0,2024-07-10 07:28:09.198403
00:13:A2:00:42:37:AD:AD,7.0,132.0,3.2844,53.0,0.0,100.0,2.57,3.34,3.85,4.1,15.75,19.71,20.47,20.61,20.65,0.71,54.19,26.16,297.0,2024-07-10 07:58:09.224380
00:13:A2:00:42:37:AD:AD,7.0,133.0,3.2844,53.0,0.0,100.0,3.69,5.03,5.96,6.43,21.91,27.94,29.3,29.56,29.62,0.68,54.01,26.16,312.0,2024-07-10 08:28:09.268470
00:13:A2:00:42:37:AD:AD,7.0,134.0,3.2844,53.0,0.0,100.0,1.98,2.73,3.26,3.53,11.64,14.92,15.7,15.84,15.88,0.69,53.85,26.19,329.0,2024-07-10 08:58:09.325364
00:13:A2:00:42:37:AD:AD,7.0,135.0,3.2844,53.0,0.0,100.0,2.21,3.03,3.6,3.89,13.06,16.7,17.53,17.69,17.72,0.74,53.72,26.23,288.0,2024-07-10 09:28:09.370736
00:13:A2:00:42:37:AD:AD,7.0,136.0,3.2844,53.0,0.0,100.0,2.98,3.44,3.68,3.8,19.35,23.33,23.74,23.81,23.83,0.57,53.54,26.24,303.0,2024-07-10 09:58:24.420775
00:13:A2:00:42:37:AD:AD,7.0,137.0,3.2844,53.0,0.0,100.0,4.86,5.14,5.14,5.14,32.83,38.64,38.79,38.8,38.81,0.42,53.39,26.28,295.0,2024-07-10 10:28:09.453740
00:13:A2:00:42:37:AD:AD,7.0,138.0,3.2844,53.0,0.0,100.0,5.2,6.09,6.58,6.82,33.58,40.65,41.46,41.61,41.64,0.59,53.28,26.32,300.0,2024-07-10 10:58:09.483734
00:13:A2:00:42:37:AD:AD,7.0,139.0,3.2844,53.0,0.0,100.0,2.13,2.63,2.95,3.11,13.39,16.49,16.98,17.07,17.09,0.57,53.2,26.35,324.0,2024-07-10 11:28:09.529898
00:13:A2:00:42:37:AD:AD,7.0,140.0,3.2844,53.0,0.0,100.0,6.04,6.39,6.39,6.39,40.84,48.08,48.26,48.27,48.28,0.35,53.19,26.39,308.0,2024-07-10 11:58:09.579903
00:13:A2:00:42:37:AD:AD,7.0,141.0,3.2844,53.0,0.0,100.0,3.1,4.03,4.66,4.97,18.94,23.73,24.66,24.84,24.88,0.75,53.11,26.41,298.0,2024-07-10 12:28:09.618696
00:13:A2:00:42:37:AD:AD,7.0,142.0,3.2844,53.0,0.0,100.0,5.3,7.56,9.17,9.98,30.55,39.68,42.01,42.45,42.55,0.64,53.09,26.44,294.0,2024-07-10 12:58:09.662352
00:13:A2:00:42:37:AD:AD,7.0,143.0,3.2844,53.0,0.0,100.0,5.01,5.3,5.3,5.3,33.9,39.9,40.06,40.07,40.07,0.45,53.06,26.43,304.0,2024-07-10 13:28:09.698593
00:13:A2:00:42:37:AD:AD,7.0,144.0,3.2844,53.0,0.0,100.0,2.59,2.91,3.05,3.12,17.04,20.39,20.66,20.7,20.71,0.5,53.08,26.44,294.0,2024-07-10 13:58:09.741433
00:13:A2:00:42:37:AD:AD,7.0,145.0,3.2844,53.0,0.0,100.0,3.8,4.02,4.02,4.02,25.72,30.28,30.4,30.41,30.41,0.42,53.06,26.41,299.0,2024-07-10 14:28:09.802291
00:13:A2:00:42:37:AD:AD,7.0,146.0,3.2844,53.0,0.0,100.0,4.45,5.2,5.6,5.8,28.8,34.83,35.51,35.62,35.65,0.56,53.15,26.39,299.0,2024-07-10 14:58:24.841477
00:13:A2:00:42:37:AD:AD,7.0,147.0,3.2844,53.0,0.0,100.0,2.89,3.39,3.66,3.8,18.69,22.63,23.08,23.16,23.18,0.57,53.21,26.37,288.0,2024-07-10 15:28:09.873475
00:13:A2:00:42:37:AD:AD,7.0,148.0,3.2844,53.0,0.0,100.0,3.22,3.41,3.41,3.41,21.79,25.66,25.75,25.76,25.77,0.4,53.29,26.32,283.0,2024-07-10 15:58:09.921671
00:13:A2:00:42:37:AD:AD,7.0,149.0,3.2844,53.0,0.0,100.0,4.03,4.26,4.26,4.26,27.26,32.09,32.22,32.22,32.23,0.4,53.43,26.28,287.0,2024-07-10 16:28:09.961231
00:13:A2:00:42:37:AD:AD,7.0,150.0,3.2844,53.0,0.0,100.0,6.56,7.73,8.39,8.71,42.17,51.16,52.24,52.43,52.47,0.52,53.51,26.19,314.0,2024-07-10 16:58:10.010079
00:13:A2:00:42:37:AD:AD,7.0,151.0,3.2844,53.0,0.0,100.0,5.44,5.75,5.75,5.75,36.78,43.3,43.46,43.47,43.48,0.46,53.58,26.13,288.0,2024-07-10 17:28:10.043292
00:13:A2:00:42:37:AD:AD,7.0,152.0,3.2844,53.0,0.0,100.0,3.03,3.58,3.89,4.05,19.44,23.61,24.12,24.21,24.23,0.55,53.71,26.08,282.0,2024-07-10 17:58:10.085425
00:13:A2:00:42:37:AD:AD,7.0,153.0,3.2844,53.0,0.0,100.0,2.77,2.93,2.93,2.93,18.75,22.08,22.16,22.17,22.17,0.41,53.88,26.03,302.0,2024-07-10 18:28:10.130250
00:13:A2:00:42:37:AD:AD,7.0,154.0,3.2844,53.0,0.0,100.0,3.74,4.18,4.36,4.46,24.68,29.48,29.84,29.9,29.91,0.47,54.25,26.0,286.0,2024-07-10 18:58:10.185718
00:13:A2:00:42:37:AD:AD,7.0,155.0,3.2844,53.0,0.0,100.0,6.49,8.01,8.96,9.43,40.78,50.18,51.65,51.92,51.98,0.65,54.34,25.92,310.0,2024-07-10 19:28:10.221336
00:13:A2:00:42:37:AD:AD,7.0,156.0,3.2844,53.0,0.0,100.0,3.63,3.84,3.84,3.84,24.54,28.89,29.0,29.01,29.01,0.47,54.56,25.88,299.0,2024-07-10 19:58:25.268006
00:13:A2:00:42:37:AD:AD,7.0,157.0,3.2844,53.0,0.0,100.0,5.44,6.51,7.14,7.45,34.7,42.29,43.29,43.47,43.52,0.62,54.55,25.86,290.0,2024-07-10 20:28:10.303181
00:13:A2:00:42:37:AD:AD,7.0,158.0,3.2844,53.0,0.0,100.0,5.39,5.7,5.7,5.7,36.41,42.86,43.02,43.03,43.04,0.45,54.64,25.8,280.0,2024-07-10 20:58:10.348520
00:13:A2:00:42:37:AD:AD,7.0,159.0,3.2844,53.0,0.0,100.0,3.08,3.72,4.11,4.3,19.58,23.93,24.54,24.65,24.68,0.52,54.77,25.77,298.0,2024-07-10 21:28:10.400237
00:13:A2:00:42:37:AD:AD,7.0,160.0,3.2844,53.0,0.0,100.0,1.95,2.31,2.52,2.63,12.52,15.22,15.56,15.62,15.64,0.5,54.91,25.74,286.0,2024-07-10 21:58:10.447258
00:13:A2:00:42:37:AD:AD,7.0,179.0,3.2844,53.0,0.0,100.0,1.33,1.57,1.71,1.78,8.54,10.37,10.59,10.63,10.64,0.53,56.03,25.6,306.0,2024-07-11 07:28:11.251651
00:13:A2:00:42:37:AD:AD,7.0,180.0,3.2844,53.0,0.0,100.0,0.56,1.12,1.56,1.78,2.37,3.8,4.41,4.53,4.55,0.78,55.9,25.61,291.0,2024-07-11 07:58:11.295794
00:13:A2:00:42:37:AD:AD,7.0,181.0,3.2844,53.0,0.0,100.0,1.75,2.43,2.91,3.15,10.31,13.23,13.93,14.06,14.09,0.58,55.77,25.61,285.0,2024-07-11 08:28:11.358566
00:13:A2:00:42:37:AD:AD,7.0,182.0,3.2844,53.0,0.0,100.0,2.39,2.89,3.18,3.33,15.16,18.54,19.01,19.1,19.12,0.64,55.65,25.61,275.0,2024-07-11 08:58:11.393681
00:13:A2:00:42:37:AD:AD,7.0,183.0,3.2844,53.0,0.0,100.0,0.53,1.51,2.29,2.68,1.08,3.07,4.13,4.34,4.39,1.35,55.51,25.64,282.0,2024-07-11 09:28:11.438658
00:13:A2:00:42:37:AD:AD,7.0,184.0,3.2844,53.0,0.0,100.0,0.67,1.01,1.27,1.4,3.7,4.95,5.31,5.38,5.39,0.72,55.37,25.64,278.0,2024-07-11 09:58:11.480762
00:13:A2:00:42:37:AD:AD,7.0,185.0,3.2844,53.0,0.0,100.0,2.88,3.54,3.95,4.16,18.15,22.31,22.95,23.07,23.09,0.54,55.28,25.68,298.0,2024-07-11 10:28:11.522068
00:13:A2:00:42:37:AD:AD,7.0,186.0,3.2844,53.0,0.0,100.0,1.13,1.19,1.19,1.19,7.66,9.01,9.05,9.05,9.05,0.37,55.21,25.67,297.0,2024-07-11 10:58:26.570365
00:13:A2:00:42:37:AD:AD,7.0,187.0,3.2844,53.0,0.0,100.0,0.61,0.65,0.65,0.65,4.15,4.89,4.91,4.91,4.91,0.32,55.15,25.7,290.0,2024-07-11 11:28:11.610272
00:13:A2:00:42:37:AD:AD,7.0,188.0,3.2844,53.0,0.0,100.0,0.67,0.71,0.71,0.71,4.56,5.37,5.39,5.39,5.4,0.34,55.17,25.7,310.0,2024-07-11 11:58:11.660002
00:13:A2:00:42:37:AD:AD,7.0,189.0,3.2844,53.0,0.0,100.0,1.16,1.92,2.5,2.78,6.03,8.42,9.22,9.38,9.41,0.52,55.18,25.67,287.0,2024-07-11 12:28:11.705655
00:13:A2:00:42:37:AD:AD,7.0,190.0,3.2844,53.0,0.0,100.0,1.16,1.23,1.23,1.23,7.87,9.27,9.3,9.3,9.3,0.32,55.27,25.66,329.0,2024-07-11 12:58:11.742994
00:13:A2:00:42:37:AD:AD,7.0,191.0,3.2844,53.0,0.0,100.0,0.57,0.79,0.94,1.02,3.38,4.33,4.56,4.6,4.61,0.56,55.25,25.65,301.0,2024-07-11 13:28:11.790612
00:13:A2:00:42:37:AD:AD,7.0,192.0,3.2844,53.0,0.0,100.0,0.61,0.64,0.64,0.64,4.13,4.86,4.88,4.88,4.88,0.32,55.36,25.63,301.0,2024-07-11 13:58:11.829373
00:13:A2:00:42:37:AD:AD,7.0,193.0,3.2844,53.0,0.0,100.0,1.19,1.47,1.65,1.73,7.49,9.23,9.5,9.55,9.56,0.48,55.45,25.63,304.0,2024-07-11 14:28:11.867213
00:13:A2:00:42:37:AD:AD,7.0,194.0,3.2844,53.0,0.0,100.0,0.55,1.15,1.61,1.84,2.26,3.73,4.37,4.5,4.52,1.09,55.48,25.64,309.0,2024-07-11 14:58:11.927906
00:13:A2:00:42:37:AD:AD,7.0,195.0,3.2844,53.0,0.0,100.0,2.09,4.76,6.87,7.92,7.26,13.4,16.28,16.85,16.98,1.23,55.54,25.64,301.0,2024-07-11 15:28:11.961508
00:13:A2:00:42:37:AD:AD,7.0,196.0,3.2844,53.0,0.0,100.0,0.61,0.65,0.65,0.65,4.18,4.92,4.94,4.94,4.94,0.36,55.66,25.61,299.0,2024-07-11 15:58:27.008951
00:13:A2:00:42:37:AD:AD,7.0,197.0,3.2844,53.0,0.0,100.0,0.53,1.12,1.58,1.81,2.15,3.58,4.21,4.34,4.36,1.02,55.63,25.63,308.0,2024-07-11 16:28:12.039445
00:13:A2:00:42:37:AD:AD,7.0,198.0,3.2844,53.0,0.0,100.0,1.87,1.98,1.98,1.98,12.67,14.91,14.97,14.97,14.98,0.32,55.73,25.59,297.0,2024-07-11 16:58:12.088675
00:13:A2:00:42:37:AD:AD,7.0,199.0,3.2844,53.0,0.0,100.0,0.58,0.9,1.14,1.26,3.14,4.25,4.59,4.66,4.67,0.5,55.81,25.52,310.0,2024-07-11 17:28:12.120936
00:13:A2:00:42:37:AD:AD,7.0,200.0,3.2844,53.0,0.0,100.0,0.58,0.92,1.17,1.3,3.09,4.22,4.58,4.65,4.67,0.74,55.92,25.49,295.0,2024-07-11 17:58:12.174282
00:13:A2:00:42:37:AD:AD,7.0,201.0,3.2844,53.0,0.0,100.0,1.2,1.45,1.61,1.69,7.59,9.3,9.55,9.59,9.6,0.47,56.11,25.46,291.0,2024-07-11 18:28:12.210165
00:13:A2:00:42:37:AD:AD,7.0,202.0,3.2844,53.0,0.0,100.0,0.58,0.62,0.62,0.62,3.98,4.69,4.7,4.7,4.71,0.27,56.25,25.42,322.0,2024-07-11 18:58:12.253732
00:13:A2:00:42:37:AD:AD,7.0,203.0,3.2844,53.0,0.0,100.0,0.58,0.97,1.26,1.4,2.97,4.17,4.58,4.66,4.68,0.75,56.38,25.37,279.0,2024-07-11 19:28:12.327106
00:13:A2:00:42:37:AD:AD,7.0,204.0,3.2844,53.0,0.0,100.0,2.34,2.98,3.4,3.61,14.48,18.01,18.64,18.76,18.78,0.58,56.51,25.34,317.0,2024-07-11 19:58:12.355449
00:13:A2:00:42:37:AD:AD,7.0,205.0,3.2844,53.0,0.0,100.0,0.59,0.87,1.07,1.17,3.35,4.4,4.69,4.75,4.76,0.69,56.64,25.31,322.0,2024-07-11 20:28:12.390895
00:13:A2:00:42:37:AD:AD,7.0,206.0,3.2844,53.0,0.0,100.0,1.25,1.32,1.32,1.32,8.47,9.97,10.01,10.01,10.01,0.38,56.88,25.25,294.0,2024-07-11 20:58:27.446043
00:13:A2:00:42:37:AD:AD,7.0,207.0,3.2844,53.0,0.0,100.0,0.55,1.31,1.91,2.22,1.74,3.44,4.27,4.43,4.47,1.2,56.94,25.27,294.0,2024-07-11 21:28:12.474803
00:13:A2:00:42:37:AD:AD,7.0,208.0,3.2844,53.0,0.0,100.0,0.54,1.15,1.64,1.88,2.06,3.54,4.21,4.34,4.37,1.09,57.11,25.22,286.0,2024-07-11 21:58:12.515654
00:13:A2:00:42:37:AD:AD,7.0,227.0,3.2844,53.0,0.0,100.0,0.55,1.45,2.16,2.52,1.39,3.29,4.27,4.46,4.5,1.33,57.85,25.1,311.0,2024-07-12 07:28:13.347442
00:13:A2:00:42:37:AD:AD,7.0,228.0,3.2844,53.0,0.0,100.0,1.23,1.48,1.64,1.71,7.82,9.56,9.8,9.84,9.85,0.49,57.79,25.08,311.0,2024-07-12 07:58:13.440111
00:13:A2:00:42:37:AD:AD,7.0,229.0,3.2844,53.0,0.0,100.0,0.49,1.75,2.77,3.27,0.04,2.38,3.76,4.03,4.09,1.62,57.65,25.09,343.0,2024-07-12 08:28:13.451471
00:13:A2:00:42:37:AD:AD,7.0,230.0,3.2844,53.0,0.0,100.0,0.67,0.7,0.7,0.7,4.52,5.33,5.35,5.35,5.35,0.39,57.55,25.09,318.0,2024-07-12 08:58:13.484824
00:13:A2:00:42:37:AD:AD,7.0,231.0,3.2844,53.0,0.0,100.0,0.62,0.66,0.66,0.66,4.22,4.97,4.98,4.99,4.99,0.27,57.49,25.13,304.0,2024-07-12 09:28:13.518907
00:13:A2:00:42:37:AD:AD,7.0,232.0,3.2844,53.0,0.0,100.0,0.62,0.66,0.66,0.66,4.22,4.97,4.98,4.99,4.99,0.33,57.38,25.12,314.0,2024-07-12 09:58:13.554126
00:13:A2:00:42:37:AD:AD,7.0,233.0,3.2844,53.0,0.0,100.0,0.5,1.21,1.77,2.05,1.62,3.19,3.95,4.1,4.14,1.2,57.29,25.14,337.0,2024-07-12 10:28:13.606741
00:13:A2:00:42:37:AD:AD,7.0,234.0,3.2844,53.0,0.0,100.0,0.61,0.78,0.9,0.96,3.78,4.71,4.88,4.92,4.92,0.53,57.25,25.14,312.0,2024-07-12 10:58:13.645101
00:13:A2:00:42:37:AD:AD,7.0,235.0,3.2844,53.0,0.0,100.0,0.53,1.19,1.72,1.98,1.92,3.46,4.17,4.31,4.34,0.67,57.22,25.14,317.0,2024-07-12 11:28:13.692844
00:13:A2:00:42:37:AD:AD,7.0,236.0,3.2844,53.0,0.0,100.0,1.13,1.69,2.1,2.3,6.29,8.35,8.94,9.05,9.07,0.74,57.22,25.14,324.0,2024-07-12 11:58:28.743780
00:13:A2:00:42:37:AD:AD,7.0,237.0,3.2844,53.0,0.0,100.0,1.56,2.6,3.38,3.77,7.99,11.21,12.31,12.53,12.57,0.85,57.12,25.16,324.0,2024-07-12 12:28:13.780706
00:13:A2:00:42:37:AD:AD,7.0,238.0,3.2844,53.0,0.0,100.0,0.68,0.91,1.07,1.15,4.11,5.2,5.43,5.48,5.49,0.54,57.11,25.14,326.0,2024-07-12 12:58:13.852100
00:13:A2:00:42:37:AD:AD,7.0,239.0,3.2844,53.0,0.0,100.0,0.58,0.61,0.61,0.61,3.93,4.63,4.65,4.65,4.65,0.46,57.12,25.13,340.0,2024-07-12 13:28:13.886999
00:13:A2:00:42:37:AD:AD,7.0,240.0,3.2844,53.0,0.0,100.0,1.15,1.49,1.72,1.83,7.1,8.87,9.21,9.27,9.28,0.59,57.09,25.15,324.0,2024-07-12 13:58:13.912063
00:13:A2:00:42:37:AD:AD,7.0,241.0,3.2844,53.0,0.0,100.0,1.76,1.86,1.86,1.86,11.93,14.04,14.09,14.1,14.1,0.42,57.1,25.17,310.0,2024-07-12 14:28:13.958601
00:13:A2:00:42:37:AD:AD,7.0,242.0,3.2844,53.0,0.0,100.0,1.17,1.24,1.24,1.24,7.93,9.34,9.37,9.38,9.38,0.34,57.12,25.17,325.0,2024-07-12 14:58:13.995099
00:13:A2:00:42:37:AD:AD,7.0,243.0,3.2844,53.0,0.0,100.0,0.75,0.8,0.8,0.8,5.13,6.04,6.06,6.06,6.06,0.31,57.19,25.19,308.0,2024-07-12 15:28:14.033682
00:13:A2:00:42:37:AD:AD,7.0,244.0,3.2844,53.0,0.0,100.0,0.79,1.05,1.22,1.31,4.77,6.02,6.28,6.33,6.35,0.52,57.23,25.19,319.0,2024-07-12 15:58:14.081168
00:13:A2:00:42:37:AD:AD,7.0,245.0,3.2844,53.0,0.0,100.0,0.6,0.64,0.64,0.64,4.11,4.84,4.86,4.86,4.87,0.27,57.29,25.2,325.0,2024-07-12 16:28:14.123016
00:13:A2:00:42:37:AD:AD,7.0,246.0,3.2844,53.0,0.0,100.0,1.16,1.61,1.92,2.08,6.8,8.73,9.19,9.28,9.3,0.58,57.26,25.23,330.0,2024-07-12 16:58:29.162697
00:13:A2:00:42:37:AD:AD,7.0,247.0,3.2844,53.0,0.0,100.0,0.61,0.81,0.95,1.02,3.68,4.65,4.86,4.9,4.91,0.52,57.2,25.25,307.0,2024-07-12 17:28:14.216229
00:13:A2:00:42:37:AD:AD,7.0,248.0,3.2844,53.0,0.0,100.0,1.92,2.03,2.03,2.03,12.98,15.29,15.34,15.35,15.35,0.45,57.19,25.3,319.0,2024-07-12 17:58:14.259007
00:13:A2:00:42:37:AD:AD,7.0,249.0,3.2844,53.0,0.0,100.0,0.71,1.18,1.53,1.7,3.72,5.18,5.67,5.77,5.79,0.87,57.16,25.33,322.0,2024-07-12 18:28:14.304517
00:13:A2:00:42:37:AD:AD,7.0,250.0,3.2844,53.0,0.0,100.0,1.9,2.01,2.01,2.01,12.86,15.15,15.2,15.21,15.21,0.4,57.22,25.4,325.0,2024-07-12 18:58:14.350668
00:13:A2:00:42:37:AD:AD,7.0,251.0,3.2844,53.0,0.0,100.0,2.6,2.75,2.75,2.75,17.59,20.7,20.78,20.79,20.79,0.43,57.11,25.49,304.0,2024-07-12 19:28:14.389831
00:13:A2:00:42:37:AD:AD,7.0,252.0,3.2844,53.0,0.0,100.0,1.95,2.06,2.06,2.06,13.17,15.51,15.57,15.57,15.57,0.45,56.76,25.81,303.0,2024-07-12 19:58:14.429435
00:13:A2:00:42:37:AD:AD,7.0,253.0,3.2844,53.0,0.0,100.0,1.33,1.41,1.41,1.41,9.04,10.65,10.69,10.69,10.69,0.42,56.42,25.87,323.0,2024-07-12 20:28:14.485886
00:13:A2:00:42:37:AD:AD,7.0,254.0,3.2844,53.0,0.0,100.0,3.67,4.15,4.36,4.47,24.11,28.88,29.28,29.35,29.37,0.49,56.49,25.71,296.0,2024-07-12 20:58:14.523189
00:13:A2:00:42:37:AD:AD,7.0,255.0,3.2844,53.0,0.0,100.0,1.35,1.43,1.43,1.43,9.13,10.75,10.79,10.79,10.79,0.4,56.71,25.55,296.0,2024-07-12 21:28:14.570286
00:13:A2:00:42:37:AD:AD,7.0,1.0,3.2844,53.0,0.0,100.0,3.07,3.25,3.25,3.25,20.77,24.45,24.54,24.55,24.55,0.42,57.06,25.4,312.0,2024-07-12 21:58:29.598202
00:13:A2:00:42:37:AD:AD,7.0,20.0,3.2844,53.0,0.0,100.0,2.92,4.25,5.21,5.69,16.62,21.77,23.15,23.41,23.47,0.75,58.52,24.9,303.0,2024-07-13 07:28:15.434411
00:13:A2:00:42:37:AD:AD,7.0,21.0,3.2844,53.0,0.0,100.0,2.07,2.34,2.47,2.54,13.59,16.29,16.53,16.57,16.58,0.48,58.78,24.95,308.0,2024-07-13 07:58:30.494790
00:13:A2:00:42:37:AD:AD,7.0,22.0,3.2844,53.0,0.0,100.0,3.11,3.29,3.29,3.29,21.03,24.76,24.85,24.86,24.86,0.38,58.57,24.97,323.0,2024-07-13 08:28:15.521658
00:13:A2:00:42:37:AD:AD,7.0,23.0,3.2844,53.0,0.0,100.0,1.88,2.69,3.28,3.57,10.81,14.07,14.91,15.07,15.11,0.76,58.47,25.02,328.0,2024-07-13 08:58:15.552436
00:13:A2:00:42:37:AD:AD,7.0,24.0,3.2844,53.0,0.0,100.0,2.35,2.48,2.48,2.48,15.87,18.68,18.75,18.76,18.76,0.42,58.52,25.05,338.0,2024-07-13 09:28:15.631358
00:13:A2:00:42:37:AD:AD,7.0,25.0,3.2844,53.0,0.0,100.0,1.49,1.61,1.64,1.66,10.03,11.87,11.95,11.97,11.97,0.5,58.59,25.11,336.0,2024-07-13 09:58:15.649547
00:13:A2:00:42:37:AD:AD,7.0,26.0,3.2844,53.0,0.0,100.0,1.87,2.4,2.75,2.93,11.51,14.36,14.88,14.98,15.01,0.65,58.73,25.16,329.0,2024-07-13 10:28:15.693188
00:13:A2:00:42:37:AD:AD,7.0,27.0,3.2844,53.0,0.0,100.0,2.9,3.28,3.46,3.54,19.06,22.85,23.17,23.22,23.24,0.47,58.85,25.2,324.0,2024-07-13 10:58:15.754968
00:13:A2:00:42:37:AD:AD,7.0,28.0,3.2844,53.0,0.0,100.0,2.81,2.97,2.97,2.97,18.98,22.35,22.43,22.44,22.44,0.37,59.03,25.26,308.0,2024-07-13 11:28:15.774288
00:13:A2:00:42:37:AD:AD,7.0,29.0,3.2844,53.0,0.0,100.0,3.45,3.65,3.65,3.65,23.36,27.5,27.6,27.61,27.61,0.36,59.21,25.32,303.0,2024-07-13 11:58:15.824651
00:13:A2:00:42:37:AD:AD,7.0,30.0,3.2844,53.0,0.0,100.0,6.07,6.42,6.42,6.42,41.05,48.33,48.51,48.52,48.53,0.43,59.34,25.34,304.0,2024-07-13 12:28:15.893360
00:13:A2:00:42:37:AD:AD,7.0,31.0,3.2844,53.0,0.0,100.0,2.26,2.39,2.39,2.39,15.29,18.01,18.07,18.08,18.08,0.44,59.57,25.37,300.0,2024-07-13 12:58:30.935009
00:13:A2:00:42:37:AD:AD,7.0,32.0,3.2844,53.0,0.0,100.0,3.02,3.52,3.8,3.93,19.55,23.64,24.1,24.17,24.19,0.5,59.51,25.44,322.0,2024-07-13 13:28:15.944408
00:13:A2:00:42:37:AD:AD,7.0,33.0,3.2844,53.0,0.0,100.0,3.86,4.55,4.93,5.12,24.85,30.13,30.77,30.88,30.9,0.62,59.64,25.46,315.0,2024-07-13 13:58:15.997968
00:13:A2:00:42:37:AD:AD,7.0,34.0,3.2844,53.0,0.0,100.0,6.98,8.78,9.93,10.5,43.42,53.76,55.52,55.84,55.92,0.6,59.68,25.51,297.0,2024-07-13 14:28:16.030862
00:13:A2:00:42:37:AD:AD,7.0,35.0,3.2844,53.0,0.0,100.0,6.41,8.02,9.04,9.55,40.01,49.45,51.01,51.3,51.37,0.66,59.72,25.52,294.0,2024-07-13 14:58:16.080926
00:13:A2:00:42:37:AD:AD,7.0,36.0,3.2844,53.0,0.0,100.0,5.62,5.94,5.94,5.94,37.96,44.68,44.85,44.87,44.87,0.46,59.79,25.53,300.0,2024-07-13 15:28:16.127055
00:13:A2:00:42:37:AD:AD,7.0,37.0,3.2844,53.0,0.0,100.0,2.65,3.58,4.22,4.53,15.88,20.16,21.1,21.27,21.31,0.72,59.9,25.55,299.0,2024-07-13 15:58:16.180568
00:13:A2:00:42:37:AD:AD,7.0,38.0,3.2844,53.0,0.0,100.0,8.22,8.69,8.69,8.69,55.54,65.38,65.63,65.65,65.66,0.39,59.97,25.58,291.0,2024-07-13 16:28:16.221558
00:13:A2:00:42:37:AD:AD,7.0,39.0,3.2844,53.0,0.0,100.0,2.78,3.31,3.62,3.77,17.76,21.62,22.12,22.21,22.23,0.64,59.98,25.6,286.0,2024-07-13 16:58:16.266768
00:13:A2:00:42:37:AD:AD,7.0,40.0,3.2844,53.0,0.0,100.0,3.12,4.36,5.23,5.67,18.26,23.5,24.77,25.01,25.06,0.79,60.29,25.61,304.0,2024-07-13 17:28:16.293117
00:13:A2:00:42:37:AD:AD,7.0,41.0,3.2844,53.0,0.0,100.0,11.32,11.97,11.97,11.97,76.47,90.02,90.36,90.38,90.4,0.33,60.51,25.57,293.0,2024-07-13 17:58:31.370871
00:13:A2:00:42:37:AD:AD,7.0,42.0,3.2844,53.0,0.0,100.0,4.58,4.84,4.84,4.84,30.97,36.46,36.6,36.61,36.61,0.46,60.45,25.61,280.0,2024-07-13 18:28:16.384320
00:13:A2:00:42:37:AD:AD,7.0,43.0,3.2844,53.0,0.0,100.0,6.96,7.36,7.36,7.36,47.05,55.39,55.6,55.62,55.63,0.41,60.47,25.66,279.0,2024-07-13 18:58:16.434262
00:13:A2:00:42:37:AD:AD,7.0,44.0,3.2844,53.0,0.0,100.0,6.65,7.04,7.04,7.04,44.97,52.94,53.14,53.15,53.16,0.34,60.35,25.83,313.0,2024-07-13 19:28:16.471040
00:13:A2:00:42:37:AD:AD,7.0,45.0,3.2844,53.0,0.0,100.0,3.84,4.06,4.06,4.06,25.98,30.59,30.7,30.71,30.72,0.4,60.14,25.87,310.0,2024-07-13 19:58:16.506876
00:13:A2:00:42:37:AD:AD,7.0,47.0,3.2844,53.0,0.0,100.0,2.12,2.51,2.73,2.84,13.61,16.53,16.89,16.95,16.97,0.51,59.95,25.87,285.0,2024-07-13 20:58:16.595774
00:13:A2:00:42:37:AD:AD,7.0,48.0,3.2844,53.0,0.0,100.0,4.81,5.08,5.08,5.08,32.49,38.24,38.39,38.4,38.41,0.37,59.96,25.81,314.0,2024-07-13 21:28:16.654228
00:13:A2:00:42:37:AD:AD,7.0,49.0,3.2844,53.0,0.0,100.0,2.43,3.66,4.55,5.0,13.52,17.98,19.25,19.5,19.55,0.72,60.03,25.73,282.0,2024-07-13 21:58:16.693208
00:13:A2:00:42:37:AD:AD,7.0,78.0,3.2844,53.0,0.0,100.0,4.33,5.23,5.76,6.03,27.55,33.67,34.51,34.67,34.7,0.57,59.25,25.83,333.0,2024-07-14 12:28:17.939991
00:13:A2:00:42:37:AD:AD,7.0,79.0,3.2844,53.0,0.0,100.0,4.59,5.17,5.44,5.58,30.13,36.08,36.58,36.66,36.69,0.53,59.45,25.89,335.0,2024-07-14 12:58:17.993388
00:13:A2:00:42:37:AD:AD,7.0,80.0,3.2844,53.0,0.0,100.0,8.36,9.85,10.68,11.09,53.81,65.25,66.62,66.86,66.92,0.6,59.58,25.97,315.0,2024-07-14 13:28:18.059669
00:13:A2:00:42:37:AD:AD,7.0,81.0,3.2844,53.0,0.0,100.0,8.11,8.58,8.58,8.58,54.81,64.52,64.76,64.78,64.79,0.38,59.65,26.01,304.0,2024-07-14 13:58:33.066538
00:13:A2:00:42:37:AD:AD,7.0,82.0,3.2844,53.0,0.0,100.0,12.53,14.58,15.69,16.24,81.02,97.92,99.78,100.11,100.19,0.63,59.46,26.07,313.0,2024-07-14 14:28:18.120207
00:13:A2:00:42:37:AD:AD,7.0,83.0,3.2844,53.0,0.0,100.0,11.15,12.24,12.6,12.78,74.18,88.16,88.99,89.11,89.15,0.47,59.33,26.13,318.0,2024-07-14 14:58:18.159392
00:13:A2:00:42:37:AD:AD,7.0,84.0,3.2844,53.0,0.0,100.0,7.21,8.5,9.22,9.58,46.39,56.27,57.46,57.67,57.72,0.59,59.09,26.15,283.0,2024-07-14 15:28:18.201452
00:13:A2:00:42:37:AD:AD,7.0,85.0,3.2844,53.0,0.0,100.0,6.95,7.35,7.35,7.35,47.0,55.33,55.54,55.55,55.56,0.45,58.84,26.21,287.0,2024-07-14 15:58:18.239685
00:13:A2:00:42:37:AD:AD,7.0,86.0,3.2844,53.0,0.0,100.0,9.82,10.9,11.32,11.53,65.01,77.5,78.36,78.5,78.53,0.5,58.62,26.27,303.0,2024-07-14 16:28:18.286966
00:13:A2:00:42:37:AD:AD,7.0,87.0,3.2844,53.0,0.0,100.0,10.17,11.19,11.55,11.73,67.55,80.34,81.13,81.25,81.28,0.47,58.35,26.36,284.0,2024-07-14 16:58:18.337756
00:13:A2:00:42:37:AD:AD,7.0,88.0,3.2844,53.0,0.0,100.0,9.94,10.52,10.52,10.52,67.19,79.1,79.4,79.42,79.44,0.44,58.07,26.49,281.0,2024-07-14 17:28:18.367630
00:13:A2:00:42:37:AD:AD,7.0,89.0,3.2844,53.0,0.0,100.0,9.88,11.8,12.91,13.46,63.17,76.92,78.71,79.03,79.1,0.56,57.74,26.63,289.0,2024-07-14 17:58:18.437929
00:13:A2:00:42:37:AD:AD,7.0,90.0,3.2844,53.0,0.0,100.0,11.87,12.55,12.55,12.55,80.2,94.42,94.78,94.8,94.82,0.46,57.37,26.81,294.0,2024-07-14 18:28:18.476651
00:13:A2:00:42:37:AD:AD,7.0,91.0,3.2844,53.0,0.0,100.0,8.14,10.78,12.58,13.47,49.14,61.98,64.63,65.13,65.24,0.75,56.94,26.93,285.0,2024-07-14 18:58:33.506340
00:13:A2:00:42:37:AD:AD,7.0,92.0,3.2844,53.0,0.0,100.0,11.73,13.73,14.82,15.36,75.72,91.64,93.46,93.77,93.85,0.6,56.74,27.09,292.0,2024-07-14 19:28:18.548298
00:13:A2:00:42:37:AD:AD,7.0,93.0,3.2844,53.0,0.0,100.0,8.73,9.23,9.23,9.23,58.99,69.45,69.71,69.73,69.74,0.46,56.5,27.17,311.0,2024-07-14 19:58:18.596879
00:13:A2:00:42:37:AD:AD,7.0,94.0,3.2844,53.0,0.0,100.0,7.77,8.85,9.37,9.63,50.85,61.05,61.98,62.14,62.18,0.55,56.53,27.08,269.0,2024-07-14 20:28:18.627785
00:13:A2:00:42:37:AD:AD,7.0,95.0,3.2844,53.0,0.0,100.0,7.18,8.4,9.07,9.41,46.3,56.06,57.17,57.37,57.42,0.61,56.72,26.97,282.0,2024-07-14 20:58:18.679210
00:13:A2:00:42:37:AD:AD,7.0,96.0,3.2844,53.0,0.0,100.0,6.72,7.23,7.33,7.39,45.07,53.3,53.64,53.68,53.69,0.51,56.98,26.83,299.0,2024-07-14 21:28:18.720897
00:13:A2:00:42:37:AD:AD,7.0,97.0,3.2844,53.0,0.0,100.0,8.52,10.27,11.3,11.82,54.21,66.2,67.85,68.14,68.21,0.67,57.2,26.72,267.0,2024-07-14 21:58:18.764962
00:13:A2:00:42:37:AD:AD,7.0,98.0,3.2844,53.0,0.0,100.0,5.89,7.58,8.69,9.25,36.16,45.13,46.8,47.11,47.18,0.72,57.48,26.65,275.0,2024-07-14 22:28:18.796389
00:13:A2:00:42:37:AD:AD,7.0,99.0,3.2844,53.0,0.0,100.0,4.43,5.73,6.59,7.01,27.17,33.96,35.24,35.48,35.54,0.64,57.64,26.58,276.0,2024-07-14 22:58:18.851148
00:13:A2:00:42:37:AD:AD,7.0,100.0,3.2844,53.0,0.0,100.0,5.17,5.46,5.46,5.46,34.93,41.12,41.28,41.29,41.29,0.45,57.83,26.52,279.0,2024-07-14 23:28:18.908296
00:13:A2:00:42:37:AD:AD,7.0,101.0,3.2844,53.0,0.0,100.0,7.84,9.34,10.21,10.64,50.14,61.01,62.41,62.66,62.72,0.63,58.07,26.42,282.0,2024-07-14 23:58:33.982111
00:13:A2:00:42:37:AD:AD,7.0,102.0,3.2844,53.0,0.0,100.0,6.08,6.72,6.96,7.08,40.31,48.01,48.52,48.6,48.62,0.51,58.07,26.47,290.0,2024-07-15 00:28:18.981897
00:13:A2:00:42:37:AD:AD,7.0,103.0,3.2844,53.0,0.0,100.0,7.15,8.07,8.49,8.69,46.96,56.24,57.01,57.14,57.18,0.47,58.2,26.38,293.0,2024-07-15 00:58:19.035443
00:13:A2:00:42:37:AD:AD,7.0,104.0,3.2844,53.0,0.0,100.0,3.75,6.02,7.72,8.57,19.84,27.26,29.65,30.11,30.21,0.91,58.29,26.34,283.0,2024-07-15 01:28:19.063654
00:13:A2:00:42:37:AD:AD,7.0,105.0,3.2844,53.0,0.0,100.0,3.86,4.45,4.76,4.91,25.11,30.26,30.78,30.87,30.9,0.59,58.4,26.32,285.0,2024-07-15 01:58:19.147130
00:13:A2:00:42:37:AD:AD,7.0,106.0,3.2844,53.0,0.0,100.0,2.59,2.74,2.74,2.74,17.53,20.64,20.72,20.73,20.73,0.42,58.45,26.31,288.0,2024-07-15 02:28:19.150325
00:13:A2:00:42:37:AD:AD,7.0,107.0,3.2844,53.0,0.0,100.0,6.09,6.45,6.45,6.45,41.19,48.49,48.68,48.69,48.7,0.44,58.51,26.29,277.0,2024-07-15 02:58:19.198951
00:13:A2:00:42:37:AD:AD,7.0,108.0,3.2844,53.0,0.0,100.0,2.8,2.96,2.96,2.96,18.95,22.31,22.39,22.4,22.4,0.4,58.56,26.28,273.0,2024-07-15 03:28:19.239020
00:13:A2:00:42:37:AD:AD,7.0,109.0,3.2844,53.0,0.0,100.0,3.78,4.71,5.3,5.6,23.63,29.17,30.08,30.25,30.28,0.49,58.58,26.27,300.0,2024-07-15 03:58:19.287926
00:13:A2:00:42:37:AD:AD,7.0,110.0,3.2844,53.0,0.0,100.0,5.98,7.05,7.66,7.96,38.42,46.62,47.61,47.79,47.83,0.57,58.57,26.27,289.0,2024-07-15 04:28:19.326464
00:13:A2:00:42:37:AD:AD,7.0,111.0,3.2844,53.0,0.0,100.0,3.3,3.77,4.0,4.11,21.59,25.95,26.35,26.42,26.44,0.5,58.68,26.22,277.0,2024-07-15 04:58:34.366427
00:13:A2:00:42:37:AD:AD,7.0,112.0,3.2844,53.0,0.0,100.0,4.81,5.08,5.08,5.08,32.49,38.25,38.4,38.41,38.41,0.46,58.56,26.25,294.0,2024-07-15 05:28:19.410372
00:13:A2:00:42:37:AD:AD,7.0,113.0,3.2844,53.0,0.0,100.0,6.22,8.57,10.21,11.04,36.68,46.96,49.35,49.8,49.91,0.78,58.58,26.24,292.0,2024-07-15 05:58:19.459738
00:13:A2:00:42:37:AD:AD,7.0,114.0,3.2844,53.0,0.0,100.0,3.17,3.35,3.35,3.35,21.44,25.24,25.34,25.34,25.35,0.44,58.59,26.24,317.0,2024-07-15 06:28:19.498670
00:13:A2:00:42:37:AD:AD,7.0,115.0,3.2844,53.0,0.0,100.0,1.23,1.46,1.58,1.65,7.93,9.63,9.84,9.87,9.88,0.54,58.5,26.26,288.0,2024-07-15 06:58:19.550188
00:13:A2:00:42:37:AD:AD,7.0,116.0,3.2844,53.0,0.0,100.0,4.25,5.13,5.66,5.93,26.99,32.99,33.83,33.98,34.02,0.53,58.2,26.27,283.0,2024-07-15 07:28:19.601616
00:13:A2:00:42:37:AD:AD,7.0,117.0,3.2844,53.0,0.0,100.0,3.73,4.4,4.77,4.96,23.99,29.11,29.72,29.83,29.86,0.5,57.79,26.28,303.0,2024-07-15 07:58:19.627515
00:13:A2:00:42:37:AD:AD,7.0,118.0,3.2844,53.0,0.0,100.0,4.36,4.61,4.61,4.61,29.49,34.72,34.85,34.86,34.87,0.43,57.4,26.31,327.0,2024-07-15 08:28:19.666051
00:13:A2:00:42:37:AD:AD,7.0,119.0,3.2844,53.0,0.0,100.0,4.15,4.39,4.39,4.39,28.08,33.06,33.18,33.19,33.2,0.4,56.97,26.29,321.0,2024-07-15 08:58:19.715777
00:13:A2:00:42:37:AD:AD,7.0,120.0,3.2844,53.0,0.0,100.0,3.77,4.36,4.68,4.83,24.44,29.5,30.03,30.12,30.15,0.5,56.69,26.32,319.0,2024-07-15 09:28:19.758891
00:13:A2:00:42:37:AD:AD,7.0,121.0,3.2844,53.0,0.0,100.0,5.77,6.52,6.86,7.03,37.87,45.38,46.01,46.11,46.14,0.49,56.27,26.3,295.0,2024-07-15 09:58:34.802452
00:13:A2:00:42:37:AD:AD,7.0,122.0,3.2844,53.0,0.0,100.0,2.11,3.68,4.87,5.47,10.38,14.97,16.63,16.96,17.03,1.0,56.05,26.35,303.0,2024-07-15 10:28:19.841027
00:13:A2:00:42:37:AD:AD,7.0,123.0,3.2844,53.0,0.0,100.0,4.27,5.42,6.16,6.53,26.43,32.83,33.96,34.16,34.21,0.64,55.91,26.36,319.0,2024-07-15 10:58:19.875778
00:13:A2:00:42:37:AD:AD,7.0,124.0,3.2844,53.0,0.0,100.0,3.02,4.01,4.68,5.02,18.27,23.05,24.04,24.22,24.26,0.68,55.72,26.36,318.0,2024-07-15 11:28:19.930009
00:13:A2:00:42:37:AD:AD,7.0,125.0,3.2844,53.0,0.0,100.0,3.2,3.39,3.39,3.39,21.67,25.51,25.61,25.62,25.62,0.43,55.62,26.37,310.0,2024-07-15 11:58:19.999500
00:13:A2:00:42:37:AD:AD,7.0,126.0,3.2844,53.0,0.0,100.0,2.56,3.06,3.35,3.5,16.39,19.96,20.43,20.51,20.53,0.62,55.53,26.39,342.0,2024-07-15 12:28:20.010177
00:13:A2:00:42:37:AD:AD,7.0,127.0,3.2844,53.0,0.0,100.0,3.89,5.02,5.76,6.13,23.92,29.86,30.97,31.18,31.23,0.61,55.45,26.39,324.0,2024-07-15 12:58:20.060343
00:13:A2:00:42:37:AD:AD,7.0,128.0,3.2844,53.0,0.0,100.0,3.0,4.09,4.85,5.22,17.82,22.72,23.82,24.03,24.08,0.52,55.41,26.42,312.0,2024-07-15 13:28:20.105120
00:13:A2:00:42:37:AD:AD,7.0,129.0,3.2844,53.0,0.0,100.0,5.21,8.43,10.85,12.06,27.33,37.72,41.12,41.78,41.92,0.93,55.42,26.42,319.0,2024-07-15 13:58:20.151029
00:13:A2:00:42:37:AD:AD,7.0,130.0,3.2844,53.0,0.0,100.0,2.23,2.36,2.36,2.36,15.09,17.76,17.83,17.83,17.84,0.4,55.33,26.41,297.0,2024-07-15 14:28:20.191410
00:13:A2:00:42:37:AD:AD,7.0,131.0,3.2844,53.0,0.0,100.0,5.48,8.32,10.41,11.46,30.22,40.38,43.35,43.92,44.05,0.9,55.29,26.43,284.0,2024-07-15 14:58:35.240164
00:13:A2:00:42:37:AD:AD,7.0,132.0,3.2844,53.0,0.0,100.0,4.56,4.82,4.82,4.82,30.82,36.28,36.42,36.43,36.44,0.43,55.27,26.45,305.0,2024-07-15 15:28:20.280221
00:13:A2:00:42:37:AD:AD,7.0,133.0,3.2844,53.0,0.0,100.0,5.5,6.28,6.66,6.85,35.92,43.17,43.85,43.96,43.99,0.53,55.32,26.46,284.0,2024-07-15 15:58:20.328816
00:13:A2:00:42:37:AD:AD,7.0,134.0,3.2844,53.0,0.0,100.0,4.47,5.15,5.5,5.67,29.08,35.03,35.64,35.74,35.77,0.56,55.39,26.51,282.0,2024-07-15 16:28:20.370785
00:13:A2:00:42:37:AD:AD,7.0,135.0,3.2844,53.0,0.0,100.0,4.94,5.6,5.91,6.06,32.41,38.86,39.42,39.52,39.54,0.53,55.33,26.54,284.0,2024-07-15 16:58:20.402369
00:13:A2:00:42:37:AD:AD,7.0,136.0,3.2844,53.0,0.0,100.0,4.08,4.32,4.32,4.32,27.62,32.51,32.63,32.64,32.65,0.44,55.23,26.61,291.0,2024-07-15 17:28:20.448882
00:13:A2:00:42:37:AD:AD,7.0,137.0,3.2844,53.0,0.0,100.0,3.48,3.68,3.68,3.68,23.5,27.67,27.77,27.78,27.78,0.45,55.16,26.71,300.0,2024-07-15 17:58:20.501290
00:13:A2:00:42:37:AD:AD,7.0,138.0,3.2844,53.0,0.0,100.0,5.8,6.13,6.13,6.13,39.17,46.11,46.29,46.3,46.31,0.43,55.18,26.81,287.0,2024-07-15 18:28:20.532224
00:13:A2:00:42:37:AD:AD,7.0,139.0,3.2844,53.0,0.0,100.0,4.56,5.51,6.09,6.37,28.94,35.39,36.3,36.46,36.5,0.54,55.14,26.95,282.0,2024-07-15 18:58:20.582912
00:13:A2:00:42:37:AD:AD,7.0,140.0,3.2844,53.0,0.0,100.0,4.98,5.27,5.27,5.27,33.68,39.65,39.8,39.81,39.82,0.43,55.08,26.99,274.0,2024-07-15 19:28:20.618066
00:13:A2:00:42:37:AD:AD,7.0,141.0,3.2844,53.0,0.0,100.0,5.61,6.45,6.87,7.09,36.52,43.97,44.71,44.84,44.87,0.51,55.1,26.96,289.0,2024-07-15 19:58:35.664101
00:13:A2:00:42:37:AD:AD,7.0,142.0,3.2844,53.0,0.0,100.0,4.94,6.18,6.97,7.37,30.82,38.1,39.31,39.53,39.58,0.68,55.2,26.86,275.0,2024-07-15 20:28:20.710350
00:13:A2:00:42:37:AD:AD,7.0,143.0,3.2844,53.0,0.0,100.0,4.5,4.75,4.75,4.75,30.39,35.77,35.91,35.92,35.93,0.46,55.48,26.74,287.0,2024-07-15 20:58:20.750566
00:13:A2:00:42:37:AD:AD,7.0,144.0,3.2844,53.0,0.0,100.0,5.21,5.74,5.93,6.02,34.58,41.14,41.55,41.61,41.63,0.5,55.77,26.62,284.0,2024-07-15 21:28:20.793798
00:13:A2:00:42:37:AD:AD,7.0,145.0,3.2844,53.0,0.0,100.0,7.75,8.19,8.19,8.19,52.35,61.63,61.86,61.88,61.89,0.4,56.06,26.52,282.0,2024-07-15 21:58:20.838563
00:13:A2:00:42:37:AD:AD,7.0,164.0,3.2844,53.0,0.0,100.0,4.28,4.53,4.53,4.53,28.94,34.07,34.2,34.21,34.21,0.46,57.93,26.04,289.0,2024-07-16 07:28:21.662744
00:13:A2:00:42:37:AD:AD,7.0,165.0,3.2844,53.0,0.0,100.0,1.68,2.2,2.54,2.71,10.29,12.91,13.42,13.51,13.53,0.49,57.68,26.03,310.0,2024-07-16 07:58:21.694964
00:13:A2:00:42:37:AD:AD,7.0,166.0,3.2844,53.0,0.0,100.0,3.53,5.08,6.19,6.75,20.28,26.43,28.02,28.33,28.39,0.79,57.46,26.04,306.0,2024-07-16 08:28:21.735460
00:13:A2:00:42:37:AD:AD,7.0,167.0,3.2844,53.0,0.0,100.0,2.26,2.39,2.39,2.39,15.27,17.97,18.04,18.05,18.05,0.47,57.32,26.03,313.0,2024-07-16 08:58:21.789288
00:13:A2:00:42:37:AD:AD,7.0,168.0,3.2844,53.0,0.0,100.0,1.26,1.97,2.49,2.75,6.85,9.27,10.01,10.15,10.19,0.89,57.17,26.05,303.0,2024-07-16 09:28:21.837438
00:13:A2:00:42:37:AD:AD,7.0,169.0,3.2844,53.0,0.0,100.0,2.91,4.31,5.32,5.83,16.42,21.66,23.1,23.38,23.44,0.77,57.08,26.04,298.0,2024-07-16 09:58:21.876540
00:13:A2:00:42:37:AD:AD,7.0,170.0,3.2844,53.0,0.0,100.0,1.94,2.05,2.05,2.05,13.11,15.43,15.49,15.5,15.5,0.39,56.96,26.04,297.0,2024-07-16 10:28:21.913097
00:13:A2:00:42:37:AD:AD,7.0,171.0,3.2844,53.0,0.0,100.0,3.04,3.21,3.21,3.21,20.55,24.19,24.28,24.29,24.29,0.43,56.85,26.04,307.0,2024-07-16 10:58:36.952629
00:13:A2:00:42:37:AD:AD,7.0,172.0,3.2844,53.0,0.0,100.0,1.7,1.79,1.79,1.79,11.49,13.52,13.57,13.58,13.58,0.37,56.8,26.07,293.0,2024-07-16 11:28:21.996770
00:13:A2:00:42:37:AD:AD,7.0,173.0,3.2844,53.0,0.0,100.0,3.09,3.26,3.26,3.26,20.87,24.57,24.67,24.67,24.68,0.43,56.78,26.1,300.0,2024-07-16 11:58:22.051885
00:13:A2:00:42:37:AD:AD,7.0,174.0,3.2844,53.0,0.0,100.0,2.41,3.5,4.28,4.67,13.79,18.03,19.14,19.36,19.41,0.77,56.73,26.1,305.0,2024-07-16 12:28:22.091105
00:13:A2:00:42:37:AD:AD,7.0,175.0,3.2844,53.0,0.0,100.0,2.0,2.49,2.8,2.96,12.5,15.43,15.91,16.0,16.02,0.64,56.65,26.11,302.0,2024-07-16 12:58:22.131158
00:13:A2:00:42:37:AD:AD,7.0,176.0,3.2844,53.0,0.0,100.0,1.94,2.05,2.05,2.05,13.12,15.45,15.5,15.51,15.51,0.43,56.59,26.12,290.0,2024-07-16 13:28:22.176697
00:13:A2:00:42:37:AD:AD,7.0,177.0,3.2844,53.0,0.0,100.0,2.82,4.55,5.84,6.48,14.88,20.49,22.3,22.65,22.73,0.74,56.49,26.17,284.0,2024-07-16 13:58:22.225483
00:13:A2:00:42:37:AD:AD,7.0,178.0,3.2844,53.0,0.0,100.0,4.05,4.79,5.21,5.42,26.03,31.61,32.29,32.41,32.44,0.51,56.4,26.18,298.0,2024-07-16 14:28:22.269425
00:13:A2:00:42:37:AD:AD,7.0,179.0,3.2844,53.0,0.0,100.0,2.52,3.09,3.44,3.62,15.93,19.55,20.1,20.2,20.22,0.68,56.35,26.19,274.0,2024-07-16 14:58:22.311962
00:13:A2:00:42:37:AD:AD,7.0,180.0,3.2844,53.0,0.0,100.0,5.39,5.7,5.7,5.7,36.41,42.87,43.03,43.04,43.05,0.39,56.36,26.22,282.0,2024-07-16 15:28:22.346025
00:13:A2:00:42:37:AD:AD,7.0,181.0,3.2844,53.0,0.0,100.0,3.84,4.06,4.06,4.06,25.96,30.56,30.67,30.68,30.69,0.39,56.32,26.24,293.0,2024-07-16 15:58:37.396180
00:13:A2:00:42:37:AD:AD,7.0,182.0,3.2844,53.0,0.0,100.0,1.54,1.98,2.28,2.43,9.44,11.8,12.24,12.32,12.34,0.52,56.23,26.24,287.0,2024-07-16 16:28:22.443473
00:13:A2:00:42:37:AD:AD,7.0,183.0,3.2844,53.0,0.0,100.0,3.73,3.95,3.95,3.95,25.24,29.71,29.82,29.83,29.84,0.44,56.26,26.24,281.0,2024-07-16 16:58:22.477608
00:13:A2:00:42:37:AD:AD,7.0,184.0,3.2844,53.0,0.0,100.0,5.38,5.69,5.69,5.69,36.37,42.81,42.98,42.99,42.99,0.43,56.17,26.26,261.0,2024-07-16 17:28:22.521855
00:13:A2:00:42:37:AD:AD,7.0,185.0,3.2844,53.0,0.0,100.0,7.26,7.68,7.68,7.68,49.08,57.78,58.0,58.01,58.02,0.46,56.2,26.27,275.0,2024-07-16 17:58:22.569852
00:13:A2:00:42:37:AD:AD,7.0,186.0,3.2844,53.0,0.0,100.0,5.01,5.3,5.3,5.3,33.85,39.84,40.0,40.01,40.01,0.45,56.29,26.26,294.0,2024-07-16 18:28:22.632085
00:13:A2:00:42:37:AD:AD,7.0,187.0,3.2844,53.0,0.0,100.0,3.49,5.53,7.05,7.8,18.68,25.48,27.61,28.03,28.12,0.85,56.43,26.22,289.0,2024-07-16 18:58:22.661404
00:13:A2:00:42:37:AD:AD,7.0,188.0,3.2844,53.0,0.0,100.0,5.34,5.65,5.65,5.65,36.08,42.48,42.64,42.65,42.66,0.45,56.62,26.14,279.0,2024-07-16 19:28:22.689457
00:13:A2:00:42:37:AD:AD,7.0,189.0,3.2844,53.0,0.0,100.0,4.99,5.28,5.28,5.28,33.73,39.71,39.86,39.87,39.88,0.4,56.89,26.1,277.0,2024-07-16 19:58:22.649028
00:13:A2:00:42:37:AD:AD,7.0,190.0,3.2844,53.0,0.0,100.0,4.43,4.68,4.68,4.68,29.93,35.23,35.36,35.37,35.38,0.42,57.12,26.03,275.0,2024-07-16 20:28:22.808530
00:13:A2:00:42:37:AD:AD,7.0,191.0,3.2844,53.0,0.0,100.0,8.22,9.94,10.97,11.49,52.18,63.79,65.42,65.72,65.79,0.52,57.5,25.99,291.0,2024-07-16 20:58:37.842030
00:13:A2:00:42:37:AD:AD,7.0,192.0,3.2844,53.0,0.0,100.0,4.41,4.67,4.67,4.67,29.83,35.12,35.26,35.27,35.27,0.46,57.58,25.96,293.0,2024-07-16 21:28:22.879876
00:13:A2:00:42:37:AD:AD,7.0,193.0,3.2844,53.0,0.0,100.0,5.1,5.66,5.89,6.0,33.76,40.25,40.71,40.78,40.8,0.5,57.89,25.9,273.0,2024-07-16 21:58:22.931623
00:13:A2:00:42:37:AD:AD,7.0,212.0,3.2844,53.0,0.0,100.0,2.0,2.11,2.11,2.11,13.51,15.91,15.97,15.97,15.97,0.44,59.5,25.74,302.0,2024-07-17 07:28:23.767388
00:13:A2:00:42:37:AD:AD,7.0,213.0,3.2844,53.0,0.0,100.0,3.66,4.55,5.12,5.4,22.88,28.24,29.11,29.27,29.31,0.62,59.27,25.73,306.0,2024-07-17 07:58:23.778988
00:13:A2:00:42:37:AD:AD,7.0,214.0,3.2844,53.0,0.0,100.0,4.36,8.04,10.88,12.29,20.25,30.35,34.28,35.05,35.21,0.99,59.05,25.77,321.0,2024-07-17 08:28:23.815473
00:13:A2:00:42:37:AD:AD,7.0,215.0,3.2844,53.0,0.0,100.0,3.28,3.62,3.74,3.8,21.76,25.91,26.17,26.21,26.22,0.52,58.85,25.81,315.0,2024-07-17 08:58:23.861774
00:13:A2:00:42:37:AD:AD,7.0,216.0,3.2844,53.0,0.0,100.0,3.57,4.34,4.81,5.04,22.65,27.74,28.47,28.6,28.63,0.58,58.65,25.8,307.0,2024-07-17 09:28:23.908128
00:13:A2:00:42:37:AD:AD,7.0,217.0,3.2844,53.0,0.0,100.0,3.7,4.21,4.46,4.58,24.2,29.06,29.5,29.58,29.6,0.48,58.52,25.81,308.0,2024-07-17 09:58:23.948573
00:13:A2:00:42:37:AD:AD,7.0,218.0,3.2844,53.0,0.0,100.0,3.85,4.33,4.54,4.64,25.37,30.35,30.75,30.81,30.83,0.48,58.36,25.87,304.0,2024-07-17 10:28:23.989538
00:13:A2:00:42:37:AD:AD,7.0,219.0,3.2844,53.0,0.0,100.0,2.81,3.54,4.01,4.24,17.48,21.66,22.37,22.5,22.53,0.64,58.23,25.9,306.0,2024-07-17 10:58:24.036927
00:13:A2:00:42:37:AD:AD,7.0,220.0,3.2844,53.0,0.0,100.0,3.11,4.62,5.73,6.28,17.43,23.05,24.62,24.92,24.99,0.74,58.11,25.92,325.0,2024-07-17 11:28:24.080845
00:13:A2:00:42:37:AD:AD,7.0,221.0,3.2844,53.0,0.0,100.0,3.49,3.69,3.69,3.69,23.6,27.78,27.89,27.89,27.9,0.45,57.98,25.94,302.0,2024-07-17 11:58:39.132254
00:13:A2:00:42:37:AD:AD,7.0,222.0,3.2844,53.0,0.0,100.0,3.61,3.82,3.82,3.82,24.4,28.72,28.83,28.84,28.84,0.46,57.85,25.98,299.0,2024-07-17 12:28:24.161449
00:13:A2:00:42:37:AD:AD,7.0,223.0,3.2844,53.0,0.0,100.0,4.89,5.17,5.17,5.17,33.04,38.89,39.04,39.05,39.06,0.38,57.8,26.01,317.0,2024-07-17 12:58:24.208971
00:13:A2:00:42:37:AD:AD,7.0,224.0,3.2844,53.0,0.0,100.0,5.5,6.56,7.17,7.47,35.16,42.8,43.79,43.96,44.01,0.57,57.7,26.02,297.0,2024-07-17 13:28:24.265568
00:13:A2:00:42:37:AD:AD,7.0,225.0,3.2844,53.0,0.0,100.0,4.38,4.63,4.63,4.63,29.62,34.87,35.0,35.01,35.02,0.43,57.6,26.03,302.0,2024-07-17 13:58:24.292056
00:13:A2:00:42:37:AD:AD,7.0,226.0,3.2844,53.0,0.0,100.0,3.73,4.64,5.21,5.49,23.37,28.82,29.7,29.86,29.9,0.71,57.57,26.05,284.0,2024-07-17 14:28:24.328932
00:13:A2:00:42:37:AD:AD,7.0,227.0,3.2844,53.0,0.0,100.0,5.5,6.09,6.33,6.45,36.38,43.37,43.84,43.92,43.94,0.48,57.48,26.06,315.0,2024-07-17 14:58:24.389529
00:13:A2:00:42:37:AD:AD,7.0,228.0,3.2844,53.0,0.0,100.0,4.33,4.94,5.24,5.39,28.34,34.04,34.57,34.66,34.68,0.5,57.44,26.06,289.0,2024-07-17 15:28:24.425254
00:13:A2:00:42:37:AD:AD,7.0,229.0,3.2844,53.0,0.0,100.0,5.08,5.38,5.38,5.38,34.36,40.45,40.61,40.62,40.63,0.42,57.39,26.07,283.0,2024-07-17 15:58:24.470007
00:13:A2:00:42:37:AD:AD,7.0,230.0,3.2844,53.0,0.0,100.0,5.12,5.85,6.22,6.4,33.42,40.18,40.82,40.93,40.96,0.52,57.38,26.05,289.0,2024-07-17 16:28:24.516911
00:13:A2:00:42:37:AD:AD,7.0,231.0,3.2844,53.0,0.0,100.0,4.47,5.01,5.25,5.37,29.43,35.19,35.64,35.72,35.74,0.5,57.41,26.03,286.0,2024-07-17 16:58:39.557494
00:13:A2:00:42:37:AD:AD,7.0,232.0,3.2844,53.0,0.0,100.0,6.17,7.1,7.58,7.82,40.18,48.39,49.22,49.36,49.39,0.56,57.38,26.02,282.0,2024-07-17 17:28:24.591312
00:13:A2:00:42:37:AD:AD,7.0,233.0,3.2844,53.0,0.0,100.0,8.88,10.04,10.58,10.84,58.23,69.78,70.77,70.93,70.98,0.6,57.43,25.98,290.0,2024-07-17 17:58:24.652499
00:13:A2:00:42:37:AD:AD,7.0,234.0,3.2844,53.0,0.0,100.0,4.52,5.18,5.5,5.66,29.53,35.51,36.08,36.17,36.2,0.58,57.58,25.96,284.0,2024-07-17 18:28:24.685068
00:13:A2:00:42:37:AD:AD,7.0,235.0,3.2844,53.0,0.0,100.0,6.08,7.55,8.49,8.95,38.02,46.9,48.34,48.6,48.66,0.69,57.73,25.93,285.0,2024-07-17 18:58:24.731169
00:13:A2:00:42:37:AD:AD,7.0,236.0,3.2844,53.0,0.0,100.0,5.0,5.55,5.77,5.88,33.09,39.46,39.9,39.97,39.99,0.49,57.95,25.9,288.0,2024-07-17 19:28:24.769697
00:13:A2:00:42:37:AD:AD,7.0,237.0,3.2844,53.0,0.0,100.0,2.42,2.72,2.86,2.93,15.92,19.06,19.31,19.35,19.37,0.48,58.13,25.89,287.0,2024-07-17 19:58:24.810306
00:13:A2:00:42:37:AD:AD,7.0,238.0,3.2844,53.0,0.0,100.0,9.28,9.81,9.81,9.81,62.71,73.82,74.1,74.12,74.13,0.41,58.23,25.84,277.0,2024-07-17 20:28:24.864620
00:13:A2:00:42:37:AD:AD,7.0,239.0,3.2844,53.0,0.0,100.0,3.76,3.97,3.97,3.97,25.41,29.92,30.03,30.04,30.04,0.43,58.28,25.79,285.0,2024-07-17 20:58:24.905317
00:13:A2:00:42:37:AD:AD,7.0,240.0,3.2844,53.0,0.0,100.0,6.84,8.12,8.85,9.21,43.87,53.32,54.5,54.71,54.76,0.65,58.4,25.74,282.0,2024-07-17 21:28:24.939188
00:13:A2:00:42:37:AD:AD,7.0,241.0,3.2844,53.0,0.0,100.0,10.2,10.78,10.78,10.78,68.89,81.1,81.41,81.43,81.45,0.39,58.52,25.71,297.0,2024-07-17 21:58:39.980816
00:13:A2:00:42:37:AD:AD,7.0,5.0,3.2844,53.0,0.0,100.0,1.84,2.67,3.27,3.57,10.47,13.71,14.56,14.73,14.77,0.7,59.26,25.48,287.0,2024-07-18 07:28:25.816709
00:13:A2:00:42:37:AD:AD,7.0,6.0,3.2844,53.0,0.0,100.0,3.7,4.43,4.86,5.08,23.59,28.76,29.45,29.57,29.6,0.6,59.09,25.5,297.0,2024-07-18 07:58:40.852072
00:13:A2:00:42:37:AD:AD,7.0,7.0,3.2844,53.0,0.0,100.0,2.51,3.31,3.85,4.11,15.27,19.21,20.0,20.15,20.19,0.75,58.87,25.51,307.0,2024-07-18 08:28:25.911920
00:13:A2:00:42:37:AD:AD,7.0,8.0,3.2844,53.0,0.0,100.0,4.88,5.16,5.16,5.16,32.97,38.82,38.96,38.97,38.98,0.38,58.74,25.53,294.0,2024-07-18 08:58:25.950392
00:13:A2:00:42:37:AD:AD,7.0,9.0,3.2844,53.0,0.0,100.0,4.33,5.08,5.49,5.7,27.92,33.82,34.5,34.62,34.65,0.49,58.59,25.51,294.0,2024-07-18 09:28:25.988520
00:13:A2:00:42:37:AD:AD,7.0,10.0,3.2844,53.0,0.0,100.0,2.14,3.44,4.42,4.91,11.29,15.54,16.91,17.18,17.24,0.96,58.4,25.55,282.0,2024-07-18 09:58:26.026934
00:13:A2:00:42:37:AD:AD,7.0,11.0,3.2844,53.0,0.0,100.0,4.67,6.7,8.16,8.88,26.81,34.91,37.0,37.4,37.49,0.76,58.19,25.56,271.0,2024-07-18 10:28:26.075037
00:13:A2:00:42:37:AD:AD,7.0,12.0,3.2844,53.0,0.0,100.0,6.51,7.46,7.93,8.16,42.5,51.11,51.94,52.08,52.11,0.55,57.93,25.57,313.0,2024-07-18 10:58:26.108101
00:13:A2:00:42:37:AD:AD,7.0,13.0,3.2844,53.0,0.0,100.0,4.43,4.69,4.69,4.69,29.95,35.26,35.39,35.4,35.41,0.4,57.58,25.58,317.0,2024-07-18 11:28:26.149131
00:13:A2:00:42:37:AD:AD,7.0,14.0,3.2844,53.0,0.0,100.0,5.6,6.3,6.62,6.77,36.87,44.12,44.7,44.8,44.83,0.48,57.03,25.6,310.0,2024-07-18 11:58:26.203241
00:13:A2:00:42:37:AD:AD,7.0,15.0,3.2844,53.0,0.0,100.0,5.04,6.06,6.66,6.96,32.1,39.17,40.13,40.31,40.35,0.61,56.57,25.62,295.0,2024-07-18 12:28:26.239877
00:13:A2:00:42:37:AD:AD,7.0,16.0,3.2844,53.0,0.0,100.0,5.05,5.74,6.06,6.22,33.11,39.72,40.31,40.4,40.43,0.57,55.81,25.63,275.0,2024-07-18 12:58:41.287805
00:13:A2:00:42:37:AD:AD,7.0,17.0,3.2844,53.0,0.0,100.0,5.16,7.73,9.6,10.53,28.81,38.22,40.88,41.39,41.51,0.88,55.54,25.68,297.0,2024-07-18 13:28:26.330491
00:13:A2:00:42:37:AD:AD,7.0,18.0,3.2844,53.0,0.0,100.0,3.41,3.6,3.6,3.6,23.03,27.11,27.21,27.22,27.23,0.43,55.03,25.68,289.0,2024-07-18 13:58:26.378645
00:13:A2:00:42:37:AD:AD,7.0,19.0,3.2844,53.0,0.0,100.0,4.49,5.03,5.26,5.38,29.57,35.35,35.8,35.87,35.89,0.59,54.58,25.68,275.0,2024-07-18 14:28:26.427023
00:13:A2:00:42:37:AD:AD,7.0,20.0,3.2844,53.0,0.0,100.0,6.47,7.23,7.55,7.71,42.72,51.02,51.64,51.74,51.77,0.6,54.14,25.69,283.0,2024-07-18 14:58:26.455332
00:13:A2:00:42:37:AD:AD,7.0,21.0,3.2844,53.0,0.0,100.0,7.53,7.97,7.97,7.97,50.92,59.94,60.17,60.19,60.2,0.37,53.73,25.7,271.0,2024-07-18 15:28:26.505916
00:13:A2:00:42:37:AD:AD,7.0,22.0,3.2844,53.0,0.0,100.0,7.83,9.14,9.85,10.21,50.56,61.16,62.35,62.56,62.61,0.55,53.33,25.66,295.0,2024-07-18 15:58:26.540969
00:13:A2:00:42:37:AD:AD,7.0,23.0,3.2844,53.0,0.0,100.0,5.94,6.28,6.28,6.28,40.11,47.22,47.4,47.41,47.42,0.43,53.2,25.65,292.0,2024-07-18 16:28:26.593474
00:13:A2:00:42:37:AD:AD,7.0,24.0,3.2844,53.0,0.0,100.0,4.54,4.84,4.87,4.89,30.58,36.08,36.26,36.27,36.28,0.5,53.06,25.61,271.0,2024-07-18 16:58:26.628940
00:13:A2:00:42:37:AD:AD,7.0,25.0,3.2844,53.0,0.0,100.0,3.78,4.73,5.33,5.64,23.55,29.12,30.05,30.22,30.26,0.62,52.95,25.63,268.0,2024-07-18 17:28:26.679118
00:13:A2:00:42:37:AD:AD,7.0,26.0,3.2844,53.0,0.0,100.0,4.5,5.55,6.21,6.53,28.27,34.79,35.8,35.99,36.03,0.64,52.83,25.57,269.0,2024-07-18 17:58:41.721562
00:13:A2:00:42:37:AD:AD,7.0,27.0,3.2844,53.0,0.0,100.0,6.19,6.55,6.55,6.55,41.86,49.28,49.46,49.48,49.49,0.44,52.89,25.55,281.0,2024-07-18 18:28:26.757760
00:13:A2:00:42:37:AD:AD,7.0,28.0,3.2844,53.0,0.0,100.0,3.47,4.72,5.59,6.02,20.67,26.32,27.58,27.82,27.88,0.77,52.94,25.53,281.0,2024-07-18 18:58:26.818763
00:13:A2:00:42:37:AD:AD,7.0,29.0,3.2844,53.0,0.0,100.0,4.17,6.14,7.58,8.3,23.49,30.95,33.0,33.39,33.48,0.82,52.86,25.55,285.0,2024-07-18 19:28:26.844817
00:13:A2:00:42:37:AD:AD,7.0,31.0,3.2844,53.0,0.0,100.0,5.91,6.25,6.25,6.25,39.92,47.0,47.18,47.19,47.2,0.37,52.68,25.52,292.0,2024-07-18 20:28:26.945676
00:13:A2:00:42:37:AD:AD,7.0,32.0,3.2844,53.0,0.0,100.0,4.29,5.89,7.01,7.57,25.33,32.39,34.02,34.33,34.4,0.74,52.75,25.43,263.0,2024-07-18 20:58:26.948999
00:13:A2:00:42:37:AD:AD,7.0,33.0,3.2844,53.0,0.0,100.0,6.88,9.68,11.66,12.65,40.05,51.71,54.57,55.11,55.24,0.83,52.85,25.36,287.0,2024-07-18 21:28:27.018793
00:13:A2:00:42:37:AD:AD,7.0,34.0,3.2844,53.0,0.0,100.0,1.51,1.99,2.32,2.48,9.15,11.52,12.01,12.1,12.12,0.72,52.99,25.3,290.0,2024-07-18 21:58:27.063116
00:13:A2:00:42:37:AD:AD,7.0,53.0,3.2844,53.0,0.0,100.0,1.69,2.7,3.45,3.83,8.98,12.31,13.37,13.57,13.62,0.56,54.51,24.9,277.0,2024-07-19 07:28:27.880618
00:13:A2:00:42:37:AD:AD,7.0,54.0,3.2844,53.0,0.0,100.0,0.68,0.72,0.72,0.72,4.61,5.43,5.45,5.45,5.45,0.44,54.3,24.93,283.0,2024-07-19 07:58:27.926889
00:13:A2:00:42:37:AD:AD,7.0,55.0,3.2844,53.0,0.0,100.0,1.72,1.82,1.82,1.82,11.65,13.71,13.76,13.77,13.77,0.36,54.07,24.95,297.0,2024-07-19 08:28:27.973126
00:13:A2:00:42:37:AD:AD,7.0,56.0,3.2844,53.0,0.0,100.0,2.2,3.15,3.83,4.17,12.64,16.44,17.42,17.61,17.65,0.82,53.81,24.93,305.0,2024-07-19 08:58:43.023225
00:13:A2:00:42:37:AD:AD,7.0,57.0,3.2844,53.0,0.0,100.0,1.24,1.31,1.31,1.31,8.39,9.88,9.92,9.92,9.92,0.34,53.66,24.97,297.0,2024-07-19 09:28:28.055122
00:13:A2:00:42:37:AD:AD,7.0,58.0,3.2844,53.0,0.0,100.0,1.03,2.4,3.48,4.02,3.49,6.6,8.08,8.37,8.44,0.87,53.52,24.98,285.0,2024-07-19 09:58:28.104691
00:13:A2:00:42:37:AD:AD,7.0,59.0,3.2844,53.0,0.0,100.0,1.7,2.22,2.58,2.75,10.33,12.97,13.5,13.6,13.62,0.57,53.31,24.98,297.0,2024-07-19 10:28:28.137511
00:13:A2:00:42:37:AD:AD,7.0,60.0,3.2844,53.0,0.0,100.0,1.74,1.84,1.84,1.84,11.81,13.9,13.96,13.96,13.96,0.43,53.1,25.03,300.0,2024-07-19 10:58:28.186888
00:13:A2:00:42:37:AD:AD,7.0,61.0,3.2844,53.0,0.0,100.0,1.28,1.36,1.36,1.36,8.7,10.24,10.28,10.28,10.28,0.46,52.6,25.04,284.0,2024-07-19 11:28:28.228355
00:13:A2:00:42:37:AD:AD,7.0,62.0,3.2844,53.0,0.0,100.0,0.77,0.97,1.1,1.17,4.84,5.99,6.19,6.22,6.23,0.51,52.2,25.04,302.0,2024-07-19 11:58:28.273908
00:13:A2:00:42:37:AD:AD,7.0,63.0,3.2844,53.0,0.0,100.0,2.45,2.59,2.59,2.59,16.56,19.49,19.56,19.57,19.57,0.35,51.85,25.05,289.0,2024-07-19 12:28:28.320221
00:13:A2:00:42:37:AD:AD,7.0,64.0,3.2844,53.0,0.0,100.0,1.25,1.32,1.32,1.32,8.48,9.99,10.03,10.03,10.03,0.36,51.43,25.06,295.0,2024-07-19 12:58:28.364576
00:13:A2:00:42:37:AD:AD,7.0,65.0,3.2844,53.0,0.0,100.0,0.77,0.81,0.81,0.81,5.21,6.13,6.16,6.16,6.16,0.35,51.02,25.09,285.0,2024-07-19 13:28:28.405321
00:13:A2:00:42:37:AD:AD,7.0,66.0,3.2844,53.0,0.0,100.0,2.89,3.36,3.6,3.73,18.71,22.6,23.03,23.1,23.12,0.5,50.49,25.09,285.0,2024-07-19 13:58:43.443364
00:13:A2:00:42:37:AD:AD,7.0,67.0,3.2844,53.0,0.0,100.0,1.18,1.24,1.24,1.24,7.98,9.39,9.43,9.43,9.43,0.4,50.24,25.14,274.0,2024-07-19 14:28:28.501062
00:13:A2:00:42:37:AD:AD,7.0,68.0,3.2844,53.0,0.0,100.0,2.36,2.5,2.5,2.5,15.98,18.82,18.89,18.89,18.9,0.37,49.96,25.13,278.0,2024-07-19 14:58:28.531325
00:13:A2:00:42:37:AD:AD,7.0,69.0,3.2844,53.0,0.0,100.0,2.91,3.7,4.22,4.48,17.98,22.36,23.15,23.29,23.33,0.69,49.72,25.13,268.0,2024-07-19 15:28:28.579129
00:13:A2:00:42:37:AD:AD,7.0,70.0,3.2844,53.0,0.0,100.0,2.5,2.91,3.13,3.24,16.17,19.55,19.92,19.99,20.0,0.5,49.56,25.16,289.0,2024-07-19 15:58:28.631717
00:13:A2:00:42:37:AD:AD,7.0,71.0,3.2844,53.0,0.0,100.0,1.94,2.53,2.92,3.12,11.88,14.88,15.47,15.58,15.6,0.53,49.27,25.18,285.0,2024-07-19 16:28:28.666039
00:13:A2:00:42:37:AD:AD,7.0,72.0,3.2844,53.0,0.0,100.0,2.39,2.92,3.23,3.39,15.17,18.59,19.09,19.18,19.2,0.58,48.98,25.22,288.0,2024-07-19 16:58:28.702825
00:13:A2:00:42:37:AD:AD,7.0,73.0,3.2844,53.0,0.0,100.0,3.81,4.03,4.03,4.03,25.77,30.34,30.46,30.46,30.47,0.35,48.73,25.32,292.0,2024-07-19 17:28:28.748114
00:13:A2:00:42:37:AD:AD,7.0,74.0,3.2844,53.0,0.0,100.0,3.15,3.33,3.33,3.33,21.28,25.05,25.14,25.15,25.15,0.41,48.39,25.45,271.0,2024-07-19 17:58:28.805412
00:13:A2:00:42:37:AD:AD,7.0,75.0,3.2844,53.0,0.0,100.0,1.95,2.71,3.26,3.53,11.4,14.67,15.45,15.6,15.64,0.79,48.1,25.57,266.0,2024-07-19 18:28:28.835229
00:13:A2:00:42:37:AD:AD,7.0,76.0,3.2844,53.0,0.0,100.0,3.82,4.04,4.04,4.04,25.86,30.44,30.56,30.57,30.57,0.47,47.65,25.71,270.0,2024-07-19 18:58:43.887593
00:13:A2:00:42:37:AD:AD,7.0,77.0,3.2844,53.0,0.0,100.0,2.75,3.22,3.48,3.61,17.72,21.46,21.89,21.97,21.99,0.49,47.66,25.77,272.0,2024-07-19 19:28:28.921683
00:13:A2:00:42:37:AD:AD,7.0,78.0,3.2844,53.0,0.0,100.0,2.15,2.27,2.27,2.27,14.54,17.12,17.18,17.19,17.19,0.43,47.65,25.77,303.0,2024-07-19 19:58:28.962170
00:13:A2:00:42:37:AD:AD,7.0,79.0,3.2844,53.0,0.0,100.0,2.4,2.54,2.54,2.54,16.24,19.11,19.19,19.19,19.19,0.46,47.7,25.69,278.0,2024-07-19 20:28:29.005418
00:13:A2:00:42:37:AD:AD,7.0,80.0,3.2844,53.0,0.0,100.0,1.95,2.53,2.91,3.1,11.97,14.97,15.54,15.65,15.67,0.7,47.9,25.54,265.0,2024-07-19 20:58:29.060764
00:13:A2:00:42:37:AD:AD,7.0,81.0,3.2844,53.0,0.0,100.0,2.57,3.33,3.83,4.08,15.74,19.68,20.43,20.58,20.61,0.73,48.15,25.42,280.0,2024-07-19 21:28:29.109741
00:13:A2:00:42:37:AD:AD,7.0,82.0,3.2844,53.0,0.0,100.0,2.53,2.68,2.68,2.68,17.12,20.16,20.24,20.24,20.25,0.4,48.47,25.28,279.0,2024-07-19 21:58:29.148539
00:13:A2:00:42:37:AD:AD,7.0,101.0,3.2844,53.0,0.0,100.0,0.72,0.77,0.77,0.77,4.92,5.79,5.81,5.81,5.81,0.44,50.98,24.69,282.0,2024-07-20 07:28:29.970450
00:13:A2:00:42:37:AD:AD,7.0,102.0,3.2844,53.0,0.0,100.0,1.84,2.3,2.6,2.74,11.47,14.18,14.63,14.71,14.73,0.58,50.96,24.71,293.0,2024-07-20 07:58:30.019533
00:13:A2:00:42:37:AD:AD,7.0,103.0,3.2844,53.0,0.0,100.0,3.0,3.33,3.45,3.52,19.87,23.69,23.95,23.99,24.0,0.51,50.92,24.72,272.0,2024-07-20 08:28:30.054506
00:13:A2:00:42:37:AD:AD,7.0,104.0,3.2844,53.0,0.0,100.0,4.22,4.46,4.46,4.46,28.52,33.57,33.7,33.71,33.72,0.4,50.92,24.73,293.0,2024-07-20 08:58:30.102487
00:13:A2:00:42:37:AD:AD,7.0,105.0,3.2844,53.0,0.0,100.0,1.27,1.67,1.94,2.08,7.76,9.75,10.15,10.23,10.24,0.67,50.91,24.79,293.0,2024-07-20 09:28:30.147814
00:13:A2:00:42:37:AD:AD,7.0,106.0,3.2844,53.0,0.0,100.0,1.32,1.4,1.4,1.4,8.97,10.56,10.6,10.6,10.61,0.39,50.76,24.78,295.0,2024-07-20 09:58:45.196737
00:13:A2:00:42:37:AD:AD,7.0,107.0,3.2844,53.0,0.0,100.0,1.47,1.93,2.24,2.4,8.91,11.21,11.67,11.76,11.78,0.6,50.72,24.86,281.0,2024-07-20 10:28:30.235581
00:13:A2:00:42:37:AD:AD,7.0,108.0,3.2844,53.0,0.0,100.0,2.65,2.8,2.8,2.8,17.93,21.11,21.19,21.2,21.2,0.36,50.61,24.87,302.0,2024-07-20 10:58:30.277445
00:13:A2:00:42:37:AD:AD,7.0,109.0,3.2844,53.0,0.0,100.0,1.39,2.32,3.03,3.39,7.08,9.97,10.96,11.15,11.2,0.85,50.4,24.91,277.0,2024-07-20 11:28:30.324190
00:13:A2:00:42:37:AD:AD,7.0,110.0,3.2844,53.0,0.0,100.0,3.27,3.46,3.46,3.46,22.12,26.04,26.14,26.15,26.15,0.45,50.14,24.93,286.0,2024-07-20 11:58:30.371220
00:13:A2:00:42:37:AD:AD,7.0,111.0,3.2844,53.0,0.0,100.0,2.42,2.98,3.33,3.51,15.2,18.7,19.24,19.34,19.36,0.52,50.06,24.98,287.0,2024-07-20 12:28:30.408678
00:13:A2:00:42:37:AD:AD,7.0,112.0,3.2844,53.0,0.0,100.0,1.92,2.03,2.03,2.03,12.97,15.27,15.33,15.33,15.34,0.41,50.0,25.04,272.0,2024-07-20 12:58:30.447396
00:13:A2:00:42:37:AD:AD,7.0,113.0,3.2844,53.0,0.0,100.0,2.06,2.74,3.2,3.43,12.46,15.73,16.41,16.54,16.57,0.69,49.9,25.05,272.0,2024-07-20 13:28:30.489933
00:13:A2:00:42:37:AD:AD,7.0,114.0,3.2844,53.0,0.0,100.0,5.84,6.17,6.17,6.17,39.45,46.45,46.62,46.64,46.64,0.42,49.81,25.1,279.0,2024-07-20 13:58:30.542239
00:13:A2:00:42:37:AD:AD,7.0,115.0,3.2844,53.0,0.0,100.0,5.82,7.55,8.7,9.28,35.55,44.51,46.23,46.55,46.63,0.62,49.75,25.14,275.0,2024-07-20 14:28:30.576672
00:13:A2:00:42:37:AD:AD,7.0,116.0,3.2844,53.0,0.0,100.0,3.79,4.01,4.01,4.01,25.64,30.19,30.31,30.31,30.32,0.43,49.63,25.17,273.0,2024-07-20 14:58:45.614691
00:13:A2:00:42:37:AD:AD,7.0,117.0,3.2844,53.0,0.0,100.0,2.05,2.42,2.62,2.72,13.25,16.06,16.39,16.45,16.46,0.6,49.6,25.23,278.0,2024-07-20 15:28:30.672427
00:13:A2:00:42:37:AD:AD,7.0,118.0,3.2844,53.0,0.0,100.0,5.7,9.05,11.55,12.79,30.41,41.54,45.05,45.73,45.89,0.89,49.65,25.3,273.0,2024-07-20 15:58:30.712639
00:13:A2:00:42:37:AD:AD,7.0,119.0,3.2844,53.0,0.0,100.0,3.63,4.82,5.63,6.03,21.92,27.66,28.85,29.08,29.13,0.74,49.65,25.35,270.0,2024-07-20 16:28:30.760186
00:13:A2:00:42:37:AD:AD,7.0,120.0,3.2844,53.0,0.0,100.0,4.33,4.58,4.58,4.58,29.28,34.47,34.61,34.61,34.62,0.41,49.58,25.4,255.0,2024-07-20 16:58:30.804139
00:13:A2:00:42:37:AD:AD,7.0,121.0,3.2844,53.0,0.0,100.0,2.25,2.67,2.91,3.03,14.41,17.52,17.91,17.98,18.0,0.54,49.52,25.5,264.0,2024-07-20 17:28:30.846683
00:13:A2:00:42:37:AD:AD,7.0,122.0,3.2844,53.0,0.0,100.0,2.95,3.12,3.12,3.12,19.95,23.48,23.57,23.58,23.58,0.39,49.51,25.6,287.0,2024-07-20 17:58:30.891163
00:13:A2:00:42:37:AD:AD,7.0,123.0,3.2844,53.0,0.0,100.0,5.89,7.49,8.54,9.06,36.38,45.23,46.8,47.1,47.16,0.56,49.41,25.68,283.0,2024-07-20 18:28:30.929821
00:13:A2:00:42:37:AD:AD,7.0,124.0,3.2844,53.0,0.0,100.0,5.43,6.37,6.89,7.15,35.02,42.42,43.28,43.43,43.46,0.53,49.37,25.69,266.0,2024-07-20 18:58:30.968343
00:13:A2:00:42:37:AD:AD,7.0,125.0,3.2844,53.0,0.0,100.0,5.53,6.56,7.15,7.45,35.42,43.06,44.02,44.19,44.23,0.64,49.45,25.65,266.0,2024-07-20 19:28:31.013562
00:13:A2:00:42:37:AD:AD,7.0,126.0,3.2844,53.0,0.0,100.0,6.15,7.09,7.57,7.82,39.96,48.15,48.99,49.13,49.17,0.57,49.73,25.61,255.0,2024-07-20 19:58:46.052227
00:13:A2:00:42:37:AD:AD,7.0,127.0,3.2844,53.0,0.0,100.0,4.1,4.33,4.33,4.33,27.69,32.6,32.73,32.74,32.74,0.35,50.06,25.56,272.0,2024-07-20 20:28:31.114263
00:13:A2:00:42:37:AD:AD,7.0,128.0,3.2844,53.0,0.0,100.0,4.22,4.46,4.46,4.46,28.53,33.59,33.71,33.72,33.73,0.44,50.55,25.49,282.0,2024-07-20 20:58:31.141219
00:13:A2:00:42:37:AD:AD,7.0,129.0,3.2844,53.0,0.0,100.0,4.64,4.91,4.91,4.91,31.39,36.96,37.1,37.11,37.11,0.36,50.84,25.41,258.0,2024-07-20 21:28:31.195946
00:13:A2:00:42:37:AD:AD,7.0,130.0,3.2844,53.0,0.0,100.0,4.77,6.91,8.45,9.21,27.26,35.63,37.83,38.25,38.35,0.86,50.97,25.35,269.0,2024-07-20 21:58:31.231600
00:13:A2:00:42:37:AD:AD,7.0,159.0,3.2844,53.0,0.0,100.0,2.37,2.51,2.51,2.51,16.05,18.89,18.96,18.97,18.97,0.3,47.75,25.18,277.0,2024-07-21 12:28:32.493481
00:13:A2:00:42:37:AD:AD,7.0,160.0,3.2844,53.0,0.0,100.0,1.21,1.28,1.28,1.28,8.2,9.65,9.69,9.69,9.69,0.39,47.22,25.21,291.0,2024-07-21 12:58:32.533587
00:13:A2:00:42:37:AD:AD,7.0,161.0,3.2844,53.0,0.0,100.0,1.79,1.9,1.9,1.9,12.15,14.3,14.36,14.36,14.36,0.41,46.74,25.21,282.0,2024-07-21 13:28:32.571875
00:13:A2:00:42:37:AD:AD,7.0,162.0,3.2844,53.0,0.0,100.0,1.77,1.88,1.88,1.88,12.01,14.14,14.19,14.2,14.2,0.45,46.14,25.25,276.0,2024-07-21 13:58:32.628272
00:13:A2:00:42:37:AD:AD,7.0,163.0,3.2844,53.0,0.0,100.0,0.56,1.42,2.1,2.44,1.58,3.43,4.37,4.55,4.59,1.34,45.68,25.25,285.0,2024-07-21 14:28:32.665185
00:13:A2:00:42:37:AD:AD,7.0,164.0,3.2844,53.0,0.0,100.0,1.22,1.45,1.58,1.65,7.87,9.56,9.77,9.81,9.82,0.48,45.32,25.28,274.0,2024-07-21 14:58:32.696280
00:13:A2:00:42:37:AD:AD,7.0,165.0,3.2844,53.0,0.0,100.0,2.2,3.21,3.95,4.31,12.51,16.41,17.46,17.66,17.7,0.58,44.97,25.29,291.0,2024-07-21 15:28:32.747252
00:13:A2:00:42:37:AD:AD,7.0,166.0,3.2844,53.0,0.0,100.0,1.78,1.88,1.88,1.88,12.05,14.18,14.24,14.24,14.24,0.37,44.47,25.3,268.0,2024-07-21 15:58:47.792918
00:13:A2:00:42:37:AD:AD,7.0,167.0,3.2844,53.0,0.0,100.0,0.73,0.77,0.77,0.77,4.94,5.81,5.84,5.84,5.84,0.4,44.44,25.38,263.0,2024-07-21 16:28:32.836708
00:13:A2:00:42:37:AD:AD,7.0,168.0,3.2844,53.0,0.0,100.0,2.36,3.17,3.72,4.0,14.12,17.9,18.72,18.88,18.91,0.74,44.44,25.47,278.0,2024-07-21 16:58:32.883576
00:13:A2:00:42:37:AD:AD,7.0,169.0,3.2844,53.0,0.0,100.0,1.26,1.4,1.46,1.49,8.36,9.97,10.09,10.1,10.11,0.52,44.21,25.57,251.0,2024-07-21 17:28:32.924009
00:13:A2:00:42:37:AD:AD,7.0,170.0,3.2844,53.0,0.0,100.0,3.81,5.95,7.53,8.32,20.59,27.89,30.12,30.56,30.65,0.85,43.77,25.73,267.0,2024-07-21 17:58:32.966184
00:13:A2:00:42:37:AD:AD,7.0,171.0,3.2844,53.0,0.0,100.0,2.36,2.5,2.5,2.5,15.98,18.82,18.89,18.89,18.9,0.33,43.43,25.91,253.0,2024-07-21 18:28:33.011637
00:13:A2:00:42:37:AD:AD,7.0,172.0,3.2844,53.0,0.0,100.0,1.23,1.3,1.3,1.3,8.35,9.83,9.86,9.87,9.87,0.34,43.34,26.11,262.0,2024-07-21 18:58:33.048507
00:13:A2:00:42:37:AD:AD,7.0,173.0,3.2844,53.0,0.0,100.0,1.21,1.52,1.73,1.83,7.52,9.32,9.63,9.69,9.7,0.58,43.23,26.33,259.0,2024-07-21 19:28:33.093869
00:13:A2:00:42:37:AD:AD,7.0,174.0,3.2844,53.0,0.0,100.0,1.2,1.78,2.2,2.41,6.75,8.92,9.52,9.64,9.66,0.83,43.02,26.61,270.0,2024-07-21 19:58:33.128109
00:13:A2:00:42:37:AD:AD,7.0,175.0,3.2844,53.0,0.0,100.0,0.68,0.72,0.72,0.72,4.64,5.47,5.49,5.49,5.49,0.44,42.99,26.58,280.0,2024-07-21 20:28:33.182302
00:13:A2:00:42:37:AD:AD,7.0,176.0,3.2844,53.0,0.0,100.0,1.81,1.91,1.91,1.91,12.23,14.4,14.46,14.46,14.46,0.36,43.16,26.38,271.0,2024-07-21 20:58:48.221429
00:13:A2:00:42:37:AD:AD,7.0,177.0,3.2844,53.0,0.0,100.0,1.19,1.45,1.61,1.69,7.52,9.23,9.48,9.52,9.53,0.56,43.56,26.23,271.0,2024-07-21 21:28:33.267915
00:13:A2:00:42:37:AD:AD,7.0,178.0,3.2844,53.0,0.0,100.0,1.15,1.56,1.85,1.99,6.9,8.78,9.19,9.27,9.29,0.71,44.01,26.06,253.0,2024-07-21 21:58:33.313563
00:13:A2:00:42:37:AD:AD,7.0,179.0,3.2844,53.0,0.0,100.0,1.23,1.56,1.77,1.87,7.67,9.51,9.83,9.88,9.9,0.64,44.4,25.95,267.0,2024-07-21 22:28:33.335255
00:13:A2:00:42:37:AD:AD,7.0,180.0,3.2844,53.0,0.0,100.0,1.72,2.24,2.59,2.77,10.51,13.18,13.7,13.79,13.82,0.65,44.76,25.82,266.0,2024-07-21 22:58:33.407
00:13:A2:00:42:37:AD:AD,7.0,181.0,3.2844,53.0,0.0,100.0,1.11,1.41,1.6,1.69,6.94,8.6,8.89,8.95,8.96,0.53,45.09,25.73,272.0,2024-07-21 23:28:33.453997
00:13:A2:00:42:37:AD:AD,7.0,182.0,3.2844,53.0,0.0,100.0,0.54,1.13,1.59,1.82,2.18,3.62,4.25,4.37,4.4,0.67,45.34,25.64,276.0,2024-07-21 23:58:33.487607
00:13:A2:00:42:37:AD:AD,7.0,183.0,3.2844,53.0,0.0,100.0,0.53,1.34,1.98,2.3,1.5,3.24,4.12,4.29,4.33,1.2,45.61,25.57,254.0,2024-07-22 00:28:33.521842
00:13:A2:00:42:37:AD:AD,7.0,184.0,3.2844,53.0,0.0,100.0,1.08,2.32,3.29,3.78,4.13,7.11,8.45,8.71,8.77,1.12,45.82,25.54,269.0,2024-07-22 00:58:33.577773
00:13:A2:00:42:37:AD:AD,7.0,185.0,3.2844,53.0,0.0,100.0,0.58,0.77,0.9,0.97,3.54,4.47,4.66,4.69,4.7,0.52,45.99,25.5,268.0,2024-07-22 01:28:33.619367
00:13:A2:00:42:37:AD:AD,7.0,186.0,3.2844,53.0,0.0,100.0,1.11,1.34,1.49,1.56,7.05,8.63,8.85,8.89,8.9,0.47,46.17,25.42,273.0,2024-07-22 01:58:48.658108
00:13:A2:00:42:37:AD:AD,7.0,187.0,3.2844,53.0,0.0,100.0,0.58,0.62,0.62,0.62,3.95,4.66,4.67,4.68,4.68,0.27,46.25,25.44,261.0,2024-07-22 02:28:33.662330
00:13:A2:00:42:37:AD:AD,7.0,188.0,3.2844,53.0,0.0,100.0,2.28,2.41,2.41,2.41,15.43,18.17,18.24,18.24,18.25,0.29,46.39,25.41,267.0,2024-07-22 02:58:33.751901
00:13:A2:00:42:37:AD:AD,7.0,189.0,3.2844,53.0,0.0,100.0,0.98,2.48,3.67,4.27,2.73,5.96,7.59,7.91,7.98,1.18,46.46,25.37,289.0,2024-07-22 03:28:33.786170
00:13:A2:00:42:37:AD:AD,7.0,190.0,3.2844,53.0,0.0,100.0,1.68,2.46,3.02,3.3,9.57,12.56,13.36,13.51,13.54,0.74,46.53,25.35,285.0,2024-07-22 03:58:33.824359
00:13:A2:00:42:37:AD:AD,7.0,191.0,3.2844,53.0,0.0,100.0,1.21,1.57,1.81,1.92,7.41,9.27,9.62,9.69,9.71,0.58,46.64,25.33,285.0,2024-07-22 04:28:33.866355
00:13:A2:00:42:37:AD:AD,7.0,192.0,3.2844,53.0,0.0,100.0,0.63,0.92,1.13,1.23,3.62,4.74,5.04,5.1,5.11,0.56,46.67,25.32,275.0,2024-07-22 04:58:33.915513
00:13:A2:00:42:37:AD:AD,7.0,193.0,3.2844,53.0,0.0,100.0,1.07,2.15,2.99,3.41,4.51,7.24,8.4,8.63,8.68,0.94,46.71,25.31,297.0,2024-07-22 05:28:33.951301
00:13:A2:00:42:37:AD:AD,7.0,194.0,3.2844,53.0,0.0,100.0,1.1,1.6,1.97,2.15,6.26,8.2,8.72,8.82,8.85,0.55,46.76,25.26,304.0,2024-07-22 05:58:34.008920
00:13:A2:00:42:37:AD:AD,7.0,195.0,3.2844,53.0,0.0,100.0,0.45,1.73,2.77,3.29,0.0,2.02,3.43,3.71,3.77,1.62,46.79,25.28,258.0,2024-07-22 06:28:34.051779
00:13:A2:00:42:37:AD:AD,7.0,196.0,3.2844,53.0,0.0,100.0,1.68,2.16,2.47,2.63,10.38,12.94,13.41,13.49,13.52,0.57,46.75,25.27,277.0,2024-07-22 06:58:49.093005
00:13:A2:00:42:37:AD:AD,7.0,197.0,3.2844,53.0,0.0,100.0,0.62,0.65,0.65,0.65,4.2,4.94,4.96,4.96,4.97,0.41,46.63,25.28,278.0,2024-07-22 07:28:34.125699
00:13:A2:00:42:37:AD:AD,7.0,198.0,3.2844,53.0,0.0,100.0,1.72,1.82,1.82,1.82,11.67,13.74,13.79,13.8,13.8,0.39,46.53,25.29,289.0,2024-07-22 07:58:34.187363
00:13:A2:00:42:37:AD:AD,7.0,199.0,3.2844,53.0,0.0,100.0,1.1,1.57,1.91,2.08,6.35,8.25,8.74,8.83,8.85,0.72,46.33,25.29,283.0,2024-07-22 08:28:34.222843
00:13:A2:00:42:37:AD:AD,7.0,200.0,3.2844,53.0,0.0,100.0,0.6,0.83,0.99,1.07,3.57,4.57,4.8,4.84,4.85,0.61,46.13,25.3,281.0,2024-07-22 08:58:34.254539
00:13:A2:00:42:37:AD:AD,7.0,201.0,3.2844,53.0,0.0,100.0,0.38,2.13,3.56,4.27,0.0,0.87,2.79,3.17,3.26,1.62,45.88,25.28,276.0,2024-07-22 09:28:34.308306
00:13:A2:00:42:37:AD:AD,7.0,202.0,3.2844,53.0,0.0,100.0,0.62,0.66,0.66,0.66,4.23,4.98,5.0,5.0,5.01,0.46,45.73,25.3,307.0,2024-07-22 09:58:34.350488
00:13:A2:00:42:37:AD:AD,7.0,203.0,3.2844,53.0,0.0,100.0,1.17,1.53,1.77,1.89,7.15,8.96,9.32,9.39,9.4,0.72,45.62,25.35,309.0,2024-07-22 10:28:34.383496
00:13:A2:00:42:37:AD:AD,7.0,204.0,3.2844,53.0,0.0,100.0,0.66,0.98,1.21,1.32,3.72,4.91,5.24,5.3,5.32,0.7,45.49,25.37,300.0,2024-07-22 10:58:34.434593
00:13:A2:00:42:37:AD:AD,7.0,205.0,3.2844,53.0,0.0,100.0,0.58,0.62,0.62,0.62,3.97,4.68,4.69,4.69,4.7,0.27,45.38,25.35,313.0,2024-07-22 11:28:34.475974
00:13:A2:00:42:37:AD:AD,7.0,206.0,3.2844,53.0,0.0,100.0,0.56,0.74,0.86,0.92,3.43,4.31,4.49,4.52,4.53,0.52,45.18,25.4,288.0,2024-07-22 11:58:49.524462
00:13:A2:00:42:37:AD:AD,7.0,207.0,3.2844,53.0,0.0,100.0,0.53,1.32,1.96,2.28,1.51,3.24,4.1,4.27,4.31,1.2,45.01,25.42,289.0,2024-07-22 12:28:34.562047
00:13:A2:00:42:37:AD:AD,7.0,208.0,3.2844,53.0,0.0,100.0,0.6,1.04,1.38,1.55,2.99,4.3,4.77,4.86,4.88,0.59,44.83,25.42,294.0,2024-07-22 12:58:34.605496
00:13:A2:00:42:37:AD:AD,7.0,209.0,3.2844,53.0,0.0,100.0,2.18,3.55,4.58,5.1,11.36,15.74,17.19,17.47,17.54,0.8,44.63,25.42,267.0,2024-07-22 13:28:34.645536
00:13:A2:00:42:37:AD:AD,7.0,210.0,3.2844,53.0,0.0,100.0,0.71,0.75,0.75,0.75,4.82,5.67,5.69,5.69,5.69,0.34,44.45,25.42,278.0,2024-07-22 13:58:34.693168
00:13:A2:00:42:37:AD:AD,7.0,211.0,3.2844,53.0,0.0,100.0,0.62,1.16,1.58,1.79,2.84,4.3,4.88,5.0,5.02,0.99,44.33,25.43,279.0,2024-07-22 14:28:34.739426
00:13:A2:00:42:37:AD:AD,7.0,212.0,3.2844,53.0,0.0,100.0,1.24,1.31,1.31,1.31,8.41,9.91,9.94,9.95,9.95,0.29,44.17,25.44,279.0,2024-07-22 14:58:34.774894
00:13:A2:00:42:37:AD:AD,7.0,213.0,3.2844,53.0,0.0,100.0,0.65,0.69,0.69,0.69,4.45,5.24,5.26,5.26,5.26,0.47,44.08,25.43,280.0,2024-07-22 15:28:34.819816
00:13:A2:00:42:37:AD:AD,7.0,214.0,3.2844,53.0,0.0,100.0,0.54,1.22,1.76,2.02,1.95,3.52,4.25,4.4,4.43,1.17,43.96,25.44,275.0,2024-07-22 15:58:34.873605
00:13:A2:00:42:37:AD:AD,7.0,215.0,3.2844,53.0,0.0,100.0,0.69,1.39,1.95,2.22,2.87,4.65,5.41,5.56,5.59,1.08,43.8,25.44,268.0,2024-07-22 16:28:34.913760
00:13:A2:00:42:37:AD:AD,7.0,216.0,3.2844,53.0,0.0,100.0,1.63,2.83,3.75,4.21,8.05,11.58,12.86,13.11,13.17,0.8,43.48,25.47,269.0,2024-07-22 16:58:49.959109
00:13:A2:00:42:37:AD:AD,7.0,217.0,3.2844,53.0,0.0,100.0,1.16,1.73,2.14,2.35,6.5,8.6,9.19,9.31,9.33,0.66,43.35,25.55,255.0,2024-07-22 17:28:34.991314
00:13:A2:00:42:37:AD:AD,7.0,218.0,3.2844,53.0,0.0,100.0,1.1,2.32,3.28,3.76,4.33,7.3,8.62,8.88,8.93,1.08,43.21,25.65,279.0,2024-07-22 17:58:35.038984
00:13:A2:00:42:37:AD:AD,7.0,219.0,3.2844,53.0,0.0,100.0,2.31,2.98,3.41,3.63,14.24,17.77,18.42,18.54,18.57,0.52,43.12,25.73,284.0,2024-07-22 18:28:35.091916
00:13:A2:00:42:37:AD:AD,7.0,220.0,3.2844,53.0,0.0,100.0,1.72,1.82,1.82,1.82,11.66,13.73,13.78,13.78,13.79,0.31,43.02,25.82,271.0,2024-07-22 18:58:35.131073
00:13:A2:00:42:37:AD:AD,7.0,221.0,3.2844,53.0,0.0,100.0,0.63,0.66,0.66,0.66,4.27,5.03,5.05,5.05,5.05,0.33,42.94,25.94,261.0,2024-07-22 19:28:35.160049
00:13:A2:00:42:37:AD:AD,7.0,222.0,3.2844,53.0,0.0,100.0,1.79,1.96,2.01,2.03,11.94,14.17,14.3,14.32,14.32,0.47,42.79,26.11,263.0,2024-07-22 19:58:35.219061
00:13:A2:00:42:37:AD:AD,7.0,223.0,3.2844,53.0,0.0,100.0,1.77,2.47,2.96,3.21,10.35,13.32,14.03,14.17,14.2,0.78,42.72,26.06,267.0,2024-07-22 20:28:35.260193
00:13:A2:00:42:37:AD:AD,7.0,224.0,3.2844,53.0,0.0,100.0,1.28,1.35,1.35,1.35,8.65,10.19,10.23,10.23,10.23,0.35,42.94,25.9,260.0,2024-07-22 20:58:35.296295
00:13:A2:00:42:37:AD:AD,7.0,225.0,3.2844,53.0,0.0,100.0,2.15,4.78,6.86,7.9,7.76,13.91,16.76,17.32,17.44,0.89,43.19,25.75,249.0,2024-07-22 21:28:35.343920
00:13:A2:00:42:37:AD:AD,7.0,226.0,3.2844,53.0,0.0,100.0,1.1,1.83,2.39,2.66,5.65,7.93,8.7,8.85,8.89,0.91,43.55,25.6,261.0,2024-07-22 21:58:50.387361
00:13:A2:00:42:37:AD:AD,7.0,245.0,3.2844,53.0,0.0,100.0,1.77,2.14,2.37,2.48,11.27,13.78,14.13,14.2,14.21,0.5,46.15,24.82,326.0,2024-07-23 07:28:36.216810
00:13:A2:00:42:37:AD:AD,7.0,246.0,3.2844,53.0,0.0,100.0,0.6,0.64,0.64,0.64,4.08,4.81,4.83,4.83,4.83,0.42,46.17,24.83,330.0,2024-07-23 07:58:51.253058
00:13:A2:00:42:37:AD:AD,7.0,247.0,3.2844,53.0,0.0,100.0,0.64,0.68,0.68,0.68,4.34,5.11,5.13,5.13,5.13,0.33,46.03,24.85,303.0,2024-07-23 08:28:36.287109
00:13:A2:00:42:37:AD:AD,7.0,248.0,3.2844,53.0,0.0,100.0,0.57,0.99,1.32,1.48,2.78,4.03,4.48,4.57,4.59,0.49,46.03,24.84,306.0,2024-07-23 08:58:36.339095
00:13:A2:00:42:37:AD:AD,7.0,249.0,3.2844,53.0,0.0,100.0,1.77,2.49,3.0,3.25,10.32,13.32,14.06,14.2,14.23,0.66,45.92,24.85,305.0,2024-07-23 09:28:36.383518
00:13:A2:00:42:37:AD:AD,7.0,250.0,3.2844,53.0,0.0,100.0,0.56,0.78,0.92,1.0,3.36,4.29,4.51,4.55,4.56,0.57,45.81,24.88,322.0,2024-07-23 09:58:36.432887
00:13:A2:00:42:37:AD:AD,7.0,251.0,3.2844,53.0,0.0,100.0,0.56,0.93,1.21,1.34,2.94,4.1,4.48,4.56,4.57,0.52,45.85,24.86,331.0,2024-07-23 10:28:36.470537
00:13:A2:00:42:37:AD:AD,7.0,252.0,3.2844,53.0,0.0,100.0,0.42,1.96,3.21,3.83,0.0,1.47,3.15,3.49,3.56,1.62,45.82,24.91,303.0,2024-07-23 10:58:36.508557
00:13:A2:00:42:37:AD:AD,7.0,253.0,3.2844,53.0,0.0,100.0,0.44,1.95,3.18,3.8,0.0,1.62,3.29,3.62,3.69,1.62,45.84,24.9,325.0,2024-07-23 11:28:36.555153
00:13:A2:00:42:37:AD:AD,7.0,254.0,3.2844,53.0,0.0,100.0,1.17,1.24,1.24,1.24,7.94,9.34,9.38,9.38,9.38,0.46,45.84,24.91,331.0,2024-07-23 11:58:36.603150
00:13:A2:00:42:37:AD:AD,7.0,255.0,3.2844,53.0,0.0,100.0,0.64,0.77,0.85,0.89,4.13,5.04,5.16,5.18,5.19,0.55,45.81,24.92,331.0,2024-07-23 12:28:36.652673
00:13:A2:00:42:37:AD:AD,7.0,1.0,3.2844,53.0,0.0,100.0,1.12,1.67,2.08,2.28,6.3,8.34,8.91,9.02,9.05,0.55,45.84,24.95,314.0,2024-07-23 12:58:51.679128
00:13:A2:00:42:37:AD:AD,7.0,2.0,3.2844,53.0,0.0,100.0,0.62,0.65,0.65,0.65,4.2,4.94,4.96,4.96,4.97,0.37,45.79,25.0,297.0,2024-07-23 13:28:36.733714
00:13:A2:00:42:37:AD:AD,7.0,3.0,3.2844,53.0,0.0,100.0,1.16,1.48,1.68,1.79,7.19,8.93,9.25,9.3,9.32,0.65,45.87,25.01,310.0,2024-07-23 13:58:36.777383
00:13:A2:00:42:37:AD:AD,7.0,4.0,3.2844,53.0,0.0,100.0,0.6,0.63,0.63,0.63,4.07,4.79,4.81,4.81,4.81,0.27,45.89,25.01,302.0,2024-07-23 14:28:36.814730
00:13:A2:00:42:37:AD:AD,7.0,5.0,3.2844,53.0,0.0,100.0,2.27,3.17,3.8,4.12,13.31,17.13,18.05,18.22,18.26,0.71,45.89,24.99,297.0,2024-07-23 14:58:36.864796
00:13:A2:00:42:37:AD:AD,7.0,6.0,3.2844,53.0,0.0,100.0,1.16,1.76,2.2,2.41,6.42,8.57,9.19,9.31,9.34,0.61,45.99,25.01,312.0,2024-07-23 15:28:36.907580
00:13:A2:00:42:37:AD:AD,7.0,7.0,3.2844,53.0,0.0,100.0,1.78,1.88,1.88,1.88,12.02,14.15,14.21,14.21,14.21,0.45,45.99,25.0,293.0,2024-07-23 15:58:36.941831
00:13:A2:00:42:37:AD:AD,7.0,8.0,3.2844,53.0,0.0,100.0,0.45,1.73,2.77,3.29,0.0,2.02,3.42,3.7,3.76,1.62,45.99,25.03,298.0,2024-07-23 16:28:36.986326
00:13:A2:00:42:37:AD:AD,7.0,9.0,3.2844,53.0,0.0,100.0,1.19,1.51,1.71,1.82,7.37,9.15,9.47,9.53,9.54,0.53,46.04,25.12,282.0,2024-07-23 16:58:37.029637
00:13:A2:00:42:37:AD:AD,7.0,10.0,3.2844,53.0,0.0,100.0,0.59,0.62,0.62,0.62,4.01,4.72,4.74,4.74,4.74,0.27,45.99,25.2,289.0,2024-07-23 17:28:37.071627
00:13:A2:00:42:37:AD:AD,7.0,11.0,3.2844,53.0,0.0,100.0,1.79,2.45,2.92,3.15,10.58,13.52,14.2,14.33,14.36,0.7,45.88,25.32,270.0,2024-07-23 17:58:52.129341
00:13:A2:00:42:37:AD:AD,7.0,12.0,3.2844,53.0,0.0,100.0,1.1,2.13,2.94,3.34,4.81,7.51,8.62,8.84,8.89,1.11,45.81,25.42,274.0,2024-07-23 18:28:37.168566
00:13:A2:00:42:37:AD:AD,7.0,13.0,3.2844,53.0,0.0,100.0,1.17,1.63,1.95,2.11,6.86,8.82,9.29,9.38,9.4,0.66,45.74,25.51,282.0,2024-07-23 18:58:37.202664
00:13:A2:00:42:37:AD:AD,7.0,14.0,3.2844,53.0,0.0,100.0,1.04,2.21,3.12,3.58,4.06,6.89,8.14,8.39,8.44,1.14,45.71,25.51,280.0,2024-07-23 19:28:37.244588
00:13:A2:00:42:37:AD:AD,7.0,15.0,3.2844,53.0,0.0,100.0,2.37,2.5,2.5,2.5,16.02,18.85,18.93,18.93,18.93,0.3,45.76,25.49,284.0,2024-07-23 19:58:37.301294
00:13:A2:00:42:37:AD:AD,7.0,16.0,3.2844,53.0,0.0,100.0,0.77,0.81,0.81,0.81,5.21,6.14,6.16,6.16,6.16,0.32,45.85,25.39,282.0,2024-07-23 20:28:37.333254
00:13:A2:00:42:37:AD:AD,7.0,17.0,3.2844,53.0,0.0,100.0,0.61,0.85,1.02,1.1,3.62,4.64,4.88,4.93,4.94,0.64,46.04,25.27,291.0,2024-07-23 20:58:37.382557
00:13:A2:00:42:37:AD:AD,7.0,18.0,3.2844,53.0,0.0,100.0,1.75,2.16,2.42,2.55,10.99,13.53,13.93,14.0,14.02,0.53,46.31,25.21,273.0,2024-07-23 21:28:37.422906
00:13:A2:00:42:37:AD:AD,7.0,19.0,3.2844,53.0,0.0,100.0,0.59,1.02,1.35,1.51,2.98,4.26,4.71,4.8,4.82,0.96,46.52,25.1,289.0,2024-07-23 21:58:37.463795
00:13:A2:00:42:37:AD:AD,7.0,38.0,3.2844,53.0,0.0,100.0,0.99,1.05,1.05,1.05,6.74,7.93,7.96,7.96,7.96,0.45,48.23,24.54,317.0,2024-07-24 07:28:38.287958
00:13:A2:00:42:37:AD:AD,7.0,39.0,3.2844,53.0,0.0,100.0,0.94,1.07,1.13,1.16,6.17,7.4,7.52,7.54,7.54,0.52,48.1,24.56,340.0,2024-07-24 07:58:38.326130
00:13:A2:00:42:37:AD:AD,7.0,40.0,3.2844,53.0,0.0,100.0,0.59,1.03,1.35,1.52,2.97,4.25,4.71,4.8,4.82,0.89,48.06,24.56,322.0,2024-07-24 08:28:38.375302
00:13:A2:00:42:37:AD:AD,7.0,41.0,3.2844,53.0,0.0,100.0,1.21,1.28,1.28,1.28,8.23,9.69,9.73,9.73,9.73,0.45,48.01,24.55,336.0,2024-07-24 08:58:53.418044
00:13:A2:00:42:37:AD:AD,7.0,42.0,3.2844,53.0,0.0,100.0,0.61,0.65,0.65,0.65,4.16,4.89,4.91,4.91,4.92,0.35,47.93,24.59,362.0,2024-07-24 09:28:38.460839
00:13:A2:00:42:37:AD:AD,7.0,43.0,3.2844,53.0,0.0,100.0,3.29,4.73,5.77,6.28,18.92,24.64,26.13,26.41,26.47,0.76,47.99,24.63,310.0,2024-07-24 09:58:38.508304
00:13:A2:00:42:37:AD:AD,7.0,44.0,3.2844,53.0,0.0,100.0,1.62,3.19,4.41,5.02,6.97,11.01,12.7,13.03,13.1,1.01,47.91,24.64,334.0,2024-07-24 10:28:38.554414
00:13:A2:00:42:37:AD:AD,7.0,45.0,3.2844,53.0,0.0,100.0,0.63,0.77,0.85,0.89,4.01,4.91,5.04,5.07,5.07,0.53,47.85,24.66,333.0,2024-07-24 10:58:38.598597
00:13:A2:00:42:37:AD:AD,7.0,46.0,3.2844,53.0,0.0,100.0,0.66,0.7,0.7,0.7,4.52,5.32,5.34,5.34,5.34,0.36,47.86,24.7,330.0,2024-07-24 11:28:38.639333
00:13:A2:00:42:37:AD:AD,7.0,47.0,3.2844,53.0,0.0,100.0,0.63,0.67,0.67,0.67,4.29,5.06,5.07,5.08,5.08,0.4,47.87,24.75,332.0,2024-07-24 11:58:38.684522
00:13:A2:00:42:37:AD:AD,7.0,48.0,3.2844,53.0,0.0,100.0,1.25,1.32,1.32,1.32,8.44,9.94,9.98,9.98,9.98,0.47,47.93,24.79,321.0,2024-07-24 12:28:38.729778
00:13:A2:00:42:37:AD:AD,7.0,49.0,3.2844,53.0,0.0,100.0,1.21,1.28,1.28,1.28,8.2,9.66,9.69,9.7,9.7,0.36,48.0,24.81,323.0,2024-07-24 12:58:38.773783
00:13:A2:00:42:37:AD:AD,7.0,50.0,3.2844,53.0,0.0,100.0,0.68,0.81,0.89,0.93,4.35,5.3,5.43,5.45,5.46,0.63,48.08,24.84,328.0,2024-07-24 13:28:38.809809
00:13:A2:00:42:37:AD:AD,7.0,51.0,3.2844,53.0,0.0,100.0,0.73,0.93,1.05,1.12,4.53,5.62,5.82,5.86,5.86,0.6,48.22,24.87,335.0,2024-07-24 13:58:53.857914
00:13:A2:00:42:37:AD:AD,7.0,52.0,3.2844,53.0,0.0,100.0,0.9,1.39,1.75,1.93,4.94,6.65,7.16,7.26,7.28,0.8,48.24,24.93,311.0,2024-07-24 14:28:38.899951
00:13:A2:00:42:37:AD:AD,7.0,53.0,3.2844,53.0,0.0,100.0,0.54,1.42,2.11,2.46,1.45,3.3,4.25,4.43,4.48,1.01,48.4,24.93,332.0,2024-07-24 14:58:38.940300
00:13:A2:00:42:37:AD:AD,7.0,54.0,3.2844,53.0,0.0,100.0,1.39,1.79,2.06,2.19,8.56,10.68,11.08,11.16,11.17,0.56,48.49,24.97,302.0,2024-07-24 15:28:38.981724
00:13:A2:00:42:37:AD:AD,7.0,55.0,3.2844,53.0,0.0,100.0,0.67,0.91,1.07,1.14,4.07,5.16,5.39,5.43,5.44,0.64,48.58,24.98,304.0,2024-07-24 15:58:39.036189
00:13:A2:00:42:37:AD:AD,7.0,56.0,3.2844,53.0,0.0,100.0,1.19,1.47,1.65,1.75,7.45,9.19,9.46,9.52,9.53,0.62,48.63,25.01,316.0,2024-07-24 16:28:39.069038
00:13:A2:00:42:37:AD:AD,7.0,57.0,3.2844,53.0,0.0,100.0,0.57,1.36,1.99,2.3,1.83,3.6,4.46,4.63,4.66,0.95,48.71,25.06,292.0,2024-07-24 16:58:39.118412
00:13:A2:00:42:37:AD:AD,7.0,58.0,3.2844,53.0,0.0,100.0,2.9,3.81,4.42,4.73,17.62,22.15,23.06,23.23,23.27,0.5,48.75,25.1,286.0,2024-07-24 17:28:39.158737
00:13:A2:00:42:37:AD:AD,7.0,59.0,3.2844,53.0,0.0,100.0,0.65,0.69,0.69,0.69,4.4,5.19,5.21,5.21,5.21,0.37,48.8,25.08,314.0,2024-07-24 17:58:39.203423
00:13:A2:00:42:37:AD:AD,7.0,60.0,3.2844,53.0,0.0,100.0,1.21,1.58,1.84,1.96,7.36,9.25,9.62,9.69,9.71,0.67,48.97,25.03,281.0,2024-07-24 18:28:39.245392
00:13:A2:00:42:37:AD:AD,7.0,61.0,3.2844,53.0,0.0,100.0,0.67,0.95,1.15,1.25,3.89,5.04,5.33,5.39,5.4,0.71,49.23,24.98,292.0,2024-07-24 18:58:54.289889
00:13:A2:00:42:37:AD:AD,7.0,62.0,3.2844,53.0,0.0,100.0,1.27,1.48,1.6,1.65,8.26,9.98,10.17,10.2,10.21,0.52,49.3,24.93,299.0,2024-07-24 19:28:39.325877
00:13:A2:00:42:37:AD:AD,7.0,63.0,3.2844,53.0,0.0,100.0,1.03,1.09,1.09,1.09,6.97,8.2,8.23,8.23,8.24,0.4,49.53,24.86,291.0,2024-07-24 19:58:39.390399
00:13:A2:00:42:37:AD:AD,7.0,64.0,3.2844,53.0,0.0,100.0,0.66,0.79,0.86,0.9,4.22,5.15,5.27,5.29,5.29,0.55,49.8,24.8,286.0,2024-07-24 20:28:39.415577
00:13:A2:00:42:37:AD:AD,7.0,65.0,3.2844,53.0,0.0,100.0,1.24,1.5,1.65,1.72,7.93,9.68,9.92,9.96,9.97,0.48,50.0,24.76,294.0,2024-07-24 20:58:39.460327
00:13:A2:00:42:37:AD:AD,7.0,67.0,3.2844,53.0,0.0,100.0,1.17,1.24,1.24,1.24,7.95,9.36,9.4,9.4,9.4,0.44,50.22,24.66,293.0,2024-07-24 21:58:39.551285
00:13:A2:00:42:37:AD:AD,7.0,86.0,3.2844,53.0,0.0,100.0,0.59,1.28,1.83,2.1,2.25,3.9,4.65,4.79,4.82,1.11,51.44,24.44,299.0,2024-07-25 07:28:40.383280
00:13:A2:00:42:37:AD:AD,7.0,87.0,3.2844,53.0,0.0,100.0,0.55,1.34,1.96,2.28,1.71,3.45,4.3,4.47,4.51,1.16,51.4,24.45,261.0,2024-07-25 07:58:40.413844
00:13:A2:00:42:37:AD:AD,7.0,88.0,3.2844,53.0,0.0,100.0,1.18,1.58,1.86,1.99,7.1,8.99,9.39,9.47,9.49,0.62,51.39,24.44,276.0,2024-07-25 08:28:40.468810
00:13:A2:00:42:37:AD:AD,7.0,89.0,3.2844,53.0,0.0,100.0,1.12,1.19,1.19,1.19,7.63,8.98,9.01,9.02,9.02,0.46,51.4,24.46,281.0,2024-07-25 08:58:40.511418
00:13:A2:00:42:37:AD:AD,7.0,90.0,3.2844,53.0,0.0,100.0,2.33,3.24,3.88,4.19,13.72,17.61,18.53,18.71,18.75,0.54,51.38,24.42,281.0,2024-07-25 09:28:40.561483
00:13:A2:00:42:37:AD:AD,7.0,91.0,3.2844,53.0,0.0,100.0,1.76,1.86,1.86,1.86,11.91,14.02,14.07,14.08,14.08,0.34,51.48,24.47,294.0,2024-07-25 09:58:55.594431
00:13:A2:00:42:37:AD:AD,7.0,92.0,3.2844,53.0,0.0,100.0,0.57,1.47,2.19,2.55,1.53,3.46,4.43,4.63,4.67,1.27,51.3,24.52,287.0,2024-07-25 10:28:40.634315
00:13:A2:00:42:37:AD:AD,7.0,93.0,3.2844,53.0,0.0,100.0,2.94,3.59,3.98,4.18,18.63,22.83,23.45,23.56,23.58,0.59,51.47,24.52,300.0,2024-07-25 10:58:40.689165
00:13:A2:00:42:37:AD:AD,7.0,94.0,3.2844,53.0,0.0,100.0,1.17,1.98,2.59,2.9,5.94,8.41,9.26,9.43,9.47,0.96,51.56,24.54,289.0,2024-07-25 11:28:40.726071
00:13:A2:00:42:37:AD:AD,7.0,95.0,3.2844,53.0,0.0,100.0,0.97,1.03,1.03,1.03,6.61,7.78,7.81,7.81,7.81,0.46,51.64,24.57,290.0,2024-07-25 11:58:40.764999
00:13:A2:00:42:37:AD:AD,7.0,96.0,3.2844,53.0,0.0,100.0,1.29,1.61,1.81,1.91,8.11,10.01,10.32,10.37,10.39,0.59,51.76,24.61,297.0,2024-07-25 12:28:40.805726
00:13:A2:00:42:37:AD:AD,7.0,97.0,3.2844,53.0,0.0,100.0,4.71,5.29,5.55,5.68,31.01,37.09,37.58,37.66,37.68,0.51,51.89,24.63,265.0,2024-07-25 12:58:40.849003
00:13:A2:00:42:37:AD:AD,7.0,98.0,3.2844,53.0,0.0,100.0,2.34,2.74,2.96,3.07,15.1,18.28,18.65,18.71,18.73,0.6,51.9,24.65,281.0,2024-07-25 13:28:40.894323
00:13:A2:00:42:37:AD:AD,7.0,99.0,3.2844,53.0,0.0,100.0,2.24,2.37,2.37,2.37,15.14,17.83,17.89,17.9,17.9,0.43,51.95,24.7,271.0,2024-07-25 13:58:40.933784
00:13:A2:00:42:37:AD:AD,7.0,100.0,3.2844,53.0,0.0,100.0,2.3,2.43,2.43,2.43,15.55,18.31,18.38,18.38,18.38,0.45,51.94,24.68,273.0,2024-07-25 14:28:40.981476
00:13:A2:00:42:37:AD:AD,7.0,101.0,3.2844,53.0,0.0,100.0,6.65,7.03,7.03,7.03,44.91,52.87,53.07,53.08,53.09,0.43,51.96,24.73,286.0,2024-07-25 14:58:56.038848
00:13:A2:00:42:37:AD:AD,7.0,102.0,3.2844,53.0,0.0,100.0,4.39,4.64,4.64,4.64,29.65,34.9,35.04,35.05,35.05,0.45,51.86,24.76,276.0,2024-07-25 15:28:41.090530
00:13:A2:00:42:37:AD:AD,7.0,103.0,3.2844,53.0,0.0,100.0,5.24,5.54,5.54,5.54,35.39,41.67,41.83,41.84,41.85,0.45,51.85,24.77,273.0,2024-07-25 15:58:41.108406
00:13:A2:00:42:37:AD:AD,7.0,104.0,3.2844,53.0,0.0,100.0,5.41,6.76,7.62,8.05,33.73,41.69,43.0,43.25,43.3,0.52,51.76,24.79,289.0,2024-07-25 16:28:41.168252
00:13:A2:00:42:37:AD:AD,7.0,105.0,3.2844,53.0,0.0,100.0,3.03,4.09,4.83,5.2,18.09,22.98,24.06,24.26,24.31,0.81,51.49,24.84,273.0,2024-07-25 16:58:41.202847
00:13:A2:00:42:37:AD:AD,7.0,106.0,3.2844,53.0,0.0,100.0,5.51,5.83,5.83,5.83,37.24,43.85,44.01,44.02,44.03,0.41,51.22,24.89,279.0,2024-07-25 17:28:41.251680
00:13:A2:00:42:37:AD:AD,7.0,107.0,3.2844,53.0,0.0,100.0,3.9,4.79,5.33,5.61,24.59,30.21,31.06,31.21,31.25,0.61,51.02,24.98,268.0,2024-07-25 17:58:41.291505
00:13:A2:00:42:37:AD:AD,7.0,108.0,3.2844,53.0,0.0,100.0,4.28,4.7,4.85,4.92,28.45,33.83,34.16,34.21,34.22,0.47,50.67,25.11,297.0,2024-07-25 18:28:41.329684
00:13:A2:00:42:37:AD:AD,7.0,109.0,3.2844,53.0,0.0,100.0,3.66,4.84,5.63,6.03,22.16,27.92,29.1,29.32,29.37,0.57,50.43,25.23,268.0,2024-07-25 18:58:41.373607
00:13:A2:00:42:37:AD:AD,7.0,110.0,3.2844,53.0,0.0,100.0,2.06,2.18,2.18,2.18,13.96,16.43,16.49,16.5,16.5,0.42,50.33,25.24,273.0,2024-07-25 19:28:41.425373
00:13:A2:00:42:37:AD:AD,7.0,111.0,3.2844,53.0,0.0,100.0,3.81,4.43,4.77,4.94,24.65,29.79,30.36,30.45,30.48,0.51,50.41,25.14,266.0,2024-07-25 19:58:56.472016
00:13:A2:00:42:37:AD:AD,7.0,112.0,3.2844,53.0,0.0,100.0,3.69,4.13,4.31,4.4,24.34,29.08,29.44,29.5,29.51,0.52,50.55,25.05,257.0,2024-07-25 20:28:41.508793
00:13:A2:00:42:37:AD:AD,7.0,113.0,3.2844,53.0,0.0,100.0,2.35,3.4,4.15,4.52,13.45,17.57,18.65,18.85,18.9,0.86,50.73,24.93,247.0,2024-07-25 20:58:41.558082
00:13:A2:00:42:37:AD:AD,7.0,114.0,3.2844,53.0,0.0,100.0,3.18,3.37,3.37,3.37,21.52,25.33,25.43,25.44,25.44,0.37,50.99,24.82,271.0,2024-07-25 21:28:41.595051
00:13:A2:00:42:37:AD:AD,7.0,115.0,3.2844,53.0,0.0,100.0,2.82,3.37,3.68,3.84,18.07,22.0,22.51,22.6,22.62,0.64,51.22,24.73,275.0,2024-07-25 21:58:41.635594
00:13:A2:00:42:37:AD:AD,7.0,134.0,3.2844,53.0,0.0,100.0,0.79,1.05,1.22,1.31,4.83,6.08,6.34,6.38,6.39,0.51,52.72,24.33,307.0,2024-07-26 07:28:42.468400
00:13:A2:00:42:37:AD:AD,7.0,135.0,3.2844,53.0,0.0,100.0,1.81,1.92,1.92,1.92,12.27,14.45,14.5,14.51,14.51,0.31,52.56,24.31,293.0,2024-07-26 07:58:42.502689
00:13:A2:00:42:37:AD:AD,7.0,136.0,3.2844,53.0,0.0,100.0,3.0,3.5,3.77,3.91,19.42,23.48,23.94,24.01,24.03,0.52,52.39,24.32,267.0,2024-07-26 08:28:42.544359
00:13:A2:00:42:37:AD:AD,7.0,137.0,3.2844,53.0,0.0,100.0,3.09,3.49,3.66,3.75,20.33,24.35,24.68,24.73,24.75,0.51,52.24,24.22,304.0,2024-07-26 08:58:42.596957
00:13:A2:00:42:37:AD:AD,7.0,138.0,3.2844,53.0,0.0,100.0,5.89,7.55,8.65,9.19,36.28,45.22,46.86,47.16,47.23,0.71,52.14,24.16,323.0,2024-07-26 09:28:42.641193
00:13:A2:00:42:37:AD:AD,7.0,139.0,3.2844,53.0,0.0,100.0,7.33,8.39,8.91,9.17,47.86,57.55,58.47,58.63,58.67,0.48,52.38,23.96,285.0,2024-07-26 09:58:42.677223
00:13:A2:00:42:37:AD:AD,7.0,140.0,3.2844,53.0,0.0,100.0,7.92,8.83,9.2,9.39,52.3,62.43,63.17,63.29,63.32,0.55,52.3,23.85,282.0,2024-07-26 10:28:42.729975
00:13:A2:00:42:37:AD:AD,7.0,141.0,3.2844,53.0,0.0,100.0,8.53,9.02,9.02,9.02,57.65,67.86,68.12,68.14,68.15,0.37,51.5,23.92,291.0,2024-07-26 10:58:57.776082
00:13:A2:00:42:37:AD:AD,7.0,142.0,3.2844,53.0,0.0,100.0,6.98,7.38,7.38,7.38,47.18,55.54,55.75,55.76,55.77,0.45,49.83,23.97,280.0,2024-07-26 11:28:42.826702
00:13:A2:00:42:37:AD:AD,7.0,143.0,3.2844,53.0,0.0,100.0,8.78,9.28,9.28,9.28,59.32,69.83,70.1,70.12,70.13,0.45,48.87,24.06,300.0,2024-07-26 11:58:42.865750
00:13:A2:00:42:37:AD:AD,7.0,144.0,3.2844,53.0,0.0,100.0,6.95,7.6,7.81,7.91,46.31,54.99,55.48,55.55,55.57,0.5,48.41,24.18,289.0,2024-07-26 12:28:42.895012
00:13:A2:00:42:37:AD:AD,7.0,145.0,3.2844,53.0,0.0,100.0,11.27,12.69,13.33,13.66,74.03,88.63,89.83,90.02,90.08,0.55,48.1,24.28,283.0,2024-07-26 12:58:42.944643
00:13:A2:00:42:37:AD:AD,7.0,146.0,3.2844,53.0,0.0,100.0,10.2,10.88,10.97,11.01,68.62,80.97,81.39,81.44,81.46,0.49,46.31,24.34,309.0,2024-07-26 13:28:42.992423
00:13:A2:00:42:37:AD:AD,7.0,147.0,3.2844,53.0,0.0,100.0,9.1,9.89,10.11,10.22,60.81,72.09,72.65,72.73,72.76,0.48,45.62,24.5,278.0,2024-07-26 13:58:43.030437
00:13:A2:00:42:37:AD:AD,7.0,148.0,3.2844,53.0,0.0,100.0,10.51,11.53,11.87,12.04,69.87,83.04,83.81,83.93,83.96,0.55,45.14,24.66,298.0,2024-07-26 14:28:43.081997
00:13:A2:00:42:37:AD:AD,7.0,149.0,3.2844,53.0,0.0,100.0,14.57,16.43,17.27,17.69,95.72,114.62,116.18,116.44,116.51,0.53,44.92,24.81,270.0,2024-07-26 14:58:43.123346
00:13:A2:00:42:37:AD:AD,7.0,150.0,3.2844,53.0,0.0,100.0,31.58,36.21,38.53,39.69,205.76,247.56,251.63,252.32,252.5,0.62,44.87,25.03,301.0,2024-07-26 15:28:43.155934
00:13:A2:00:42:37:AD:AD,7.0,151.0,3.2844,53.0,0.0,100.0,42.02,46.95,49.03,50.07,277.08,330.95,335.01,335.65,335.83,0.57,45.01,25.1,294.0,2024-07-26 15:58:58.213138
00:13:A2:00:42:37:AD:AD,7.0,152.0,3.2844,53.0,0.0,100.0,27.63,30.95,32.39,33.1,181.96,217.5,220.25,220.7,220.82,0.6,45.13,25.1,290.0,2024-07-26 16:28:43.255170
00:13:A2:00:42:37:AD:AD,7.0,153.0,3.2844,53.0,0.0,100.0,25.05,26.99,27.4,27.61,167.84,198.53,199.85,200.01,200.07,0.52,45.15,25.1,284.0,2024-07-26 16:58:43.302271
00:13:A2:00:42:37:AD:AD,7.0,154.0,3.2844,53.0,0.0,100.0,29.58,33.48,35.29,36.19,193.92,232.45,235.77,236.32,236.46,0.59,45.13,25.14,281.0,2024-07-26 17:28:43.344073
00:13:A2:00:42:37:AD:AD,7.0,155.0,3.2844,53.0,0.0,100.0,24.82,28.55,30.45,31.39,161.48,194.47,197.76,198.32,198.46,0.6,45.07,25.2,274.0,2024-07-26 17:58:43.375540
00:13:A2:00:42:37:AD:AD,7.0,156.0,3.2844,53.0,0.0,100.0,25.51,26.97,26.97,26.97,172.3,202.83,203.61,203.66,203.7,0.44,45.04,25.32,278.0,2024-07-26 18:28:43.420412
00:13:A2:00:42:37:AD:AD,7.0,157.0,3.2844,53.0,0.0,100.0,23.62,26.56,27.88,28.53,155.26,185.79,188.27,188.67,188.78,0.51,45.03,25.43,306.0,2024-07-26 18:58:43.470537
00:13:A2:00:42:37:AD:AD,7.0,158.0,3.2844,53.0,0.0,100.0,16.9,17.87,17.87,17.87,114.14,134.37,134.88,134.92,134.94,0.46,45.06,25.55,290.0,2024-07-26 19:28:43.504554
00:13:A2:00:42:37:AD:AD,7.0,159.0,3.2844,53.0,0.0,100.0,21.71,25.03,26.75,27.61,141.05,169.99,172.94,173.45,173.58,0.61,45.09,25.68,282.0,2024-07-26 19:58:43.561602
00:13:A2:00:42:37:AD:AD,7.0,160.0,3.2844,53.0,0.0,100.0,20.4,22.35,22.98,23.3,135.74,161.26,162.73,162.94,163.01,0.51,45.19,25.63,280.0,2024-07-26 20:28:43.588524
00:13:A2:00:42:37:AD:AD,7.0,161.0,3.2844,53.0,0.0,100.0,20.16,21.69,22.01,22.17,135.13,159.8,160.83,160.96,161.0,0.49,45.54,25.42,265.0,2024-07-26 20:58:58.635085
00:13:A2:00:42:37:AD:AD,7.0,162.0,3.2844,53.0,0.0,100.0,12.83,13.84,14.06,14.17,85.96,101.71,102.39,102.48,102.51,0.51,45.84,25.3,296.0,2024-07-26 21:28:43.681854
00:13:A2:00:42:37:AD:AD,7.0,163.0,3.2844,53.0,0.0,100.0,18.75,21.04,22.04,22.53,123.42,147.59,149.49,149.8,149.88,0.6,46.17,25.13,265.0,2024-07-26 21:58:43.734296
00:13:A2:00:42:37:AD:AD,7.0,182.0,3.2844,53.0,0.0,100.0,5.16,6.03,6.51,6.74,33.3,40.3,41.09,41.23,41.27,0.53,49.59,24.34,322.0,2024-07-27 07:28:44.554301
00:13:A2:00:42:37:AD:AD,7.0,183.0,3.2844,53.0,0.0,100.0,4.3,5.19,5.73,5.99,27.32,33.38,34.23,34.38,34.42,0.6,49.64,24.34,314.0,2024-07-27 07:58:44.590267
00:13:A2:00:42:37:AD:AD,7.0,184.0,3.2844,53.0,0.0,100.0,3.22,3.9,4.32,4.52,20.41,24.98,25.63,25.75,25.78,0.51,49.65,24.37,319.0,2024-07-27 08:28:44.650224
00:13:A2:00:42:37:AD:AD,7.0,185.0,3.2844,53.0,0.0,100.0,4.45,5.64,6.41,6.79,27.54,34.2,35.37,35.58,35.63,0.69,49.62,24.4,305.0,2024-07-27 08:58:44.685380
00:13:A2:00:42:37:AD:AD,7.0,186.0,3.2844,53.0,0.0,100.0,5.79,7.46,8.56,9.12,35.5,44.34,45.99,46.3,46.37,0.71,49.63,24.42,316.0,2024-07-27 09:28:44.726054
00:13:A2:00:42:37:AD:AD,7.0,187.0,3.2844,53.0,0.0,100.0,5.02,5.31,5.31,5.31,33.94,39.95,40.11,40.12,40.12,0.47,49.57,24.48,326.0,2024-07-27 09:58:44.770581
00:13:A2:00:42:37:AD:AD,7.0,188.0,3.2844,53.0,0.0,100.0,2.04,2.45,2.69,2.82,13.0,15.87,16.26,16.33,16.34,0.67,49.52,24.51,316.0,2024-07-27 10:28:44.811963
00:13:A2:00:42:37:AD:AD,7.0,189.0,3.2844,53.0,0.0,100.0,3.87,4.83,5.44,5.74,24.2,29.89,30.82,30.99,31.03,0.73,49.44,24.56,320.0,2024-07-27 10:58:44.857552
00:13:A2:00:42:37:AD:AD,7.0,190.0,3.2844,53.0,0.0,100.0,6.61,7.73,8.34,8.64,42.67,51.63,52.65,52.83,52.87,0.57,49.38,24.61,330.0,2024-07-27 11:28:44.905568
00:13:A2:00:42:37:AD:AD,7.0,191.0,3.2844,53.0,0.0,100.0,3.66,4.2,4.46,4.59,23.9,28.74,29.21,29.29,29.31,0.48,49.31,24.67,341.0,2024-07-27 11:58:59.944320
00:13:A2:00:42:37:AD:AD,7.0,192.0,3.2844,53.0,0.0,100.0,4.41,5.39,5.98,6.28,27.88,34.2,35.13,35.3,35.34,0.7,49.14,24.71,329.0,2024-07-27 12:28:44.995537
00:13:A2:00:42:37:AD:AD,7.0,193.0,3.2844,53.0,0.0,100.0,6.99,9.99,12.14,13.22,40.23,52.3,55.39,55.98,56.12,0.76,48.95,24.75,336.0,2024-07-27 12:58:45.037679
00:13:A2:00:42:37:AD:AD,7.0,194.0,3.2844,53.0,0.0,100.0,2.72,3.32,3.7,3.88,17.16,21.06,21.64,21.75,21.77,0.63,48.74,24.8,329.0,2024-07-27 13:28:45.068493
00:13:A2:00:42:37:AD:AD,7.0,195.0,3.2844,53.0,0.0,100.0,6.13,6.68,6.84,6.92,40.91,48.53,48.94,48.99,49.01,0.53,48.51,24.82,319.0,2024-07-27 13:58:45.124070
00:13:A2:00:42:37:AD:AD,7.0,196.0,3.2844,53.0,0.0,100.0,4.92,6.23,7.07,7.5,30.5,37.85,39.14,39.37,39.43,0.66,48.25,24.89,294.0,2024-07-27 14:28:45.163684
00:13:A2:00:42:37:AD:AD,7.0,197.0,3.2844,53.0,0.0,100.0,4.82,7.94,10.3,11.48,24.88,34.7,38.0,38.65,38.79,0.99,48.04,24.94,322.0,2024-07-27 14:58:45.210435
00:13:A2:00:42:37:AD:AD,7.0,198.0,3.2844,53.0,0.0,100.0,3.53,3.74,3.74,3.74,23.89,28.13,28.24,28.24,28.25,0.46,47.8,24.95,324.0,2024-07-27 15:28:45.248175
00:13:A2:00:42:37:AD:AD,7.0,199.0,3.2844,53.0,0.0,100.0,2.67,3.04,3.22,3.31,17.51,21.03,21.34,21.4,21.41,0.55,47.58,25.02,288.0,2024-07-27 15:58:45.290164
00:13:A2:00:42:37:AD:AD,7.0,200.0,3.2844,53.0,0.0,100.0,4.22,6.13,7.5,8.19,24.05,31.48,33.44,33.82,33.91,0.83,47.33,25.09,276.0,2024-07-27 16:28:45.337960
00:13:A2:00:42:37:AD:AD,7.0,201.0,3.2844,53.0,0.0,100.0,3.08,3.26,3.26,3.26,20.83,24.53,24.62,24.63,24.63,0.41,47.01,25.17,282.0,2024-07-27 16:59:00.388460
00:13:A2:00:42:37:AD:AD,7.0,202.0,3.2844,53.0,0.0,100.0,5.35,6.18,6.6,6.82,34.8,41.95,42.68,42.81,42.84,0.56,46.8,25.31,271.0,2024-07-27 17:28:45.431965
00:13:A2:00:42:37:AD:AD,7.0,203.0,3.2844,53.0,0.0,100.0,1.48,1.7,1.81,1.87,9.64,11.61,11.81,11.84,11.85,0.52,46.56,25.43,289.0,2024-07-27 17:58:45.457381
00:13:A2:00:42:37:AD:AD,7.0,204.0,3.2844,53.0,0.0,100.0,3.49,4.66,5.46,5.86,21.02,26.58,27.75,27.98,28.03,0.7,46.32,25.57,290.0,2024-07-27 18:28:45.502717
00:13:A2:00:42:37:AD:AD,7.0,205.0,3.2844,53.0,0.0,100.0,5.57,6.04,6.16,6.22,37.26,44.14,44.47,44.52,44.53,0.5,46.24,25.67,304.0,2024-07-27 18:58:45.547166
00:13:A2:00:42:37:AD:AD,7.0,206.0,3.2844,53.0,0.0,100.0,7.19,9.45,10.98,11.74,43.59,54.83,57.09,57.51,57.61,0.7,46.21,25.72,277.0,2024-07-27 19:28:45.601733
00:13:A2:00:42:37:AD:AD,7.0,207.0,3.2844,53.0,0.0,100.0,4.95,6.71,7.93,8.54,29.47,37.49,39.28,39.61,39.69,0.79,46.25,25.74,292.0,2024-07-27 19:58:45.644603
00:13:A2:00:42:37:AD:AD,7.0,208.0,3.2844,53.0,0.0,100.0,5.89,7.72,8.95,9.56,35.81,44.99,46.81,47.15,47.23,0.69,46.37,25.67,288.0,2024-07-27 20:28:45.735528
00:13:A2:00:42:37:AD:AD,7.0,209.0,3.2844,53.0,0.0,100.0,5.7,6.03,6.03,6.03,38.56,45.39,45.57,45.58,45.59,0.46,46.59,25.59,281.0,2024-07-27 20:58:45.735490
00:13:A2:00:42:37:AD:AD,7.0,210.0,3.2844,53.0,0.0,100.0,8.16,11.4,13.7,14.84,47.68,61.39,64.71,65.34,65.48,0.81,46.88,25.51,274.0,2024-07-27 21:28:45.767623
00:13:A2:00:42:37:AD:AD,7.0,211.0,3.2844,53.0,0.0,100.0,5.87,6.46,6.67,6.77,39.02,46.41,46.86,46.93,46.95,0.54,47.24,25.42,284.0,2024-07-27 21:59:00.816920
00:13:A2:00:42:37:AD:AD,7.0,240.0,3.2844,53.0,0.0,100.0,3.97,5.11,5.87,6.25,24.35,30.41,31.55,31.76,31.81,0.71,49.72,25.42,289.0,2024-07-28 12:28:47.076935
00:13:A2:00:42:37:AD:AD,7.0,241.0,3.2844,53.0,0.0,100.0,5.74,6.07,6.07,6.07,38.79,45.66,45.84,45.85,45.86,0.46,49.9,25.46,296.0,2024-07-28 12:59:02.112085
00:13:A2:00:42:37:AD:AD,7.0,242.0,3.2844,53.0,0.0,100.0,6.69,7.08,7.08,7.08,45.22,53.23,53.44,53.45,53.46,0.38,49.93,25.53,279.0,2024-07-28 13:28:47.160431
00:13:A2:00:42:37:AD:AD,7.0,243.0,3.2844,53.0,0.0,100.0,4.58,5.13,5.36,5.48,30.2,36.09,36.54,36.61,36.63,0.56,50.05,25.59,290.0,2024-07-28 13:58:47.203
00:13:A2:00:42:37:AD:AD,7.0,244.0,3.2844,53.0,0.0,100.0,8.15,11.61,14.09,15.32,47.03,61.05,64.61,65.29,65.44,0.77,50.11,25.61,286.0,2024-07-28 14:28:47.244763
00:13:A2:00:42:37:AD:AD,7.0,245.0,3.2844,53.0,0.0,100.0,8.4,9.76,10.48,10.84,54.38,65.68,66.9,67.11,67.17,0.59,50.26,25.68,287.0,2024-07-28 14:58:47.282429
00:13:A2:00:42:37:AD:AD,7.0,246.0,3.2844,53.0,0.0,100.0,10.53,11.14,11.14,11.14,71.16,83.77,84.09,84.11,84.12,0.47,50.38,25.72,273.0,2024-07-28 15:28:47.331088
00:13:A2:00:42:37:AD:AD,7.0,247.0,3.2844,53.0,0.0,100.0,8.49,8.97,8.97,8.97,57.34,67.51,67.76,67.78,67.79,0.36,50.48,25.78,294.0,2024-07-28 15:58:47.378554
00:13:A2:00:42:37:AD:AD,7.0,248.0,3.2844,53.0,0.0,100.0,3.94,4.17,4.17,4.17,26.64,31.37,31.49,31.49,31.5,0.41,50.6,25.87,281.0,2024-07-28 16:28:47.427963
00:13:A2:00:42:37:AD:AD,7.0,249.0,3.2844,53.0,0.0,100.0,5.54,6.04,6.2,6.27,36.91,43.81,44.18,44.24,44.25,0.51,50.63,25.95,272.0,2024-07-28 16:58:47.456818
00:13:A2:00:42:37:AD:AD,7.0,250.0,3.2844,53.0,0.0,100.0,5.05,5.66,5.92,6.05,33.3,39.81,40.31,40.39,40.41,0.51,50.69,26.09,304.0,2024-07-28 17:28:47.504065
00:13:A2:00:42:37:AD:AD,7.0,251.0,3.2844,53.0,0.0,100.0,5.76,6.6,7.02,7.22,37.61,45.23,45.96,46.09,46.12,0.47,50.71,26.24,272.0,2024-07-28 17:59:02.541225
00:13:A2:00:42:37:AD:AD,7.0,252.0,3.2844,53.0,0.0,100.0,5.57,8.87,11.33,12.56,29.67,40.58,44.04,44.71,44.86,0.91,50.65,26.4,273.0,2024-07-28 18:28:47.588336
00:13:A2:00:42:37:AD:AD,7.0,253.0,3.2844,53.0,0.0,100.0,5.37,8.78,11.34,12.62,27.96,38.8,42.39,43.09,43.25,0.94,50.61,26.5,253.0,2024-07-28 18:58:47.627852
00:13:A2:00:42:37:AD:AD,7.0,254.0,3.2844,53.0,0.0,100.0,4.73,6.01,6.84,7.26,29.24,36.34,37.6,37.83,37.89,0.68,50.55,26.61,284.0,2024-07-28 19:28:47.667287
00:13:A2:00:42:37:AD:AD,7.0,255.0,3.2844,53.0,0.0,100.0,3.87,4.68,5.17,5.41,24.56,30.03,30.8,30.94,30.97,0.61,50.57,26.68,287.0,2024-07-28 19:58:47.716095
00:13:A2:00:42:37:AD:AD,7.0,1.0,3.2844,53.0,0.0,100.0,3.51,4.22,4.64,4.85,22.36,27.29,27.96,28.08,28.1,0.64,50.68,26.62,279.0,2024-07-28 20:28:47.759100
00:13:A2:00:42:37:AD:AD,7.0,2.0,3.2844,53.0,0.0,100.0,4.27,4.81,5.04,5.16,28.09,33.62,34.07,34.14,34.16,0.53,50.9,26.52,308.0,2024-07-28 20:58:47.813966
00:13:A2:00:42:37:AD:AD,7.0,3.0,3.2844,53.0,0.0,100.0,6.71,7.1,7.1,7.1,45.38,53.42,53.62,53.64,53.65,0.46,51.2,26.42,305.0,2024-07-28 21:28:47.855958
00:13:A2:00:42:37:AD:AD,7.0,4.0,3.2844,53.0,0.0,100.0,5.07,5.37,5.37,5.37,34.3,40.38,40.54,40.55,40.55,0.42,51.5,26.34,290.0,2024-07-28 21:58:47.889629
00:13:A2:00:42:37:AD:AD,7.0,5.0,3.2844,53.0,0.0,100.0,6.19,6.62,6.68,6.71,41.67,49.19,49.46,49.49,49.5,0.48,51.8,26.24,278.0,2024-07-28 22:28:47.927653
00:13:A2:00:42:37:AD:AD,7.0,6.0,3.2844,53.0,0.0,100.0,5.71,6.03,6.03,6.03,38.56,45.39,45.57,45.58,45.59,0.39,52.2,26.18,290.0,2024-07-28 22:59:02.983708
00:13:A2:00:42:37:AD:AD,7.0,7.0,3.2844,53.0,0.0,100.0,6.73,7.12,7.12,7.12,45.5,53.56,53.77,53.78,53.79,0.39,52.15,26.12,282.0,2024-07-28 23:28:48.025327
00:13:A2:00:42:37:AD:AD,7.0,8.0,3.2844,53.0,0.0,100.0,3.74,5.37,6.55,7.14,21.43,27.93,29.62,29.94,30.01,0.84,52.32,26.1,295.0,2024-07-28 23:58:48.070444
00:13:A2:00:42:37:AD:AD,7.0,9.0,3.2844,53.0,0.0,100.0,4.38,5.11,5.5,5.7,28.32,34.25,34.91,35.02,35.05,0.6,52.44,26.04,268.0,2024-07-29 00:28:48.099711
00:13:A2:00:42:37:AD:AD,7.0,10.0,3.2844,53.0,0.0,100.0,3.81,4.42,4.74,4.9,24.75,29.87,30.41,30.51,30.53,0.56,52.57,25.99,293.0,2024-07-29 00:58:48.145783
00:13:A2:00:42:37:AD:AD,7.0,11.0,3.2844,53.0,0.0,100.0,2.57,2.72,2.72,2.72,17.4,20.48,20.56,20.57,20.57,0.39,52.63,25.99,273.0,2024-07-29 01:28:48.196612
00:13:A2:00:42:37:AD:AD,7.0,12.0,3.2844,53.0,0.0,100.0,4.97,5.53,5.76,5.88,32.81,39.15,39.61,39.69,39.71,0.54,52.69,25.94,284.0,2024-07-29 01:58:48.237531
00:13:A2:00:42:37:AD:AD,7.0,13.0,3.2844,53.0,0.0,100.0,4.15,5.46,6.35,6.8,25.15,31.65,32.97,33.22,33.27,0.69,52.74,25.93,289.0,2024-07-29 02:28:48.277681
00:13:A2:00:42:37:AD:AD,7.0,14.0,3.2844,53.0,0.0,100.0,4.59,4.86,4.86,4.86,31.06,36.57,36.71,36.72,36.72,0.39,52.76,25.92,282.0,2024-07-29 02:58:48.315069
00:13:A2:00:42:37:AD:AD,7.0,15.0,3.2844,53.0,0.0,100.0,2.11,2.55,2.8,2.93,13.47,16.44,16.85,16.92,16.94,0.61,52.79,25.9,301.0,2024-07-29 03:28:48.356327
00:13:A2:00:42:37:AD:AD,7.0,16.0,3.2844,53.0,0.0,100.0,5.83,7.13,7.93,8.33,36.79,45.14,46.39,46.62,46.67,0.66,52.86,25.85,290.0,2024-07-29 03:59:03.423472
00:13:A2:00:42:37:AD:AD,7.0,17.0,3.2844,53.0,0.0,100.0,4.13,5.55,6.52,7.01,24.79,31.41,32.84,33.11,33.17,0.61,52.77,25.88,299.0,2024-07-29 04:28:48.454170
00:13:A2:00:42:37:AD:AD,7.0,18.0,3.2844,53.0,0.0,100.0,5.88,6.85,7.38,7.64,38.05,45.99,46.87,47.03,47.06,0.59,52.79,25.85,309.0,2024-07-29 04:58:48.492784
00:13:A2:00:42:37:AD:AD,7.0,19.0,3.2844,53.0,0.0,100.0,2.03,2.35,2.51,2.6,13.2,15.92,16.2,16.25,16.26,0.52,52.8,25.86,306.0,2024-07-29 05:28:48.532741
00:13:A2:00:42:37:AD:AD,7.0,20.0,3.2844,53.0,0.0,100.0,1.76,2.29,2.65,2.82,10.79,13.51,14.04,14.14,14.16,0.55,52.79,25.85,324.0,2024-07-29 05:58:48.586528
00:13:A2:00:42:37:AD:AD,7.0,21.0,3.2844,53.0,0.0,100.0,3.09,3.98,4.57,4.86,18.97,23.69,24.57,24.74,24.78,0.63,52.77,25.84,301.0,2024-07-29 06:28:48.627704
00:13:A2:00:42:37:AD:AD,7.0,22.0,3.2844,53.0,0.0,100.0,3.64,5.51,6.89,7.58,20.1,26.83,28.78,29.16,29.25,0.83,52.69,25.84,288.0,2024-07-29 06:58:48.682251
00:13:A2:00:42:37:AD:AD,7.0,23.0,3.2844,53.0,0.0,100.0,5.53,5.85,5.85,5.85,37.41,44.04,44.2,44.22,44.22,0.41,52.57,25.86,313.0,2024-07-29 07:28:48.711517
00:13:A2:00:42:37:AD:AD,7.0,24.0,3.2844,53.0,0.0,100.0,3.21,3.39,3.39,3.39,21.7,25.55,25.64,25.65,25.65,0.45,52.23,25.89,310.0,2024-07-29 07:58:48.755075
00:13:A2:00:42:37:AD:AD,7.0,25.0,3.2844,53.0,0.0,100.0,3.58,3.79,3.79,3.79,24.21,28.5,28.6,28.61,28.62,0.43,51.87,25.89,316.0,2024-07-29 08:28:48.805219
00:13:A2:00:42:37:AD:AD,7.0,26.0,3.2844,53.0,0.0,100.0,1.67,1.76,1.76,1.76,11.28,13.28,13.33,13.33,13.34,0.4,51.61,25.91,346.0,2024-07-29 08:59:03.851722
00:13:A2:00:42:37:AD:AD,7.0,27.0,3.2844,53.0,0.0,100.0,3.22,3.66,3.87,3.97,21.07,25.28,25.66,25.73,25.74,0.47,51.41,25.95,358.0,2024-07-29 09:28:48.886005
00:13:A2:00:42:37:AD:AD,7.0,28.0,3.2844,53.0,0.0,100.0,2.2,2.53,2.7,2.79,14.35,17.28,17.58,17.63,17.64,0.52,51.18,25.96,332.0,2024-07-29 09:58:48.928648
00:13:A2:00:42:37:AD:AD,7.0,29.0,3.2844,53.0,0.0,100.0,4.35,4.82,5.0,5.09,28.83,34.35,34.72,34.78,34.8,0.5,51.09,25.98,333.0,2024-07-29 10:28:48.974354
00:13:A2:00:42:37:AD:AD,7.0,30.0,3.2844,53.0,0.0,100.0,2.69,3.27,3.62,3.79,17.1,20.92,21.47,21.57,21.59,0.65,50.96,26.0,358.0,2024-07-29 10:58:49.010223
00:13:A2:00:42:37:AD:AD,7.0,31.0,3.2844,53.0,0.0,100.0,5.51,6.44,6.95,7.21,35.56,43.03,43.89,44.03,44.07,0.57,50.88,26.02,320.0,2024-07-29 11:28:49.051924
00:13:A2:00:42:37:AD:AD,7.0,32.0,3.2844,53.0,0.0,100.0,7.85,8.31,8.31,8.31,53.08,62.48,62.72,62.74,62.75,0.41,50.82,26.03,332.0,2024-07-29 11:58:49.127139
00:13:A2:00:42:37:AD:AD,7.0,33.0,3.2844,53.0,0.0,100.0,4.33,4.58,4.58,4.58,29.26,34.45,34.58,34.59,34.6,0.4,50.66,26.03,325.0,2024-07-29 12:28:49.141550
00:13:A2:00:42:37:AD:AD,7.0,34.0,3.2844,53.0,0.0,100.0,3.78,4.67,5.22,5.5,23.75,29.23,30.08,30.24,30.28,0.66,50.57,26.05,323.0,2024-07-29 12:58:49.201222
00:13:A2:00:42:37:AD:AD,7.0,35.0,3.2844,53.0,0.0,100.0,3.48,4.2,4.62,4.83,22.17,27.08,27.75,27.87,27.9,0.61,50.46,26.07,323.0,2024-07-29 13:28:49.225891
00:13:A2:00:42:37:AD:AD,7.0,36.0,3.2844,53.0,0.0,100.0,3.44,4.46,5.13,5.47,21.1,26.38,27.39,27.58,27.62,0.72,50.43,26.08,313.0,2024-07-29 13:59:04.264823
00:13:A2:00:42:37:AD:AD,7.0,37.0,3.2844,53.0,0.0,100.0,4.28,4.69,4.84,4.91,28.45,33.81,34.13,34.18,34.2,0.57,50.34,26.13,340.0,2024-07-29 14:28:49.328804
00:13:A2:00:42:37:AD:AD,7.0,38.0,3.2844,53.0,0.0,100.0,2.09,2.32,2.42,2.47,13.81,16.48,16.67,16.7,16.71,0.49,50.37,26.14,300.0,2024-07-29 14:58:49.353706
00:13:A2:00:42:37:AD:AD,7.0,39.0,3.2844,53.0,0.0,100.0,2.61,2.78,2.8,2.8,17.63,20.79,20.89,20.9,20.91,0.47,50.33,26.18,311.0,2024-07-29 15:28:49.400059
00:13:A2:00:42:37:AD:AD,7.0,40.0,3.2844,53.0,0.0,100.0,1.5,1.89,2.14,2.26,9.39,11.62,12.0,12.07,12.08,0.5,50.28,26.21,293.0,2024-07-29 15:58:49.460643
00:13:A2:00:42:37:AD:AD,7.0,41.0,3.2844,53.0,0.0,100.0,2.33,3.11,3.65,3.91,14.04,17.75,18.54,18.68,18.72,0.75,50.26,26.28,317.0,2024-07-29 16:28:49.488495
00:13:A2:00:42:37:AD:AD,7.0,42.0,3.2844,53.0,0.0,100.0,3.56,4.27,4.68,4.89,22.73,27.71,28.37,28.49,28.52,0.56,50.18,26.36,295.0,2024-07-29 16:58:49.531637
00:13:A2:00:42:37:AD:AD,7.0,43.0,3.2844,53.0,0.0,100.0,4.1,4.59,4.79,4.9,27.04,32.31,32.72,32.78,32.8,0.51,50.11,26.45,316.0,2024-07-29 17:28:49.589507
00:13:A2:00:42:37:AD:AD,7.0,44.0,3.2844,53.0,0.0,100.0,3.73,4.05,4.14,4.18,24.93,29.55,29.78,29.81,29.82,0.49,50.09,26.58,304.0,2024-07-29 17:58:49.612525
00:13:A2:00:42:37:AD:AD,7.0,45.0,3.2844,53.0,0.0,100.0,2.41,2.55,2.55,2.55,16.3,19.18,19.26,19.26,19.27,0.41,50.07,26.71,285.0,2024-07-29 18:28:49.669731
00:13:A2:00:42:37:AD:AD,7.0,46.0,3.2844,53.0,0.0,100.0,1.65,1.87,1.97,2.02,10.83,12.99,13.17,13.2,13.21,0.47,50.01,26.87,290.0,2024-07-29 18:59:04.712476
00:13:A2:00:42:37:AD:AD,7.0,47.0,3.2844,53.0,0.0,100.0,2.43,3.71,4.66,5.13,13.35,17.89,19.23,19.49,19.55,0.93,49.9,27.01,284.0,2024-07-29 19:28:50.055230
00:13:A2:00:42:37:AD:AD,7.0,48.0,3.2844,53.0,0.0,100.0,2.55,2.96,3.19,3.3,16.51,19.94,20.32,20.38,20.4,0.54,49.72,27.21,285.0,2024-07-29 19:58:49.787252
00:13:A2:00:42:37:AD:AD,7.0,49.0,3.2844,53.0,0.0,100.0,2.38,3.24,3.83,4.13,14.14,18.02,18.89,19.06,19.09,0.77,49.67,27.12,300.0,2024-07-29 20:28:49.838709
00:13:A2:00:42:37:AD:AD,7.0,50.0,3.2844,53.0,0.0,100.0,3.62,4.96,5.9,6.37,21.41,27.37,28.73,28.99,29.05,0.69,49.94,26.93,272.0,2024-07-29 20:58:49.886077
00:13:A2:00:42:37:AD:AD,7.0,51.0,3.2844,53.0,0.0,100.0,2.17,2.7,3.04,3.21,13.55,16.73,17.26,17.35,17.37,0.65,50.26,26.73,283.0,2024-07-29 21:28:49.915652
00:13:A2:00:42:37:AD:AD,7.0,52.0,3.2844,53.0,0.0,100.0,3.54,4.47,5.06,5.36,22.02,27.29,28.2,28.36,28.4,0.55,50.57,26.56,281.0,2024-07-29 21:58:49.966805
00:13:A2:00:42:37:AD:AD,7.0,71.0,3.2844,53.0,0.0,100.0,0.57,1.21,1.71,1.96,2.22,3.77,4.46,4.6,4.62,1.02,52.5,25.83,284.0,2024-07-30 07:28:50.771146
00:13:A2:00:42:37:AD:AD,7.0,72.0,3.2844,53.0,0.0,100.0,0.61,0.85,1.02,1.11,3.55,4.58,4.83,4.88,4.89,0.58,52.27,25.81,306.0,2024-07-30 07:58:50.824083
00:13:A2:00:42:37:AD:AD,7.0,73.0,3.2844,53.0,0.0,100.0,1.2,1.26,1.26,1.26,8.1,9.54,9.57,9.57,9.58,0.37,52.07,25.84,284.0,2024-07-30 08:28:50.866264
00:13:A2:00:42:37:AD:AD,7.0,74.0,3.2844,53.0,0.0,100.0,0.42,2.04,3.36,4.02,0.0,1.39,3.16,3.52,3.59,1.62,51.87,25.84,287.0,2024-07-30 08:58:50.911943
00:13:A2:00:42:37:AD:AD,7.0,75.0,3.2844,53.0,0.0,100.0,0.56,1.13,1.57,1.79,2.36,3.8,4.4,4.52,4.55,0.67,51.72,25.88,268.0,2024-07-30 09:28:50.960629
00:13:A2:00:42:37:AD:AD,7.0,76.0,3.2844,53.0,0.0,100.0,1.1,1.16,1.16,1.16,7.43,8.75,8.78,8.78,8.78,0.38,51.62,25.89,283.0,2024-07-30 09:59:05.991376
00:13:A2:00:42:37:AD:AD,7.0,77.0,3.2844,53.0,0.0,100.0,0.57,1.2,1.68,1.93,2.31,3.84,4.51,4.64,4.67,1.05,51.53,25.89,284.0,2024-07-30 10:28:51.047504
00:13:A2:00:42:37:AD:AD,7.0,78.0,3.2844,53.0,0.0,100.0,1.15,1.95,2.56,2.86,5.81,8.24,9.08,9.25,9.29,0.65,51.53,25.9,332.0,2024-07-30 10:58:51.081347
00:13:A2:00:42:37:AD:AD,7.0,79.0,3.2844,53.0,0.0,100.0,1.64,2.91,3.88,4.36,7.96,11.59,12.94,13.2,13.26,0.65,51.47,25.92,284.0,2024-07-30 11:28:51.118801
00:13:A2:00:42:37:AD:AD,7.0,80.0,3.2844,53.0,0.0,100.0,2.7,5.63,7.92,9.06,10.81,17.99,21.13,21.75,21.89,1.2,51.44,25.93,301.0,2024-07-30 11:58:51.173636
00:13:A2:00:42:37:AD:AD,7.0,81.0,3.2844,53.0,0.0,100.0,0.64,1.47,2.12,2.45,2.2,4.1,5.0,5.18,5.21,1.07,51.41,25.96,291.0,2024-07-30 12:28:51.208014
00:13:A2:00:42:37:AD:AD,7.0,82.0,3.2844,53.0,0.0,100.0,5.1,6.68,7.74,8.27,31.06,39.0,40.57,40.86,40.93,0.73,51.42,26.01,287.0,2024-07-30 12:58:51.250859
00:13:A2:00:42:37:AD:AD,7.0,83.0,3.2844,53.0,0.0,100.0,1.29,1.37,1.37,1.37,8.76,10.31,10.35,10.35,10.36,0.36,51.37,26.03,302.0,2024-07-30 13:28:51.300490
00:13:A2:00:42:37:AD:AD,7.0,84.0,3.2844,53.0,0.0,100.0,2.49,3.14,3.56,3.77,15.45,19.16,19.8,19.92,19.94,0.65,51.32,26.06,279.0,2024-07-30 13:58:51.336343
00:13:A2:00:42:37:AD:AD,7.0,86.0,3.2844,53.0,0.0,100.0,1.76,1.97,2.05,2.1,11.62,13.89,14.06,14.08,14.09,0.5,51.28,26.11,294.0,2024-07-30 14:59:06.425420
00:13:A2:00:42:37:AD:AD,7.0,87.0,3.2844,53.0,0.0,100.0,4.32,5.42,6.12,6.47,26.92,33.31,34.38,34.58,34.62,0.58,51.23,26.16,275.0,2024-07-30 15:28:51.471857
00:13:A2:00:42:37:AD:AD,7.0,88.0,3.2844,53.0,0.0,100.0,4.07,4.3,4.3,4.3,27.51,32.39,32.51,32.52,32.53,0.45,51.25,26.14,266.0,2024-07-30 15:58:51.518168
00:13:A2:00:42:37:AD:AD,7.0,89.0,3.2844,53.0,0.0,100.0,6.97,8.42,9.29,9.72,44.27,54.11,55.48,55.73,55.79,0.67,51.33,26.18,281.0,2024-07-30 16:28:51.566418
00:13:A2:00:42:37:AD:AD,7.0,90.0,3.2844,53.0,0.0,100.0,4.49,4.94,5.11,5.19,29.82,35.48,35.83,35.88,35.9,0.53,51.26,26.19,275.0,2024-07-30 16:58:51.593006
00:13:A2:00:42:37:AD:AD,7.0,91.0,3.2844,53.0,0.0,100.0,6.52,7.48,7.97,8.21,42.52,51.17,52.01,52.15,52.19,0.64,51.11,26.28,268.0,2024-07-30 17:28:51.651105
00:13:A2:00:42:37:AD:AD,7.0,92.0,3.2844,53.0,0.0,100.0,7.86,9.06,9.68,9.98,51.09,61.57,62.63,62.81,62.86,0.47,50.93,26.37,278.0,2024-07-30 17:58:51.691872
00:13:A2:00:42:37:AD:AD,7.0,93.0,3.2844,53.0,0.0,100.0,6.7,7.29,7.46,7.55,44.73,53.05,53.49,53.55,53.57,0.52,50.77,26.51,278.0,2024-07-30 18:28:51.729418
00:13:A2:00:42:37:AD:AD,7.0,94.0,3.2844,53.0,0.0,100.0,9.88,11.96,13.21,13.83,62.72,76.7,78.67,79.02,79.11,0.66,50.65,26.59,263.0,2024-07-30 18:58:51.781580
00:13:A2:00:42:37:AD:AD,7.0,95.0,3.2844,53.0,0.0,100.0,6.96,7.44,7.51,7.54,46.8,55.25,55.55,55.58,55.6,0.5,50.57,26.62,241.0,2024-07-30 19:28:51.822032
00:13:A2:00:42:37:AD:AD,7.0,96.0,3.2844,53.0,0.0,100.0,9.15,10.76,11.65,12.1,58.95,71.45,72.92,73.18,73.25,0.59,50.61,26.65,257.0,2024-07-30 19:59:06.854574
00:13:A2:00:42:37:AD:AD,7.0,97.0,3.2844,53.0,0.0,100.0,7.08,8.99,10.23,10.85,43.83,54.45,56.32,56.67,56.75,0.64,50.71,26.59,248.0,2024-07-30 20:28:51.899912
00:13:A2:00:42:37:AD:AD,7.0,98.0,3.2844,53.0,0.0,100.0,10.41,11.51,11.92,12.13,68.97,82.14,83.01,83.15,83.18,0.53,50.94,26.48,268.0,2024-07-30 20:58:51.954997
00:13:A2:00:42:37:AD:AD,7.0,99.0,3.2844,53.0,0.0,100.0,8.37,11.53,13.75,14.85,49.38,63.21,66.43,67.04,67.18,0.84,51.22,26.37,273.0,2024-07-30 21:28:51.987762
00:13:A2:00:42:37:AD:AD,7.0,100.0,3.2844,53.0,0.0,100.0,9.01,10.58,11.45,11.89,58.07,70.36,71.8,72.05,72.11,0.6,51.5,26.24,254.0,2024-07-30 21:58:52.020833
00:13:A2:00:42:37:AD:AD,7.0,119.0,3.2844,53.0,0.0,100.0,4.49,4.87,4.98,5.03,30.03,35.59,35.86,35.9,35.91,0.48,53.73,25.77,286.0,2024-07-31 07:28:52.856629
00:13:A2:00:42:37:AD:AD,7.0,120.0,3.2844,53.0,0.0,100.0,3.79,4.29,4.51,4.63,24.91,29.85,30.27,30.34,30.36,0.55,53.55,25.77,293.0,2024-07-31 07:58:52.903618
00:13:A2:00:42:37:AD:AD,7.0,121.0,3.2844,53.0,0.0,100.0,3.83,4.06,4.06,4.06,25.93,30.52,30.64,30.65,30.65,0.46,53.39,25.81,291.0,2024-07-31 08:28:52.942929
00:13:A2:00:42:37:AD:AD,7.0,122.0,3.2844,53.0,0.0,100.0,4.27,5.97,7.18,7.78,24.93,32.12,33.86,34.2,34.27,0.85,53.3,25.83,306.0,2024-07-31 08:58:52.987605
00:13:A2:00:42:37:AD:AD,7.0,123.0,3.2844,53.0,0.0,100.0,2.39,3.1,3.58,3.82,14.58,18.27,18.98,19.12,19.15,0.69,53.15,25.84,307.0,2024-07-31 09:28:53.026970
00:13:A2:00:42:37:AD:AD,7.0,124.0,3.2844,53.0,0.0,100.0,3.52,5.84,7.59,8.47,18.09,25.33,27.78,28.25,28.36,0.95,52.97,25.88,305.0,2024-07-31 09:58:53.071194
00:13:A2:00:42:37:AD:AD,7.0,125.0,3.2844,53.0,0.0,100.0,1.88,3.03,3.9,4.33,9.89,13.63,14.85,15.09,15.14,0.89,52.83,25.92,299.0,2024-07-31 10:28:53.117971
00:13:A2:00:42:37:AD:AD,7.0,126.0,3.2844,53.0,0.0,100.0,7.58,8.9,9.63,9.99,48.87,59.2,60.41,60.62,60.67,0.47,52.68,25.95,309.0,2024-07-31 10:59:08.162006
00:13:A2:00:42:37:AD:AD,7.0,127.0,3.2844,53.0,0.0,100.0,5.08,6.06,6.63,6.92,32.48,39.54,40.46,40.62,40.66,0.66,52.57,25.99,295.0,2024-07-31 11:28:53.201592
00:13:A2:00:42:37:AD:AD,7.0,128.0,3.2844,53.0,0.0,100.0,6.05,6.82,7.16,7.33,39.8,47.65,48.29,48.39,48.42,0.55,52.53,26.02,317.0,2024-07-31 11:58:53.240636
00:13:A2:00:42:37:AD:AD,7.0,129.0,3.2844,53.0,0.0,100.0,3.73,4.98,5.83,6.26,22.48,28.42,29.68,29.91,29.97,0.72,52.5,26.03,293.0,2024-07-31 12:28:53.286235
00:13:A2:00:42:37:AD:AD,7.0,130.0,3.2844,53.0,0.0,100.0,3.2,3.39,3.39,3.39,21.65,25.49,25.58,25.59,25.6,0.46,52.42,26.03,289.0,2024-07-31 12:58:53.326361
00:13:A2:00:42:37:AD:AD,7.0,131.0,3.2844,53.0,0.0,100.0,5.63,5.95,5.95,5.95,38.02,44.76,44.93,44.94,44.95,0.43,52.41,26.03,296.0,2024-07-31 13:28:53.371519
00:13:A2:00:42:37:AD:AD,7.0,132.0,3.2844,53.0,0.0,100.0,3.86,4.08,4.08,4.08,26.09,30.72,30.84,30.84,30.85,0.46,52.42,26.02,287.0,2024-07-31 13:58:53.414816
00:13:A2:00:42:37:AD:AD,7.0,133.0,3.2844,53.0,0.0,100.0,2.6,2.75,2.75,2.75,17.57,20.68,20.76,20.77,20.77,0.41,52.37,26.03,314.0,2024-07-31 14:28:53.383667
00:13:A2:00:42:37:AD:AD,7.0,134.0,3.2844,53.0,0.0,100.0,5.39,5.7,5.7,5.7,36.42,42.88,43.04,43.05,43.06,0.39,52.32,26.04,301.0,2024-07-31 14:58:53.493685
00:13:A2:00:42:37:AD:AD,7.0,135.0,3.2844,53.0,0.0,100.0,5.27,6.63,7.5,7.94,32.79,40.61,41.94,42.18,42.24,0.49,52.32,26.04,302.0,2024-07-31 15:28:53.536902
00:13:A2:00:42:37:AD:AD,7.0,136.0,3.2844,53.0,0.0,100.0,3.9,4.12,4.12,4.12,26.37,31.04,31.16,31.17,31.17,0.46,52.33,26.04,316.0,2024-07-31 15:59:08.577758
00:13:A2:00:42:37:AD:AD,7.0,137.0,3.2844,53.0,0.0,100.0,1.35,1.6,1.75,1.82,8.64,10.51,10.75,10.79,10.8,0.55,52.32,26.05,305.0,2024-07-31 16:28:53.617050
00:13:A2:00:42:37:AD:AD,7.0,138.0,3.2844,53.0,0.0,100.0,4.65,6.84,8.44,9.23,26.26,34.57,36.84,37.28,37.38,0.87,52.43,26.01,284.0,2024-07-31 16:58:53.668395
00:13:A2:00:42:37:AD:AD,7.0,139.0,3.2844,53.0,0.0,100.0,1.98,2.31,2.49,2.58,12.81,15.5,15.8,15.85,15.87,0.5,52.48,25.95,307.0,2024-07-31 17:28:53.701470
00:13:A2:00:42:37:AD:AD,7.0,140.0,3.2844,53.0,0.0,100.0,4.23,5.66,6.63,7.12,25.45,32.2,33.63,33.9,33.96,0.75,52.65,25.9,299.0,2024-07-31 17:58:53.746995
00:13:A2:00:42:37:AD:AD,7.0,141.0,3.2844,53.0,0.0,100.0,1.46,1.54,1.54,1.54,9.87,11.62,11.66,11.66,11.67,0.45,52.87,25.83,307.0,2024-07-31 18:28:53.798540
00:13:A2:00:42:37:AD:AD,7.0,142.0,3.2844,53.0,0.0,100.0,1.84,1.95,1.95,1.95,12.48,14.69,14.75,14.75,14.76,0.44,53.12,25.78,290.0,2024-07-31 18:58:53.845531
00:13:A2:00:42:37:AD:AD,7.0,143.0,3.2844,53.0,0.0,100.0,3.25,3.75,4.0,4.13,21.12,25.46,25.9,25.98,26.0,0.56,53.54,25.76,283.0,2024-07-31 19:28:53.880224
00:13:A2:00:42:37:AD:AD,7.0,144.0,3.2844,53.0,0.0,100.0,3.76,4.26,4.5,4.62,24.65,29.57,30.0,30.07,30.09,0.53,53.93,25.72,276.0,2024-07-31 19:58:53.926635
00:13:A2:00:42:37:AD:AD,7.0,145.0,3.2844,53.0,0.0,100.0,4.26,4.95,5.32,5.5,27.6,33.34,33.96,34.07,34.09,0.49,54.22,25.67,272.0,2024-07-31 20:28:53.959504
00:13:A2:00:42:37:AD:AD,7.0,146.0,3.2844,53.0,0.0,100.0,6.34,8.87,10.65,11.54,37.04,47.71,50.29,50.78,50.89,0.78,55.34,25.64,295.0,2024-07-31 20:59:09.011886
00:13:A2:00:42:37:AD:AD,7.0,147.0,3.2844,53.0,0.0,100.0,2.94,5.9,8.21,9.36,12.38,19.88,23.05,23.68,23.82,1.08,55.28,25.62,295.0,2024-07-31 21:28:54.055061
00:13:A2:00:42:37:AD:AD,7.0,148.0,3.2844,53.0,0.0,100.0,4.7,5.39,5.74,5.92,30.64,36.88,37.48,37.59,37.61,0.57,55.38,25.6,293.0,2024-07-31 21:58:54.075433
00:13:A2:00:42:37:AD:AD,7.0,167.0,3.2844,53.0,0.0,100.0,1.68,2.16,2.47,2.63,10.38,12.94,13.41,13.5,13.52,0.67,57.77,25.53,300.0,2024-08-01 07:28:54.915875
00:13:A2:00:42:37:AD:AD,7.0,168.0,3.2844,53.0,0.0,100.0,2.61,2.76,2.76,2.76,17.64,20.77,20.85,20.85,20.86,0.35,57.66,25.56,300.0,2024-08-01 07:58:54.973705
00:13:A2:00:42:37:AD:AD,7.0,169.0,3.2844,53.0,0.0,100.0,3.02,4.09,4.82,5.19,18.07,22.96,24.03,24.23,24.28,0.71,57.42,25.56,312.0,2024-08-01 08:28:55.017791
00:13:A2:00:42:37:AD:AD,7.0,170.0,3.2844,53.0,0.0,100.0,2.9,3.07,3.07,3.07,19.61,23.08,23.17,23.18,23.18,0.39,57.44,25.59,306.0,2024-08-01 08:58:55.059558
00:13:A2:00:42:37:AD:AD,7.0,171.0,3.2844,53.0,0.0,100.0,2.69,4.12,5.17,5.69,14.78,19.82,21.31,21.59,21.66,0.76,57.61,25.63,308.0,2024-08-01 09:28:55.102047
00:13:A2:00:42:37:AD:AD,7.0,172.0,3.2844,53.0,0.0,100.0,1.67,1.97,2.14,2.22,10.72,13.01,13.29,13.34,13.35,0.62,57.7,25.65,308.0,2024-08-01 09:58:55.138631
00:13:A2:00:42:37:AD:AD,7.0,173.0,3.2844,53.0,0.0,100.0,4.81,5.86,6.5,6.82,30.44,37.31,38.31,38.49,38.53,0.58,58.02,25.66,297.0,2024-08-01 10:28:55.181709
00:13:A2:00:42:37:AD:AD,7.0,174.0,3.2844,53.0,0.0,100.0,3.77,4.45,4.83,5.02,24.25,29.43,30.06,30.17,30.19,0.6,58.31,25.69,313.0,2024-08-01 10:58:55.225283
00:13:A2:00:42:37:AD:AD,7.0,175.0,3.2844,53.0,0.0,100.0,4.38,5.03,5.36,5.53,28.5,34.32,34.9,35.0,35.02,0.64,58.3,25.74,318.0,2024-08-01 11:28:55.273539
00:13:A2:00:42:37:AD:AD,7.0,176.0,3.2844,53.0,0.0,100.0,4.27,4.52,4.52,4.52,28.9,34.02,34.15,34.16,34.17,0.4,58.2,25.76,280.0,2024-08-01 11:59:10.308790
00:13:A2:00:42:37:AD:AD,7.0,177.0,3.2844,53.0,0.0,100.0,3.93,4.94,5.59,5.92,24.42,30.25,31.24,31.43,31.47,0.72,57.97,25.79,296.0,2024-08-01 12:28:55.363947
00:13:A2:00:42:37:AD:AD,7.0,178.0,3.2844,53.0,0.0,100.0,7.42,10.36,12.44,13.48,43.41,55.88,58.88,59.45,59.58,0.83,57.88,25.8,299.0,2024-08-01 12:58:55.407821
00:13:A2:00:42:37:AD:AD,7.0,179.0,3.2844,53.0,0.0,100.0,3.08,3.55,3.79,3.9,20.05,24.15,24.56,24.63,24.65,0.52,57.75,25.84,321.0,2024-08-01 13:28:55.455273
00:13:A2:00:42:37:AD:AD,7.0,180.0,3.2844,53.0,0.0,100.0,4.59,5.31,5.69,5.87,29.82,35.97,36.61,36.72,36.75,0.62,57.61,25.87,295.0,2024-08-01 13:58:55.495740
00:13:A2:00:42:37:AD:AD,7.0,181.0,3.2844,53.0,0.0,100.0,6.54,8.28,9.4,9.97,40.51,50.28,51.99,52.3,52.38,0.73,57.5,25.9,292.0,2024-08-01 14:28:55.522828
00:13:A2:00:42:37:AD:AD,7.0,182.0,3.2844,53.0,0.0,100.0,4.43,6.16,7.37,7.97,26.01,33.41,35.17,35.5,35.58,0.81,57.36,25.91,317.0,2024-08-01 14:58:55.587523
00:13:A2:00:42:37:AD:AD,7.0,183.0,3.2844,53.0,0.0,100.0,6.77,7.49,7.77,7.91,44.82,53.41,53.99,54.08,54.1,0.56,57.29,25.93,308.0,2024-08-01 15:28:55.625400
00:13:A2:00:42:37:AD:AD,7.0,184.0,3.2844,53.0,0.0,100.0,6.76,7.15,7.15,7.15,45.7,53.8,54.01,54.02,54.03,0.44,57.19,25.95,292.0,2024-08-01 15:58:55.670311
00:13:A2:00:42:37:AD:AD,7.0,185.0,3.2844,53.0,0.0,100.0,5.22,5.9,6.21,6.37,34.27,41.07,41.64,41.74,41.77,0.56,57.1,25.99,286.0,2024-08-01 16:28:55.715024
00:13:A2:00:42:37:AD:AD,7.0,186.0,3.2844,53.0,0.0,100.0,7.07,10.56,13.11,14.38,39.46,52.31,55.93,56.63,56.79,0.85,56.96,26.04,297.0,2024-08-01 16:59:10.750283
00:13:A2:00:42:37:AD:AD,7.0,187.0,3.2844,53.0,0.0,100.0,6.31,7.4,8.0,8.3,40.72,49.31,50.31,50.48,50.53,0.61,56.74,26.11,309.0,2024-08-01 17:28:55.798768
00:13:A2:00:42:37:AD:AD,7.0,188.0,3.2844,53.0,0.0,100.0,13.4,17.48,20.21,21.57,81.68,102.42,106.48,107.24,107.41,0.74,56.66,26.23,297.0,2024-08-01 17:58:55.837660
00:13:A2:00:42:37:AD:AD,7.0,189.0,3.2844,53.0,0.0,100.0,5.32,6.06,6.42,6.6,34.79,41.78,42.43,42.54,42.56,0.52,56.55,26.3,278.0,2024-08-01 18:28:55.895381
00:13:A2:00:42:37:AD:AD,7.0,190.0,3.2844,53.0,0.0,100.0,8.87,10.22,10.92,11.27,57.63,69.45,70.66,70.86,70.91,0.57,56.56,26.34,274.0,2024-08-01 18:58:55.915649
00:13:A2:00:42:37:AD:AD,7.0,191.0,3.2844,53.0,0.0,100.0,9.1,11.2,12.5,13.14,57.25,70.38,72.4,72.77,72.85,0.67,56.66,26.38,290.0,2024-08-01 19:28:55.960212
00:13:A2:00:42:37:AD:AD,7.0,192.0,3.2844,53.0,0.0,100.0,7.1,7.51,7.51,7.51,47.97,56.47,56.68,56.7,56.71,0.44,56.63,26.43,286.0,2024-08-01 19:58:56.012420
00:13:A2:00:42:37:AD:AD,7.0,193.0,3.2844,53.0,0.0,100.0,7.2,7.98,8.28,8.43,47.64,56.78,57.4,57.5,57.53,0.53,56.76,26.37,283.0,2024-08-01 20:28:56.051624
00:13:A2:00:42:37:AD:AD,7.0,194.0,3.2844,53.0,0.0,100.0,10.28,10.87,10.87,10.87,69.46,81.77,82.08,82.1,82.11,0.46,56.97,26.27,284.0,2024-08-01 20:58:56.092884
00:13:A2:00:42:37:AD:AD,7.0,195.0,3.2844,53.0,0.0,100.0,8.46,9.49,9.94,10.16,55.7,66.61,67.46,67.6,67.64,0.5,57.17,26.18,307.0,2024-08-01 21:28:56.145146
00:13:A2:00:42:37:AD:AD,7.0,196.0,3.2844,53.0,0.0,100.0,14.78,16.28,16.82,17.09,98.06,116.68,117.85,118.03,118.08,0.55,57.53,26.07,297.0,2024-08-01 21:59:11.174319
00:13:A2:00:42:37:AD:AD,7.0,215.0,3.2844,53.0,0.0,100.0,3.25,3.44,3.44,3.44,21.97,25.87,25.97,25.97,25.98,0.45,58.08,25.73,320.0,2024-08-02 07:28:56.993157
00:13:A2:00:42:37:AD:AD,7.0,216.0,3.2844,53.0,0.0,100.0,2.52,2.66,2.66,2.66,17.04,20.06,20.14,20.14,20.15,0.36,57.82,25.72,323.0,2024-08-02 07:59:12.049924
00:13:A2:00:42:37:AD:AD,7.0,217.0,3.2844,53.0,0.0,100.0,3.81,4.03,4.03,4.03,25.77,30.34,30.46,30.47,30.47,0.44,57.54,25.74,337.0,2024-08-02 08:28:57.091305
00:13:A2:00:42:37:AD:AD,7.0,218.0,3.2844,53.0,0.0,100.0,4.94,5.74,6.17,6.39,32.01,38.67,39.39,39.51,39.55,0.59,57.39,25.75,328.0,2024-08-02 08:58:57.133054
00:13:A2:00:42:37:AD:AD,7.0,219.0,3.2844,53.0,0.0,100.0,2.18,2.3,2.3,2.3,14.74,17.35,17.42,17.42,17.43,0.45,57.22,25.8,350.0,2024-08-02 09:28:57.179404
00:13:A2:00:42:37:AD:AD,7.0,220.0,3.2844,53.0,0.0,100.0,2.03,2.48,2.75,2.88,12.86,15.76,16.19,16.27,16.29,0.49,57.1,25.79,334.0,2024-08-02 09:58:57.211009
00:13:A2:00:42:37:AD:AD,7.0,221.0,3.2844,53.0,0.0,100.0,3.06,3.49,3.71,3.81,19.97,24.0,24.38,24.45,24.46,0.59,56.96,25.85,319.0,2024-08-02 10:28:57.264822
00:13:A2:00:42:37:AD:AD,7.0,222.0,3.2844,53.0,0.0,100.0,3.88,4.29,4.44,4.52,25.71,30.63,30.95,31.0,31.02,0.49,56.85,25.85,331.0,2024-08-02 10:58:57.303199
00:13:A2:00:42:37:AD:AD,7.0,223.0,3.2844,53.0,0.0,100.0,2.85,3.81,4.47,4.8,17.15,21.7,22.67,22.85,22.89,0.78,56.8,25.89,329.0,2024-08-02 11:28:57.347279
00:13:A2:00:42:37:AD:AD,7.0,224.0,3.2844,53.0,0.0,100.0,3.42,3.87,4.08,4.19,22.46,26.92,27.31,27.37,27.39,0.59,56.73,25.91,342.0,2024-08-02 11:58:57.395942
00:13:A2:00:42:37:AD:AD,7.0,225.0,3.2844,53.0,0.0,100.0,8.96,11.03,12.33,12.97,56.31,69.26,71.26,71.63,71.71,0.65,56.65,25.97,335.0,2024-08-02 12:28:57.447650
00:13:A2:00:42:37:AD:AD,7.0,226.0,3.2844,53.0,0.0,100.0,5.11,5.91,6.32,6.53,33.19,40.03,40.74,40.86,40.89,0.57,56.58,25.99,350.0,2024-08-02 12:59:12.479182
00:13:A2:00:42:37:AD:AD,7.0,227.0,3.2844,53.0,0.0,100.0,7.37,8.16,8.47,8.62,48.83,58.18,58.81,58.9,58.93,0.47,56.44,26.02,335.0,2024-08-02 13:28:57.526666
00:13:A2:00:42:37:AD:AD,7.0,228.0,3.2844,53.0,0.0,100.0,9.13,10.66,11.49,11.91,58.99,71.35,72.74,72.98,73.04,0.65,56.4,26.05,334.0,2024-08-02 13:58:57.566677
00:13:A2:00:42:37:AD:AD,7.0,229.0,3.2844,53.0,0.0,100.0,10.38,12.47,13.7,14.32,66.15,80.71,82.67,83.02,83.11,0.66,56.3,26.07,324.0,2024-08-02 14:28:57.612140
00:13:A2:00:42:37:AD:AD,7.0,230.0,3.2844,53.0,0.0,100.0,9.12,10.31,10.86,11.13,59.84,71.71,72.72,72.89,72.93,0.58,56.24,26.09,297.0,2024-08-02 14:58:57.646322
00:13:A2:00:42:37:AD:AD,7.0,231.0,3.2844,53.0,0.0,100.0,7.98,10.21,11.68,12.41,49.14,61.22,63.42,63.83,63.92,0.75,56.16,26.12,299.0,2024-08-02 15:28:57.691438
00:13:A2:00:42:37:AD:AD,7.0,232.0,3.2844,53.0,0.0,100.0,10.43,11.64,12.15,12.4,68.86,82.22,83.21,83.36,83.41,0.48,56.08,26.18,297.0,2024-08-02 15:58:57.734305
00:13:A2:00:42:37:AD:AD,7.0,233.0,3.2844,53.0,0.0,100.0,7.25,7.66,7.66,7.66,48.96,57.64,57.86,57.88,57.89,0.42,56.02,26.22,287.0,2024-08-02 16:28:57.787911
00:13:A2:00:42:37:AD:AD,7.0,234.0,3.2844,53.0,0.0,100.0,10.45,11.74,12.31,12.59,68.79,82.29,83.36,83.54,83.58,0.52,55.91,26.24,284.0,2024-08-02 16:58:57.827225
00:13:A2:00:42:37:AD:AD,7.0,235.0,3.2844,53.0,0.0,100.0,15.6,22.28,27.07,29.45,89.81,116.71,123.59,124.9,125.2,0.86,55.9,26.35,306.0,2024-08-02 17:28:57.861821
00:13:A2:00:42:37:AD:AD,7.0,236.0,3.2844,53.0,0.0,100.0,12.53,14.65,15.81,16.39,80.85,97.85,99.78,100.12,100.2,0.65,55.8,26.41,298.0,2024-08-02 17:59:12.911783
00:13:A2:00:42:37:AD:AD,7.0,237.0,3.2844,53.0,0.0,100.0,8.45,8.94,8.94,8.94,57.11,67.23,67.48,67.5,67.51,0.42,55.8,26.47,289.0,2024-08-02 18:28:57.965108
00:13:A2:00:42:37:AD:AD,7.0,238.0,3.2844,53.0,0.0,100.0,7.6,8.2,8.33,8.4,50.96,60.3,60.7,60.75,60.77,0.5,55.93,26.45,287.0,2024-08-02 18:58:57.987867
00:13:A2:00:42:37:AD:AD,7.0,239.0,3.2844,53.0,0.0,100.0,12.45,14.43,15.46,15.98,80.74,97.44,99.2,99.51,99.59,0.61,56.1,26.42,283.0,2024-08-02 19:28:58.041612
00:13:A2:00:42:37:AD:AD,7.0,240.0,3.2844,53.0,0.0,100.0,11.33,13.52,14.8,15.43,72.38,88.13,90.18,90.55,90.64,0.65,56.33,26.32,268.0,2024-08-02 19:58:58.084128
00:13:A2:00:42:37:AD:AD,7.0,241.0,3.2844,53.0,0.0,100.0,7.97,8.42,8.42,8.42,53.82,63.36,63.6,63.62,63.63,0.46,56.58,26.26,278.0,2024-08-02 20:28:58.113889
00:13:A2:00:42:37:AD:AD,7.0,242.0,3.2844,53.0,0.0,100.0,6.34,7.47,8.11,8.43,40.76,49.45,50.5,50.68,50.73,0.62,56.89,26.19,281.0,2024-08-02 20:58:58.176696
00:13:A2:00:42:37:AD:AD,7.0,243.0,3.2844,53.0,0.0,100.0,12.71,15.13,16.53,17.22,81.32,98.94,101.19,101.59,101.69,0.68,57.13,26.14,289.0,2024-08-02 21:28:58.203957
00:13:A2:00:42:37:AD:AD,7.0,244.0,3.2844,53.0,0.0,100.0,11.03,13.05,14.2,14.78,70.78,85.97,87.84,88.17,88.25,0.61,57.38,26.1,276.0,2024-08-02 21:58:58.264265
00:13:A2:00:42:37:AD:AD,7.0,8.0,3.2844,53.0,0.0,100.0,2.2,2.33,2.33,2.33,14.91,17.55,17.61,17.62,17.62,0.46,59.06,25.92,310.0,2024-08-03 07:28:59.065036
00:13:A2:00:42:37:AD:AD,7.0,9.0,3.2844,53.0,0.0,100.0,7.37,9.71,11.3,12.09,44.62,56.17,58.52,58.96,59.06,0.75,59.09,25.96,309.0,2024-08-03 07:58:59.116273
00:13:A2:00:42:37:AD:AD,7.0,10.0,3.2844,53.0,0.0,100.0,8.35,8.83,8.83,8.83,56.45,66.45,66.7,66.72,66.73,0.43,59.1,25.96,300.0,2024-08-03 08:28:59.166727
00:13:A2:00:42:37:AD:AD,7.0,11.0,3.2844,53.0,0.0,100.0,5.89,6.23,6.23,6.23,39.8,46.85,47.03,47.04,47.05,0.44,59.18,26.02,313.0,2024-08-03 08:59:14.210672
00:13:A2:00:42:37:AD:AD,7.0,12.0,3.2844,53.0,0.0,100.0,6.9,7.61,7.88,8.01,45.75,54.47,55.03,55.12,55.14,0.51,59.01,26.08,324.0,2024-08-03 09:28:59.249630
00:13:A2:00:42:37:AD:AD,7.0,13.0,3.2844,53.0,0.0,100.0,5.71,6.39,6.67,6.82,37.69,45.03,45.59,45.68,45.7,0.5,59.06,26.13,319.0,2024-08-03 09:58:59.298007
00:13:A2:00:42:37:AD:AD,7.0,14.0,3.2844,53.0,0.0,100.0,5.39,6.49,7.15,7.48,34.27,41.85,42.9,43.09,43.13,0.65,59.07,26.16,318.0,2024-08-03 10:28:59.348215
00:13:A2:00:42:37:AD:AD,7.0,15.0,3.2844,53.0,0.0,100.0,7.45,7.87,7.87,7.87,50.32,59.23,59.46,59.47,59.48,0.41,59.12,26.22,332.0,2024-08-03 10:58:59.377205
00:13:A2:00:42:37:AD:AD,7.0,16.0,3.2844,53.0,0.0,100.0,7.33,9.29,10.56,11.19,45.37,56.33,58.25,58.61,58.69,0.7,59.19,26.29,331.0,2024-08-03 11:28:59.422889
00:13:A2:00:42:37:AD:AD,7.0,17.0,3.2844,53.0,0.0,100.0,4.49,5.59,6.28,6.63,28.13,34.7,35.76,35.96,36.0,0.67,59.31,26.34,314.0,2024-08-03 11:58:59.470181
00:13:A2:00:42:37:AD:AD,7.0,18.0,3.2844,53.0,0.0,100.0,8.81,9.57,9.78,9.88,58.85,69.76,70.3,70.38,70.4,0.56,59.48,26.43,314.0,2024-08-03 12:28:59.510041
00:13:A2:00:42:37:AD:AD,7.0,19.0,3.2844,53.0,0.0,100.0,7.47,9.54,10.89,11.56,46.07,57.35,59.38,59.76,59.85,0.55,59.69,26.47,333.0,2024-08-03 12:58:59.556882
00:13:A2:00:42:37:AD:AD,7.0,20.0,3.2844,53.0,0.0,100.0,10.07,11.32,11.88,12.16,66.19,79.21,80.27,80.44,80.48,0.49,59.72,26.55,302.0,2024-08-03 13:28:59.583536
00:13:A2:00:42:37:AD:AD,7.0,21.0,3.2844,53.0,0.0,100.0,7.88,8.54,8.7,8.78,52.74,62.47,62.92,62.98,63.01,0.52,59.98,26.62,296.0,2024-08-03 13:59:14.644509
00:13:A2:00:42:37:AD:AD,7.0,22.0,3.2844,53.0,0.0,100.0,9.95,11.7,12.67,13.15,64.06,77.65,79.25,79.53,79.6,0.6,59.85,26.68,308.0,2024-08-03 14:28:59.675057
00:13:A2:00:42:37:AD:AD,7.0,23.0,3.2844,53.0,0.0,100.0,13.97,18.79,22.12,23.78,83.53,105.97,110.85,111.77,111.98,0.72,59.91,26.76,288.0,2024-08-03 14:58:59.717188
00:13:A2:00:42:37:AD:AD,7.0,24.0,3.2844,53.0,0.0,100.0,10.09,11.0,11.27,11.4,67.32,79.87,80.53,80.63,80.66,0.5,59.87,26.82,296.0,2024-08-03 15:28:59.767616
00:13:A2:00:42:37:AD:AD,7.0,25.0,3.2844,53.0,0.0,100.0,10.96,12.35,12.98,13.29,72.0,86.2,87.37,87.57,87.62,0.53,59.88,26.89,304.0,2024-08-03 15:58:59.814140
00:13:A2:00:42:37:AD:AD,7.0,26.0,3.2844,53.0,0.0,100.0,10.45,12.69,14.04,14.71,66.2,81.03,83.16,83.54,83.64,0.67,59.9,26.97,302.0,2024-08-03 16:28:59.857240
00:13:A2:00:42:37:AD:AD,7.0,27.0,3.2844,53.0,0.0,100.0,12.01,13.69,14.51,14.91,78.49,94.28,95.73,95.98,96.04,0.57,59.89,27.04,295.0,2024-08-03 16:58:59.898147
00:13:A2:00:42:37:AD:AD,7.0,28.0,3.2844,53.0,0.0,100.0,11.51,12.17,12.17,12.17,77.74,91.52,91.86,91.89,91.91,0.46,59.83,27.15,277.0,2024-08-03 17:28:59.940189
00:13:A2:00:42:37:AD:AD,7.0,29.0,3.2844,53.0,0.0,100.0,16.24,17.18,17.18,17.18,109.73,129.18,129.67,129.71,129.73,0.44,59.76,27.28,278.0,2024-08-03 17:58:59.994349
00:13:A2:00:42:37:AD:AD,7.0,30.0,3.2844,53.0,0.0,100.0,17.25,18.78,19.22,19.44,115.08,136.5,137.61,137.77,137.82,0.53,59.65,27.42,269.0,2024-08-03 18:29:00.032766
00:13:A2:00:42:37:AD:AD,7.0,31.0,3.2844,53.0,0.0,100.0,19.58,21.16,21.54,21.73,131.07,155.16,156.25,156.4,156.44,0.51,59.65,27.51,288.0,2024-08-03 18:59:15.070748
00:13:A2:00:42:37:AD:AD,7.0,32.0,3.2844,53.0,0.0,100.0,13.21,14.19,14.37,14.46,88.65,104.78,105.42,105.5,105.53,0.51,59.54,27.56,285.0,2024-08-03 19:29:00.108879
00:13:A2:00:42:37:AD:AD,7.0,33.0,3.2844,53.0,0.0,100.0,16.07,19.94,22.37,23.58,100.68,124.1,127.84,128.53,128.69,0.7,59.64,27.51,277.0,2024-08-03 19:59:00.157886
00:13:A2:00:42:37:AD:AD,7.0,34.0,3.2844,53.0,0.0,100.0,9.46,10.72,11.31,11.6,62.03,74.38,75.45,75.63,75.67,0.59,59.88,27.44,270.0,2024-08-03 20:29:00.188865
00:13:A2:00:42:37:AD:AD,7.0,35.0,3.2844,53.0,0.0,100.0,14.59,17.17,18.62,19.34,93.84,113.79,116.17,116.59,116.69,0.65,60.12,27.36,284.0,2024-08-03 20:59:00.245090
00:13:A2:00:42:37:AD:AD,7.0,36.0,3.2844,53.0,0.0,100.0,19.23,22.42,24.14,25.0,124.32,150.31,153.19,153.7,153.82,0.55,60.29,27.28,279.0,2024-08-03 21:29:00.285479
00:13:A2:00:42:37:AD:AD,7.0,37.0,3.2844,53.0,0.0,100.0,14.52,16.07,16.67,16.97,96.14,114.54,115.78,115.97,116.02,0.59,60.54,27.23,312.0,2024-08-03 21:59:00.323505
00:13:A2:00:42:37:AD:AD,7.0,66.0,3.2844,53.0,0.0,100.0,8.68,9.18,9.18,9.18,58.64,69.03,69.29,69.31,69.32,0.42,60.05,27.38,304.0,2024-08-04 12:29:01.581329
00:13:A2:00:42:37:AD:AD,7.0,67.0,3.2844,53.0,0.0,100.0,7.0,7.4,7.4,7.4,47.28,55.66,55.87,55.89,55.9,0.43,59.99,27.46,319.0,2024-08-04 12:59:01.617480
00:13:A2:00:42:37:AD:AD,7.0,68.0,3.2844,53.0,0.0,100.0,7.7,8.15,8.15,8.15,52.06,61.29,61.52,61.54,61.55,0.46,59.53,27.52,317.0,2024-08-04 13:29:01.656131
00:13:A2:00:42:37:AD:AD,7.0,69.0,3.2844,53.0,0.0,100.0,7.18,7.59,7.59,7.59,48.51,57.1,57.32,57.34,57.35,0.47,59.31,27.56,313.0,2024-08-04 13:59:01.700044
00:13:A2:00:42:37:AD:AD,7.0,70.0,3.2844,53.0,0.0,100.0,6.01,6.36,6.36,6.36,40.64,47.84,48.02,48.03,48.04,0.41,59.15,27.6,305.0,2024-08-04 14:29:01.743741
00:13:A2:00:42:37:AD:AD,7.0,71.0,3.2844,53.0,0.0,100.0,8.88,10.46,11.33,11.77,57.18,69.32,70.77,71.02,71.08,0.57,59.07,27.66,295.0,2024-08-04 14:59:16.785978
00:13:A2:00:42:37:AD:AD,7.0,72.0,3.2844,53.0,0.0,100.0,4.78,5.05,5.05,5.05,32.3,38.02,38.17,38.18,38.19,0.35,58.93,27.71,297.0,2024-08-04 15:29:01.831461
00:13:A2:00:42:37:AD:AD,7.0,73.0,3.2844,53.0,0.0,100.0,5.94,7.2,7.95,8.33,37.73,46.14,47.33,47.55,47.6,0.67,58.77,27.75,304.0,2024-08-04 15:59:01.887798
00:13:A2:00:42:37:AD:AD,7.0,74.0,3.2844,53.0,0.0,100.0,8.27,8.74,8.74,8.74,55.85,65.75,66.0,66.02,66.03,0.37,58.5,27.79,289.0,2024-08-04 16:29:01.919099
00:13:A2:00:42:37:AD:AD,7.0,75.0,3.2844,53.0,0.0,100.0,7.92,10.0,11.34,12.01,49.17,60.96,63.0,63.37,63.46,0.54,58.21,27.88,305.0,2024-08-04 16:59:01.959347
00:13:A2:00:42:37:AD:AD,7.0,76.0,3.2844,53.0,0.0,100.0,10.79,12.1,12.67,12.95,71.07,84.97,86.06,86.23,86.28,0.48,58.02,27.94,309.0,2024-08-04 17:29:02.012736
00:13:A2:00:42:37:AD:AD,7.0,77.0,3.2844,53.0,0.0,100.0,10.37,12.66,14.07,14.77,65.47,80.3,82.49,82.89,82.99,0.64,57.85,28.0,299.0,2024-08-04 17:59:02.058225
00:13:A2:00:42:37:AD:AD,7.0,78.0,3.2844,53.0,0.0,100.0,11.41,14.25,16.06,16.96,71.22,87.99,90.76,91.26,91.38,0.66,57.69,27.99,295.0,2024-08-04 18:29:02.105182
00:13:A2:00:42:37:AD:AD,7.0,79.0,3.2844,53.0,0.0,100.0,5.92,7.05,7.71,8.04,37.84,46.06,47.12,47.31,47.36,0.53,57.76,27.94,292.0,2024-08-04 18:59:02.139531
00:13:A2:00:42:37:AD:AD,7.0,80.0,3.2844,53.0,0.0,100.0,5.66,5.98,5.98,5.98,38.24,45.01,45.18,45.2,45.2,0.44,57.96,27.91,286.0,2024-08-04 19:29:02.175745
00:13:A2:00:42:37:AD:AD,7.0,81.0,3.2844,53.0,0.0,100.0,11.33,11.98,11.98,11.98,76.52,90.09,90.43,90.45,90.47,0.46,58.09,27.86,286.0,2024-08-04 19:59:17.216870
00:13:A2:00:42:37:AD:AD,7.0,82.0,3.2844,53.0,0.0,100.0,7.69,8.98,9.68,10.03,49.65,60.06,61.23,61.44,61.49,0.56,58.17,27.82,298.0,2024-08-04 20:29:02.266782
00:13:A2:00:42:37:AD:AD,7.0,83.0,3.2844,53.0,0.0,100.0,7.11,7.52,7.52,7.52,48.06,56.58,56.8,56.81,56.82,0.4,58.35,27.77,301.0,2024-08-04 20:59:02.312810
00:13:A2:00:42:37:AD:AD,7.0,84.0,3.2844,53.0,0.0,100.0,8.0,9.68,10.69,11.19,50.77,62.08,63.68,63.96,64.03,0.58,58.47,27.74,307.0,2024-08-04 21:29:02.344517
00:13:A2:00:42:37:AD:AD,7.0,85.0,3.2844,53.0,0.0,100.0,5.28,6.4,7.06,7.4,33.54,41.01,42.07,42.26,42.3,0.67,58.57,27.69,292.0,2024-08-04 21:59:02.393566
00:13:A2:00:42:37:AD:AD,7.0,86.0,3.2844,53.0,0.0,100.0,5.2,5.5,5.5,5.5,35.15,41.38,41.54,41.55,41.56,0.46,58.64,27.68,298.0,2024-08-04 22:29:02.130967
00:13:A2:00:42:37:AD:AD,7.0,87.0,3.2844,53.0,0.0,100.0,3.99,4.22,4.22,4.22,26.96,31.74,31.86,31.87,31.88,0.41,58.72,27.64,300.0,2024-08-04 22:59:02.478933
00:13:A2:00:42:37:AD:AD,7.0,88.0,3.2844,53.0,0.0,100.0,3.03,3.21,3.21,3.21,20.53,24.16,24.26,24.26,24.27,0.44,58.78,27.65,294.0,2024-08-04 23:29:02.520477
00:13:A2:00:42:37:AD:AD,7.0,89.0,3.2844,53.0,0.0,100.0,4.0,5.64,6.81,7.39,23.28,30.08,31.76,32.08,32.15,0.73,58.77,27.61,276.0,2024-08-04 23:59:02.563979
00:13:A2:00:42:37:AD:AD,7.0,90.0,3.2844,53.0,0.0,100.0,4.29,5.24,5.83,6.12,27.1,33.24,34.15,34.32,34.36,0.51,58.78,27.6,279.0,2024-08-05 00:29:02.605120
00:13:A2:00:42:37:AD:AD,7.0,91.0,3.2844,53.0,0.0,100.0,7.16,7.58,7.58,7.58,48.41,56.99,57.21,57.22,57.23,0.43,58.8,27.57,295.0,2024-08-05 00:59:17.650222
00:13:A2:00:42:37:AD:AD,7.0,92.0,3.2844,53.0,0.0,100.0,2.74,2.89,2.89,2.89,18.51,21.79,21.87,21.88,21.88,0.46,58.71,27.62,308.0,2024-08-05 01:29:02.697839
00:13:A2:00:42:37:AD:AD,7.0,93.0,3.2844,53.0,0.0,100.0,6.21,6.56,6.56,6.56,41.95,49.39,49.57,49.59,49.6,0.46,58.73,27.6,314.0,2024-08-05 01:59:02.746994
00:13:A2:00:42:37:AD:AD,7.0,94.0,3.2844,53.0,0.0,100.0,5.57,5.89,5.89,5.89,37.62,44.29,44.46,44.47,44.48,0.37,58.7,27.59,326.0,2024-08-05 02:29:02.792198
00:13:A2:00:42:37:AD:AD,7.0,95.0,3.2844,53.0,0.0,100.0,5.63,6.1,6.22,6.28,37.64,44.6,44.93,44.97,44.99,0.52,58.65,27.59,282.0,2024-08-05 02:59:02.832898
00:13:A2:00:42:37:AD:AD,7.0,96.0,3.2844,53.0,0.0,100.0,4.67,7.1,8.88,9.77,25.79,34.45,36.98,37.46,37.57,0.84,58.65,27.56,331.0,2024-08-05 03:29:02.884736
00:13:A2:00:42:37:AD:AD,7.0,97.0,3.2844,53.0,0.0,100.0,3.59,3.79,3.79,3.79,24.26,28.56,28.66,28.67,28.68,0.41,58.62,27.55,297.0,2024-08-05 03:59:02.919973
00:13:A2:00:42:37:AD:AD,7.0,98.0,3.2844,53.0,0.0,100.0,4.58,6.3,7.49,8.09,27.1,34.65,36.39,36.72,36.79,0.66,58.59,27.56,300.0,2024-08-05 04:29:02.956465
00:13:A2:00:42:37:AD:AD,7.0,99.0,3.2844,53.0,0.0,100.0,4.94,5.23,5.23,5.23,33.42,39.34,39.49,39.5,39.51,0.42,58.54,27.59,294.0,2024-08-05 04:59:03.004135
00:13:A2:00:42:37:AD:AD,7.0,100.0,3.2844,53.0,0.0,100.0,6.07,7.18,7.81,8.12,38.96,47.31,48.34,48.52,48.56,0.57,58.44,27.57,328.0,2024-08-05 05:29:03.047890
00:13:A2:00:42:37:AD:AD,7.0,101.0,3.2844,53.0,0.0,100.0,2.95,3.3,3.46,3.54,19.42,23.22,23.52,23.57,23.58,0.48,58.39,27.55,309.0,2024-08-05 05:59:18.086915
00:13:A2:00:42:37:AD:AD,7.0,102.0,3.2844,53.0,0.0,100.0,5.22,7.96,9.98,10.99,28.68,38.4,41.26,41.82,41.94,0.88,58.25,27.56,302.0,2024-08-05 06:29:03.136206
00:13:A2:00:42:37:AD:AD,7.0,103.0,3.2844,53.0,0.0,100.0,3.68,4.83,5.6,5.98,22.4,28.15,29.29,29.5,29.55,0.59,58.11,27.54,306.0,2024-08-05 06:59:03.172463
00:13:A2:00:42:37:AD:AD,7.0,104.0,3.2844,53.0,0.0,100.0,4.36,4.61,4.61,4.61,29.44,34.66,34.79,34.8,34.81,0.41,57.77,27.55,305.0,2024-08-05 07:29:03.214746
00:13:A2:00:42:37:AD:AD,7.0,105.0,3.2844,53.0,0.0,100.0,4.9,5.33,5.45,5.51,32.73,38.8,39.11,39.16,39.17,0.5,57.17,27.56,329.0,2024-08-05 07:59:03.257395
00:13:A2:00:42:37:AD:AD,7.0,106.0,3.2844,53.0,0.0,100.0,4.29,5.78,6.8,7.31,25.67,32.57,34.07,34.36,34.42,0.74,56.38,27.57,301.0,2024-08-05 08:29:03.305593
00:13:A2:00:42:37:AD:AD,7.0,107.0,3.2844,53.0,0.0,100.0,2.52,3.32,3.86,4.13,15.3,19.25,20.05,20.2,20.23,0.67,55.63,27.58,310.0,2024-08-05 08:59:03.354001
00:13:A2:00:42:37:AD:AD,7.0,108.0,3.2844,53.0,0.0,100.0,3.97,4.2,4.2,4.2,26.85,31.61,31.73,31.74,31.75,0.4,54.84,27.57,327.0,2024-08-05 09:29:03.402135
00:13:A2:00:42:37:AD:AD,7.0,109.0,3.2844,53.0,0.0,100.0,5.55,6.19,6.45,6.58,36.69,43.79,44.3,44.39,44.41,0.5,54.16,27.56,304.0,2024-08-05 09:59:03.432954
00:13:A2:00:42:37:AD:AD,7.0,110.0,3.2844,53.0,0.0,100.0,3.79,4.01,4.01,4.01,25.64,30.19,30.3,30.31,30.32,0.37,53.6,27.54,295.0,2024-08-05 10:29:03.528078
00:13:A2:00:42:37:AD:AD,7.0,111.0,3.2844,53.0,0.0,100.0,8.57,9.44,9.76,9.92,56.87,67.67,68.35,68.46,68.49,0.53,52.52,27.54,314.0,2024-08-05 10:59:18.573374
00:13:A2:00:42:37:AD:AD,7.0,112.0,3.2844,53.0,0.0,100.0,4.3,4.55,4.55,4.55,29.06,34.21,34.34,34.35,34.35,0.46,52.02,27.55,298.0,2024-08-05 11:29:03.566771
00:13:A2:00:42:37:AD:AD,7.0,113.0,3.2844,53.0,0.0,100.0,4.01,5.85,7.17,7.83,22.8,29.89,31.78,32.15,32.23,0.83,51.55,27.55,285.0,2024-08-05 11:59:03.603432
00:13:A2:00:42:37:AD:AD,7.0,114.0,3.2844,53.0,0.0,100.0,1.75,2.76,3.5,3.88,9.41,12.8,13.86,14.06,14.1,0.89,51.12,27.53,307.0,2024-08-05 12:29:03.663214
00:13:A2:00:42:37:AD:AD,7.0,115.0,3.2844,53.0,0.0,100.0,5.48,6.11,6.37,6.5,36.18,43.19,43.7,43.79,43.81,0.5,50.79,27.52,286.0,2024-08-05 12:59:03.693578
00:13:A2:00:42:37:AD:AD,7.0,116.0,3.2844,53.0,0.0,100.0,2.15,2.51,2.72,2.82,13.87,16.79,17.13,17.18,17.2,0.57,50.6,27.5,312.0,2024-08-05 13:29:03.737062
00:13:A2:00:42:37:AD:AD,7.0,117.0,3.2844,53.0,0.0,100.0,2.47,3.17,3.63,3.86,15.2,18.95,19.64,19.77,19.8,0.69,50.32,27.47,289.0,2024-08-05 13:59:03.775144
00:13:A2:00:42:37:AD:AD,7.0,118.0,3.2844,53.0,0.0,100.0,2.03,2.33,2.48,2.55,13.23,15.92,16.18,16.23,16.24,0.5,50.0,27.47,299.0,2024-08-05 14:29:03.816364
00:13:A2:00:42:37:AD:AD,7.0,119.0,3.2844,53.0,0.0,100.0,3.07,4.02,4.66,4.97,18.72,23.5,24.44,24.62,24.66,0.64,49.77,27.44,288.0,2024-08-05 14:59:03.875443
00:13:A2:00:42:37:AD:AD,7.0,120.0,3.2844,53.0,0.0,100.0,0.81,1.18,1.46,1.59,4.58,6.02,6.41,6.49,6.51,0.53,49.51,27.42,287.0,2024-08-05 15:29:03.907979
00:13:A2:00:42:37:AD:AD,7.0,121.0,3.2844,53.0,0.0,100.0,2.96,3.94,4.61,4.94,17.87,22.57,23.55,23.74,23.78,0.66,49.07,27.36,286.0,2024-08-05 15:59:18.962459
00:13:A2:00:42:37:AD:AD,7.0,122.0,3.2844,53.0,0.0,100.0,1.31,1.47,1.53,1.57,8.69,10.38,10.51,10.53,10.54,0.53,49.08,27.34,292.0,2024-08-05 16:29:03.990604
00:13:A2:00:42:37:AD:AD,7.0,123.0,3.2844,53.0,0.0,100.0,2.61,2.76,2.76,2.76,17.67,20.81,20.88,20.89,20.89,0.42,49.06,27.24,308.0,2024-08-05 16:59:04.043593
00:13:A2:00:42:37:AD:AD,7.0,124.0,3.2844,53.0,0.0,100.0,1.35,1.43,1.43,1.43,9.15,10.77,10.81,10.81,10.81,0.4,49.0,27.16,261.0,2024-08-05 17:29:04.082784
00:13:A2:00:42:37:AD:AD,7.0,125.0,3.2844,53.0,0.0,100.0,2.28,3.43,4.28,4.7,12.67,16.85,18.05,18.28,18.34,0.85,49.05,27.09,270.0,2024-08-05 17:59:04.120191
00:13:A2:00:42:37:AD:AD,7.0,126.0,3.2844,53.0,0.0,100.0,3.09,3.86,4.35,4.6,19.27,23.82,24.57,24.71,24.75,0.56,49.16,27.02,282.0,2024-08-05 18:29:04.164936
00:13:A2:00:42:37:AD:AD,7.0,127.0,3.2844,53.0,0.0,100.0,1.26,1.76,2.12,2.3,7.36,9.49,10.01,10.11,10.13,0.57,49.28,26.95,272.0,2024-08-05 18:59:04.207593
00:13:A2:00:42:37:AD:AD,7.0,128.0,3.2844,53.0,0.0,100.0,1.0,1.06,1.06,1.06,6.82,8.02,8.06,8.06,8.06,0.42,49.36,26.92,272.0,2024-08-05 19:29:04.258471
00:13:A2:00:42:37:AD:AD,7.0,129.0,3.2844,53.0,0.0,100.0,0.83,0.88,0.88,0.88,5.66,6.66,6.69,6.69,6.69,0.41,49.47,26.84,284.0,2024-08-05 19:59:04.284288
00:13:A2:00:42:37:AD:AD,7.0,130.0,3.2844,53.0,0.0,100.0,1.42,1.5,1.5,1.5,9.63,11.33,11.38,11.38,11.38,0.38,49.58,26.81,286.0,2024-08-05 20:29:04.341787
00:13:A2:00:42:37:AD:AD,7.0,131.0,3.2844,53.0,0.0,100.0,2.39,2.94,3.29,3.46,15.05,18.51,19.04,19.14,19.16,0.48,49.63,26.74,275.0,2024-08-05 20:59:19.387220
00:13:A2:00:42:37:AD:AD,7.0,132.0,3.2844,53.0,0.0,100.0,1.24,1.31,1.31,1.31,8.41,9.9,9.94,9.94,9.94,0.4,49.74,26.73,296.0,2024-08-05 21:29:04.430635
00:13:A2:00:42:37:AD:AD,7.0,133.0,3.2844,53.0,0.0,100.0,2.83,2.99,2.99,2.99,19.11,22.5,22.59,22.59,22.6,0.33,49.84,26.66,291.0,2024-08-05 21:59:04.469365
00:13:A2:00:42:37:AD:AD,7.0,152.0,3.2844,53.0,0.0,100.0,1.71,2.17,2.46,2.61,10.63,13.19,13.64,13.72,13.74,0.59,50.1,26.31,297.0,2024-08-06 07:29:05.285430
00:13:A2:00:42:37:AD:AD,7.0,153.0,3.2844,53.0,0.0,100.0,1.8,2.33,2.68,2.85,11.02,13.78,14.31,14.41,14.43,0.64,49.85,26.28,284.0,2024-08-06 07:59:05.332790
00:13:A2:00:42:37:AD:AD,7.0,154.0,3.2844,53.0,0.0,100.0,1.7,2.8,3.64,4.05,8.78,12.25,13.41,13.64,13.69,0.54,49.6,26.24,286.0,2024-08-06 08:29:05.374695
00:13:A2:00:42:37:AD:AD,7.0,155.0,3.2844,53.0,0.0,100.0,1.42,1.5,1.5,1.5,9.6,11.3,11.34,11.35,11.35,0.34,49.41,26.24,293.0,2024-08-06 08:59:05.422918
00:13:A2:00:42:37:AD:AD,7.0,156.0,3.2844,53.0,0.0,100.0,0.62,0.76,0.85,0.9,3.91,4.81,4.95,4.97,4.98,0.52,49.19,26.27,280.0,2024-08-06 09:29:05.448458
00:13:A2:00:42:37:AD:AD,7.0,157.0,3.2844,53.0,0.0,100.0,3.41,4.53,5.28,5.66,20.62,26.02,27.13,27.34,27.39,0.62,48.95,26.24,298.0,2024-08-06 09:59:05.505916
00:13:A2:00:42:37:AD:AD,7.0,158.0,3.2844,53.0,0.0,100.0,0.54,1.45,2.18,2.55,1.3,3.21,4.2,4.4,4.44,1.34,48.79,26.27,279.0,2024-08-06 10:29:05.532151
00:13:A2:00:42:37:AD:AD,7.0,159.0,3.2844,53.0,0.0,100.0,2.64,3.83,4.69,5.12,15.04,19.69,20.92,21.16,21.21,0.74,48.6,26.28,276.0,2024-08-06 10:59:05.586280
00:13:A2:00:42:37:AD:AD,7.0,160.0,3.2844,53.0,0.0,100.0,1.18,1.25,1.25,1.25,7.99,9.41,9.44,9.44,9.45,0.45,48.36,26.29,275.0,2024-08-06 11:29:05.624447
00:13:A2:00:42:37:AD:AD,7.0,161.0,3.2844,53.0,0.0,100.0,1.15,1.79,2.27,2.51,6.23,8.43,9.11,9.24,9.27,0.63,48.12,26.3,283.0,2024-08-06 11:59:20.668896
00:13:A2:00:42:37:AD:AD,7.0,162.0,3.2844,53.0,0.0,100.0,2.27,2.4,2.4,2.4,15.33,18.05,18.12,18.12,18.12,0.37,48.12,26.32,277.0,2024-08-06 12:29:05.720451
00:13:A2:00:42:37:AD:AD,7.0,163.0,3.2844,53.0,0.0,100.0,1.22,1.56,1.78,1.89,7.51,9.35,9.69,9.75,9.77,0.52,48.09,26.34,293.0,2024-08-06 12:59:05.776346
00:13:A2:00:42:37:AD:AD,7.0,164.0,3.2844,53.0,0.0,100.0,1.19,1.26,1.26,1.26,8.05,9.47,9.51,9.51,9.52,0.34,48.04,26.34,298.0,2024-08-06 13:29:05.803245
00:13:A2:00:42:37:AD:AD,7.0,165.0,3.2844,53.0,0.0,100.0,2.44,2.58,2.58,2.58,16.5,19.43,19.5,19.51,19.51,0.34,47.87,26.35,286.0,2024-08-06 13:59:05.850054
00:13:A2:00:42:37:AD:AD,7.0,166.0,3.2844,53.0,0.0,100.0,1.83,2.25,2.51,2.64,11.55,14.19,14.6,14.67,14.69,0.56,47.62,26.3,281.0,2024-08-06 14:29:05.887904
00:13:A2:00:42:37:AD:AD,7.0,167.0,3.2844,53.0,0.0,100.0,1.8,2.27,2.58,2.73,11.21,13.89,14.36,14.44,14.46,0.64,47.27,26.29,296.0,2024-08-06 14:59:05.946275
00:13:A2:00:42:37:AD:AD,7.0,168.0,3.2844,53.0,0.0,100.0,3.51,3.99,4.22,4.33,23.02,27.62,28.03,28.1,28.12,0.47,46.88,26.28,280.0,2024-08-06 15:29:05.969735
00:13:A2:00:42:37:AD:AD,7.0,169.0,3.2844,53.0,0.0,100.0,1.21,1.76,2.16,2.35,6.89,9.03,9.6,9.71,9.73,0.68,46.64,26.26,272.0,2024-08-06 15:59:06.019403
00:13:A2:00:42:37:AD:AD,7.0,170.0,3.2844,53.0,0.0,100.0,3.02,3.19,3.19,3.19,20.42,24.03,24.13,24.13,24.14,0.39,46.36,26.28,264.0,2024-08-06 16:29:06.065514
00:13:A2:00:42:37:AD:AD,7.0,171.0,3.2844,53.0,0.0,100.0,2.06,2.18,2.18,2.18,13.97,16.45,16.51,16.51,16.52,0.41,45.72,26.28,272.0,2024-08-06 16:59:21.106787
00:13:A2:00:42:37:AD:AD,7.0,172.0,3.2844,53.0,0.0,100.0,1.18,1.6,1.89,2.04,7.03,8.95,9.38,9.46,9.48,0.67,45.39,26.36,267.0,2024-08-06 17:29:06.157791
00:13:A2:00:42:37:AD:AD,7.0,173.0,3.2844,53.0,0.0,100.0,1.19,2.44,3.42,3.91,4.91,8.02,9.36,9.63,9.68,1.1,45.13,26.4,269.0,2024-08-06 17:59:06.181980
00:13:A2:00:42:37:AD:AD,7.0,174.0,3.2844,53.0,0.0,100.0,1.39,1.76,2.0,2.12,8.63,10.71,11.08,11.14,11.16,0.71,44.79,26.47,297.0,2024-08-06 18:29:06.242059
00:13:A2:00:42:37:AD:AD,7.0,175.0,3.2844,53.0,0.0,100.0,1.4,2.07,2.56,2.8,7.86,10.38,11.08,11.21,11.24,0.81,44.49,26.53,281.0,2024-08-06 18:59:06.276626
00:13:A2:00:42:37:AD:AD,7.0,176.0,3.2844,53.0,0.0,100.0,3.01,3.7,4.13,4.35,18.93,23.28,23.95,24.07,24.1,0.57,44.38,26.5,267.0,2024-08-06 19:29:06.335714
00:13:A2:00:42:37:AD:AD,7.0,177.0,3.2844,53.0,0.0,100.0,1.89,2.48,2.87,3.07,11.49,14.44,15.03,15.14,15.16,0.51,44.43,26.45,283.0,2024-08-06 19:59:06.363206
00:13:A2:00:42:37:AD:AD,7.0,178.0,3.2844,53.0,0.0,100.0,0.92,0.97,0.97,0.97,6.24,7.34,7.37,7.37,7.38,0.45,44.62,26.33,265.0,2024-08-06 20:29:06.411029
00:13:A2:00:42:37:AD:AD,7.0,179.0,3.2844,53.0,0.0,100.0,3.08,3.26,3.26,3.26,20.82,24.51,24.6,24.61,24.61,0.42,44.82,26.25,264.0,2024-08-06 20:59:06.441856
00:13:A2:00:42:37:AD:AD,7.0,180.0,3.2844,53.0,0.0,100.0,1.87,2.56,3.05,3.29,11.06,14.13,14.84,14.98,15.01,0.65,45.03,26.14,266.0,2024-08-06 21:29:06.501891
00:13:A2:00:42:37:AD:AD,7.0,181.0,3.2844,53.0,0.0,100.0,2.25,2.38,2.38,2.38,15.22,17.92,17.99,17.99,18.0,0.41,45.27,26.05,275.0,2024-08-06 21:59:21.542794
00:13:A2:00:42:37:AD:AD,7.0,200.0,3.2844,53.0,0.0,100.0,1.04,1.1,1.1,1.1,7.08,8.34,8.37,8.37,8.37,0.32,46.85,25.42,322.0,2024-08-07 07:29:07.359405
00:13:A2:00:42:37:AD:AD,7.0,201.0,3.2844,53.0,0.0,100.0,0.74,0.78,0.78,0.78,5.0,5.89,5.91,5.92,5.92,0.41,46.66,25.4,322.0,2024-08-07 07:59:22.403923
00:13:A2:00:42:37:AD:AD,7.0,202.0,3.2844,53.0,0.0,100.0,1.22,1.8,2.21,2.42,6.92,9.11,9.7,9.82,9.84,0.66,46.6,25.42,320.0,2024-08-07 08:29:07.454910
00:13:A2:00:42:37:AD:AD,7.0,203.0,3.2844,53.0,0.0,100.0,1.22,1.85,2.3,2.53,6.79,9.05,9.7,9.82,9.85,0.87,46.48,25.41,299.0,2024-08-07 08:59:07.484585
00:13:A2:00:42:37:AD:AD,7.0,204.0,3.2844,53.0,0.0,100.0,0.68,0.83,0.92,0.96,4.32,5.3,5.44,5.46,5.47,0.53,46.39,25.42,315.0,2024-08-07 09:29:07.521528
00:13:A2:00:42:37:AD:AD,7.0,205.0,3.2844,53.0,0.0,100.0,1.83,2.26,2.53,2.67,11.48,14.13,14.55,14.63,14.65,0.63,46.33,25.42,324.0,2024-08-07 09:59:07.576741
00:13:A2:00:42:37:AD:AD,7.0,206.0,3.2844,53.0,0.0,100.0,0.68,0.72,0.72,0.72,4.6,5.42,5.44,5.44,5.44,0.4,46.24,25.44,323.0,2024-08-07 10:29:07.610514
00:13:A2:00:42:37:AD:AD,7.0,207.0,3.2844,53.0,0.0,100.0,0.73,0.95,1.1,1.18,4.45,5.59,5.82,5.86,5.87,0.64,46.07,25.44,316.0,2024-08-07 10:59:07.655158
00:13:A2:00:42:37:AD:AD,7.0,208.0,3.2844,53.0,0.0,100.0,0.99,1.59,2.05,2.27,5.24,7.21,7.84,7.97,7.99,0.87,45.93,25.45,340.0,2024-08-07 11:29:07.708770
00:13:A2:00:42:37:AD:AD,7.0,209.0,3.2844,53.0,0.0,100.0,1.81,2.16,2.35,2.45,11.61,14.12,14.45,14.5,14.52,0.59,45.69,25.46,314.0,2024-08-07 11:59:07.752620
00:13:A2:00:42:37:AD:AD,7.0,210.0,3.2844,53.0,0.0,100.0,1.25,1.32,1.32,1.32,8.45,9.95,9.98,9.99,9.99,0.35,45.53,25.48,320.0,2024-08-07 12:29:07.783377
00:13:A2:00:42:37:AD:AD,7.0,211.0,3.2844,53.0,0.0,100.0,2.86,4.38,5.5,6.06,15.72,21.08,22.66,22.97,23.03,0.58,45.04,25.49,296.0,2024-08-07 12:59:22.830423
00:13:A2:00:42:37:AD:AD,7.0,212.0,3.2844,53.0,0.0,100.0,1.3,2.32,3.1,3.49,6.25,9.15,10.24,10.45,10.5,1.02,44.73,25.5,289.0,2024-08-07 13:29:07.878771
00:13:A2:00:42:37:AD:AD,7.0,213.0,3.2844,53.0,0.0,100.0,2.41,2.7,2.84,2.9,15.85,18.96,19.21,19.25,19.26,0.49,44.3,25.51,306.0,2024-08-07 13:59:07.924710
00:13:A2:00:42:37:AD:AD,7.0,214.0,3.2844,53.0,0.0,100.0,1.29,1.36,1.36,1.36,8.73,10.27,10.31,10.32,10.32,0.46,43.9,25.49,299.0,2024-08-07 14:29:07.968573
00:13:A2:00:42:37:AD:AD,7.0,215.0,3.2844,53.0,0.0,100.0,4.71,5.69,6.28,6.57,29.94,36.6,37.52,37.69,37.73,0.65,43.68,25.49,300.0,2024-08-07 14:59:08.000777
00:13:A2:00:42:37:AD:AD,7.0,216.0,3.2844,53.0,0.0,100.0,1.79,2.37,2.76,2.96,10.85,13.68,14.26,14.37,14.39,0.69,43.6,25.49,309.0,2024-08-07 15:29:08.052797
00:13:A2:00:42:37:AD:AD,7.0,217.0,3.2844,53.0,0.0,100.0,1.13,2.14,2.92,3.31,5.1,7.8,8.88,9.09,9.14,0.94,43.39,25.48,299.0,2024-08-07 15:59:08.084629
00:13:A2:00:42:37:AD:AD,7.0,218.0,3.2844,53.0,0.0,100.0,1.31,2.47,3.37,3.81,5.95,9.06,10.3,10.55,10.6,1.01,43.17,25.5,321.0,2024-08-07 16:29:08.128418
00:13:A2:00:42:37:AD:AD,7.0,219.0,3.2844,53.0,0.0,100.0,1.91,2.02,2.02,2.02,12.93,15.23,15.28,15.29,15.29,0.36,42.93,25.56,306.0,2024-08-07 16:59:08.179359
00:13:A2:00:42:37:AD:AD,7.0,220.0,3.2844,53.0,0.0,100.0,1.94,2.06,2.06,2.06,13.16,15.49,15.55,15.56,15.56,0.37,42.6,25.61,286.0,2024-08-07 17:29:08.224992
00:13:A2:00:42:37:AD:AD,7.0,221.0,3.2844,53.0,0.0,100.0,3.42,4.31,4.89,5.17,21.3,26.39,27.26,27.42,27.45,0.58,42.13,25.71,272.0,2024-08-07 17:59:23.330811
00:13:A2:00:42:37:AD:AD,7.0,222.0,3.2844,53.0,0.0,100.0,4.77,5.68,6.2,6.46,30.5,37.12,37.97,38.12,38.15,0.62,41.99,25.82,280.0,2024-08-07 18:29:08.305104
00:13:A2:00:42:37:AD:AD,7.0,223.0,3.2844,53.0,0.0,100.0,1.29,1.64,1.86,1.97,8.01,9.95,10.29,10.35,10.37,0.64,41.86,25.92,270.0,2024-08-07 18:59:08.346857
00:13:A2:00:42:37:AD:AD,7.0,224.0,3.2844,53.0,0.0,100.0,3.25,4.66,5.66,6.17,18.68,24.31,25.76,26.04,26.1,0.75,41.68,26.04,285.0,2024-08-07 19:29:08.397194
00:13:A2:00:42:37:AD:AD,7.0,225.0,3.2844,53.0,0.0,100.0,3.1,3.56,3.79,3.91,20.22,24.33,24.74,24.81,24.83,0.58,41.51,26.09,285.0,2024-08-07 19:59:08.434737
00:13:A2:00:42:37:AD:AD,7.0,226.0,3.2844,53.0,0.0,100.0,3.57,3.78,3.78,3.78,24.16,28.45,28.55,28.56,28.57,0.37,41.66,26.0,271.0,2024-08-07 20:29:08.484328
00:13:A2:00:42:37:AD:AD,7.0,227.0,3.2844,53.0,0.0,100.0,6.05,6.66,6.88,6.98,40.2,47.82,48.29,48.36,48.38,0.56,41.83,25.88,297.0,2024-08-07 20:59:08.531168
00:13:A2:00:42:37:AD:AD,7.0,228.0,3.2844,53.0,0.0,100.0,1.89,2.17,2.31,2.38,12.37,14.88,15.13,15.17,15.18,0.49,42.11,25.74,285.0,2024-08-07 21:29:08.578672
00:13:A2:00:42:37:AD:AD,7.0,229.0,3.2844,53.0,0.0,100.0,1.99,2.11,2.11,2.11,13.47,15.86,15.92,15.93,15.93,0.4,42.41,25.64,273.0,2024-08-07 21:59:08.614825
00:13:A2:00:42:37:AD:AD,7.0,248.0,3.2844,53.0,0.0,100.0,1.84,2.17,2.36,2.46,11.8,14.34,14.65,14.7,14.72,0.54,44.52,24.83,333.0,2024-08-08 07:29:09.438344
00:13:A2:00:42:37:AD:AD,7.0,249.0,3.2844,53.0,0.0,100.0,2.35,2.49,2.49,2.49,15.91,18.73,18.81,18.81,18.81,0.3,44.35,24.82,329.0,2024-08-08 07:59:09.475151
00:13:A2:00:42:37:AD:AD,7.0,250.0,3.2844,53.0,0.0,100.0,1.21,2.01,2.62,2.92,6.27,8.77,9.61,9.78,9.81,0.82,44.17,24.81,359.0,2024-08-08 08:29:09.523303
00:13:A2:00:42:37:AD:AD,7.0,251.0,3.2844,53.0,0.0,100.0,1.23,1.6,1.85,1.98,7.5,9.41,9.78,9.85,9.87,0.56,43.93,24.81,331.0,2024-08-08 08:59:24.565333
00:13:A2:00:42:37:AD:AD,7.0,252.0,3.2844,53.0,0.0,100.0,0.67,0.71,0.71,0.71,4.57,5.38,5.4,5.4,5.4,0.34,43.75,24.83,329.0,2024-08-08 09:29:09.595855
00:13:A2:00:42:37:AD:AD,7.0,253.0,3.2844,53.0,0.0,100.0,0.87,1.28,1.58,1.73,4.93,6.49,6.92,7.0,7.02,0.72,43.62,24.84,338.0,2024-08-08 09:59:09.641206
00:13:A2:00:42:37:AD:AD,7.0,254.0,3.2844,53.0,0.0,100.0,1.33,1.4,1.4,1.4,9.0,10.59,10.63,10.64,10.64,0.35,43.52,24.85,336.0,2024-08-08 10:29:09.687022
00:13:A2:00:42:37:AD:AD,7.0,255.0,3.2844,53.0,0.0,100.0,0.55,1.56,2.36,2.77,1.12,3.17,4.26,4.48,4.53,1.42,43.47,24.87,363.0,2024-08-08 10:59:09.742406
00:13:A2:00:42:37:AD:AD,7.0,1.0,3.2844,53.0,0.0,100.0,0.62,0.72,0.78,0.8,4.07,4.91,5.0,5.02,5.02,0.51,43.39,24.9,345.0,2024-08-08 11:29:09.779756
00:13:A2:00:42:37:AD:AD,7.0,2.0,3.2844,53.0,0.0,100.0,1.26,1.53,1.69,1.77,8.0,9.79,10.05,10.09,10.1,0.56,43.37,24.93,354.0,2024-08-08 11:59:09.828245
00:13:A2:00:42:37:AD:AD,7.0,3.0,3.2844,53.0,0.0,100.0,0.59,1.31,1.89,2.17,2.15,3.84,4.62,4.78,4.81,0.99,43.37,24.97,337.0,2024-08-08 12:29:09.860968
00:13:A2:00:42:37:AD:AD,7.0,4.0,3.2844,53.0,0.0,100.0,1.83,1.94,1.94,1.94,12.39,14.59,14.64,14.64,14.65,0.39,43.38,25.01,336.0,2024-08-08 12:59:09.909578
00:13:A2:00:42:37:AD:AD,7.0,5.0,3.2844,53.0,0.0,100.0,1.82,1.93,1.93,1.93,12.33,14.51,14.57,14.57,14.57,0.3,43.33,25.03,337.0,2024-08-08 13:29:09.955920
00:13:A2:00:42:37:AD:AD,7.0,6.0,3.2844,53.0,0.0,100.0,1.13,1.99,2.65,2.97,5.55,8.04,8.95,9.13,9.16,0.96,43.27,25.06,349.0,2024-08-08 13:59:25.006074
00:13:A2:00:42:37:AD:AD,7.0,7.0,3.2844,53.0,0.0,100.0,0.63,0.67,0.67,0.67,4.28,5.03,5.05,5.05,5.06,0.29,43.22,25.14,335.0,2024-08-08 14:29:10.060356
00:13:A2:00:42:37:AD:AD,7.0,8.0,3.2844,53.0,0.0,100.0,2.23,3.81,5.01,5.61,11.15,15.89,17.57,17.9,17.97,0.89,43.18,25.17,328.0,2024-08-08 14:59:10.109423
00:13:A2:00:42:37:AD:AD,7.0,9.0,3.2844,53.0,0.0,100.0,1.26,1.66,1.93,2.06,7.66,9.64,10.03,10.11,10.13,0.62,43.13,25.18,321.0,2024-08-08 15:29:10.143905
00:13:A2:00:42:37:AD:AD,7.0,10.0,3.2844,53.0,0.0,100.0,0.65,1.0,1.26,1.38,3.61,4.84,5.2,5.27,5.29,0.68,43.05,25.2,315.0,2024-08-08 15:59:10.167054
00:13:A2:00:42:37:AD:AD,7.0,11.0,3.2844,53.0,0.0,100.0,1.19,1.61,1.9,2.04,7.09,9.02,9.44,9.52,9.54,0.5,43.08,25.18,321.0,2024-08-08 16:29:10.215322
00:13:A2:00:42:37:AD:AD,7.0,12.0,3.2844,53.0,0.0,100.0,1.3,1.37,1.37,1.37,8.79,10.35,10.39,10.39,10.39,0.43,43.06,25.21,309.0,2024-08-08 16:59:10.263508
00:13:A2:00:42:37:AD:AD,7.0,13.0,3.2844,53.0,0.0,100.0,1.79,1.89,1.89,1.89,12.12,14.27,14.33,14.33,14.33,0.32,43.05,25.2,312.0,2024-08-08 17:29:10.310746
00:13:A2:00:42:37:AD:AD,7.0,14.0,3.2844,53.0,0.0,100.0,1.29,1.48,1.58,1.62,8.4,10.11,10.28,10.31,10.31,0.51,43.08,25.22,304.0,2024-08-08 17:59:10.347165
00:13:A2:00:42:37:AD:AD,7.0,15.0,3.2844,53.0,0.0,100.0,0.6,0.64,0.64,0.64,4.11,4.84,4.86,4.86,4.86,0.38,43.12,25.21,301.0,2024-08-08 18:29:10.393880
00:13:A2:00:42:37:AD:AD,7.0,16.0,3.2844,53.0,0.0,100.0,1.3,1.37,1.37,1.37,8.78,10.33,10.37,10.37,10.38,0.37,43.22,25.17,322.0,2024-08-08 18:59:25.430660
00:13:A2:00:42:37:AD:AD,7.0,17.0,3.2844,53.0,0.0,100.0,0.67,1.0,1.25,1.37,3.77,5.0,5.34,5.41,5.43,0.77,43.25,25.16,309.0,2024-08-08 19:29:10.487815
00:13:A2:00:42:37:AD:AD,7.0,18.0,3.2844,53.0,0.0,100.0,1.42,1.7,1.86,1.94,9.13,11.11,11.37,11.42,11.43,0.54,43.33,25.17,292.0,2024-08-08 19:59:10.520565
00:13:A2:00:42:37:AD:AD,7.0,19.0,3.2844,53.0,0.0,100.0,0.77,0.82,0.82,0.82,5.25,6.18,6.21,6.21,6.21,0.37,43.5,25.12,316.0,2024-08-08 20:29:10.554635
00:13:A2:00:42:37:AD:AD,7.0,20.0,3.2844,53.0,0.0,100.0,0.83,0.88,0.88,0.88,5.62,6.61,6.64,6.64,6.64,0.35,43.63,25.05,296.0,2024-08-08 20:59:10.640682
00:13:A2:00:42:37:AD:AD,7.0,21.0,3.2844,53.0,0.0,100.0,0.69,0.73,0.73,0.73,4.71,5.54,5.56,5.57,5.57,0.39,43.79,25.0,300.0,2024-08-08 21:29:10.640312
00:13:A2:00:42:37:AD:AD,7.0,22.0,3.2844,53.0,0.0,100.0,4.7,4.97,4.97,4.97,31.75,37.38,37.52,37.53,37.54,0.46,43.89,24.94,277.0,2024-08-08 21:59:10.681794
00:13:A2:00:42:37:AD:AD,7.0,41.0,3.2844,53.0,0.0,100.0,1.22,1.29,1.29,1.29,8.29,9.76,9.8,9.8,9.8,0.44,45.73,24.66,306.0,2024-08-09 07:29:11.524144
00:13:A2:00:42:37:AD:AD,7.0,42.0,3.2844,53.0,0.0,100.0,1.21,1.28,1.28,1.28,8.19,9.64,9.68,9.68,9.68,0.37,45.73,24.62,301.0,2024-08-09 07:59:11.562006
00:13:A2:00:42:37:AD:AD,7.0,43.0,3.2844,53.0,0.0,100.0,1.81,1.92,1.92,1.92,12.27,14.45,14.5,14.51,14.51,0.44,45.78,24.61,282.0,2024-08-09 08:29:11.609207
00:13:A2:00:42:37:AD:AD,7.0,44.0,3.2844,53.0,0.0,100.0,0.61,0.97,1.23,1.37,3.28,4.47,4.85,4.92,4.93,0.9,45.84,24.59,276.0,2024-08-09 08:59:11.641738
00:13:A2:00:42:37:AD:AD,7.0,45.0,3.2844,53.0,0.0,100.0,1.17,1.5,1.71,1.82,7.23,9.01,9.34,9.4,9.41,0.51,45.94,24.57,282.0,2024-08-09 09:29:11.700737
00:13:A2:00:42:37:AD:AD,7.0,46.0,3.2844,53.0,0.0,100.0,0.62,0.92,1.14,1.25,3.53,4.65,4.96,5.02,5.03,0.59,46.08,24.54,288.0,2024-08-09 09:59:26.735740
00:13:A2:00:42:37:AD:AD,7.0,47.0,3.2844,53.0,0.0,100.0,1.28,1.35,1.35,1.35,8.67,10.2,10.24,10.24,10.24,0.32,46.15,24.57,308.0,2024-08-09 10:29:11.783395
00:13:A2:00:42:37:AD:AD,7.0,48.0,3.2844,53.0,0.0,100.0,0.62,1.05,1.37,1.53,3.18,4.48,4.93,5.02,5.04,0.84,46.33,24.58,285.0,2024-08-09 10:59:11.826778
00:13:A2:00:42:37:AD:AD,7.0,49.0,3.2844,53.0,0.0,100.0,0.37,1.99,3.31,3.97,0.0,0.99,2.77,3.12,3.2,1.62,46.48,24.57,306.0,2024-08-09 11:29:11.860268
00:13:A2:00:42:37:AD:AD,7.0,50.0,3.2844,53.0,0.0,100.0,0.58,0.61,0.61,0.61,3.93,4.63,4.65,4.65,4.65,0.46,46.7,24.55,311.0,2024-08-09 11:59:11.897370
00:13:A2:00:42:37:AD:AD,7.0,51.0,3.2844,53.0,0.0,100.0,0.61,0.64,0.64,0.64,4.14,4.87,4.89,4.89,4.89,0.42,46.98,24.55,295.0,2024-08-09 12:29:11.974482
00:13:A2:00:42:37:AD:AD,7.0,52.0,3.2844,53.0,0.0,100.0,0.57,1.09,1.49,1.69,2.57,3.95,4.5,4.61,4.64,0.99,47.15,24.54,309.0,2024-08-09 12:59:11.996732
00:13:A2:00:42:37:AD:AD,7.0,53.0,3.2844,53.0,0.0,100.0,1.04,1.88,2.53,2.85,4.93,7.29,8.19,8.36,8.4,0.94,47.35,24.55,297.0,2024-08-09 13:29:12.032461
00:13:A2:00:42:37:AD:AD,7.0,54.0,3.2844,53.0,0.0,100.0,0.61,0.83,0.99,1.06,3.67,4.68,4.9,4.94,4.95,0.62,47.64,24.52,306.0,2024-08-09 13:59:12.075736
00:13:A2:00:42:37:AD:AD,7.0,55.0,3.2844,53.0,0.0,100.0,1.19,1.8,2.25,2.47,6.61,8.81,9.45,9.57,9.6,0.56,47.87,24.54,328.0,2024-08-09 14:29:12.118703
00:13:A2:00:42:37:AD:AD,7.0,56.0,3.2844,53.0,0.0,100.0,0.63,0.77,0.85,0.89,4.04,4.94,5.07,5.09,5.1,0.48,48.2,24.51,322.0,2024-08-09 14:59:27.192972
00:13:A2:00:42:37:AD:AD,7.0,57.0,3.2844,53.0,0.0,100.0,1.69,2.31,2.74,2.95,10.07,12.84,13.47,13.58,13.61,0.5,48.3,24.55,302.0,2024-08-09 15:29:12.212077
00:13:A2:00:42:37:AD:AD,7.0,58.0,3.2844,53.0,0.0,100.0,1.04,2.31,3.31,3.81,3.77,6.74,8.12,8.39,8.45,1.17,48.51,24.53,324.0,2024-08-09 15:59:12.260154
00:13:A2:00:42:37:AD:AD,7.0,59.0,3.2844,53.0,0.0,100.0,0.99,2.62,3.92,4.56,2.48,5.91,7.68,8.03,8.1,0.94,48.69,24.53,313.0,2024-08-09 16:29:12.300150
00:13:A2:00:42:37:AD:AD,7.0,60.0,3.2844,53.0,0.0,100.0,1.14,1.96,2.59,2.91,5.66,8.11,8.98,9.16,9.19,0.82,48.84,24.5,297.0,2024-08-09 16:59:12.340033
00:13:A2:00:42:37:AD:AD,7.0,61.0,3.2844,53.0,0.0,100.0,0.42,1.62,2.59,3.08,0.0,1.89,3.2,3.46,3.52,1.62,49.06,24.5,291.0,2024-08-09 17:29:12.410106
00:13:A2:00:42:37:AD:AD,7.0,62.0,3.2844,53.0,0.0,100.0,1.07,2.03,2.77,3.14,4.84,7.41,8.43,8.63,8.68,0.91,49.29,24.47,305.0,2024-08-09 17:59:12.429162
00:13:A2:00:42:37:AD:AD,7.0,63.0,3.2844,53.0,0.0,100.0,1.17,1.24,1.24,1.24,7.95,9.36,9.39,9.39,9.4,0.38,49.4,24.48,317.0,2024-08-09 18:29:12.482263
00:13:A2:00:42:37:AD:AD,7.0,64.0,3.2844,53.0,0.0,100.0,0.58,1.03,1.37,1.54,2.83,4.12,4.6,4.69,4.71,0.91,49.47,24.42,305.0,2024-08-09 18:59:12.512665
00:13:A2:00:42:37:AD:AD,7.0,65.0,3.2844,53.0,0.0,100.0,0.65,0.69,0.69,0.69,4.44,5.23,5.25,5.25,5.25,0.43,49.63,24.43,303.0,2024-08-09 19:29:12.555386
00:13:A2:00:42:37:AD:AD,7.0,66.0,3.2844,53.0,0.0,100.0,1.45,3.32,4.79,5.53,5.01,9.29,11.31,11.71,11.8,1.02,49.87,24.41,316.0,2024-08-09 19:59:27.597829
00:13:A2:00:42:37:AD:AD,7.0,67.0,3.2844,53.0,0.0,100.0,1.17,1.66,2.01,2.19,6.79,8.8,9.3,9.4,9.42,0.64,49.85,24.41,295.0,2024-08-09 20:29:12.640410
00:13:A2:00:42:37:AD:AD,7.0,68.0,3.2844,53.0,0.0,100.0,1.82,1.93,1.93,1.93,12.33,14.51,14.57,14.57,14.57,0.4,50.05,24.37,306.0,2024-08-09 20:59:12.685154
00:13:A2:00:42:37:AD:AD,7.0,69.0,3.2844,53.0,0.0,100.0,0.51,1.08,1.53,1.75,2.04,3.43,4.04,4.16,4.19,0.77,50.2,24.36,326.0,2024-08-09 21:29:12.728936
00:13:A2:00:42:37:AD:AD,7.0,70.0,3.2844,53.0,0.0,100.0,0.48,1.43,2.2,2.58,0.79,2.69,3.73,3.93,3.98,1.2,50.44,24.36,308.0,2024-08-09 21:59:12.774835
00:13:A2:00:42:37:AD:AD,7.0,89.0,3.2844,53.0,0.0,100.0,1.23,1.52,1.7,1.8,7.7,9.49,9.78,9.83,9.84,0.53,54.5,24.36,289.0,2024-08-10 07:29:13.603819
00:13:A2:00:42:37:AD:AD,7.0,90.0,3.2844,53.0,0.0,100.0,1.12,1.19,1.19,1.19,7.61,8.95,8.99,8.99,8.99,0.46,54.64,24.36,295.0,2024-08-10 07:59:13.641033
00:13:A2:00:42:37:AD:AD,7.0,91.0,3.2844,53.0,0.0,100.0,1.11,1.18,1.18,1.18,7.55,8.88,8.92,8.92,8.92,0.42,54.64,24.36,289.0,2024-08-10 08:29:13.699003
00:13:A2:00:42:37:AD:AD,7.0,92.0,3.2844,53.0,0.0,100.0,1.58,3.66,5.31,6.13,5.31,10.04,12.29,12.74,12.83,1.16,54.75,24.39,284.0,2024-08-10 08:59:13.735495
00:13:A2:00:42:37:AD:AD,7.0,93.0,3.2844,53.0,0.0,100.0,0.59,0.88,1.1,1.2,3.3,4.38,4.68,4.74,4.75,0.67,54.79,24.38,285.0,2024-08-10 09:29:13.789943
00:13:A2:00:42:37:AD:AD,7.0,94.0,3.2844,53.0,0.0,100.0,1.15,1.22,1.22,1.22,7.8,9.18,9.22,9.22,9.22,0.36,54.91,24.43,293.0,2024-08-10 09:59:13.823750
00:13:A2:00:42:37:AD:AD,7.0,95.0,3.2844,53.0,0.0,100.0,0.61,0.8,0.93,0.99,3.71,4.66,4.85,4.89,4.9,0.69,54.86,24.46,301.0,2024-08-10 10:29:13.867009
00:13:A2:00:42:37:AD:AD,7.0,96.0,3.2844,53.0,0.0,100.0,0.51,1.29,1.91,2.22,1.46,3.14,3.98,4.15,4.18,1.36,55.1,24.53,290.0,2024-08-10 10:59:28.914672
00:13:A2:00:42:37:AD:AD,7.0,97.0,3.2844,53.0,0.0,100.0,1.76,2.09,2.28,2.37,11.32,13.76,14.07,14.12,14.13,0.51,54.99,24.58,289.0,2024-08-10 11:29:13.954344
00:13:A2:00:42:37:AD:AD,7.0,98.0,3.2844,53.0,0.0,100.0,1.66,2.42,2.97,3.25,9.43,12.37,13.15,13.31,13.34,0.75,55.01,24.6,310.0,2024-08-10 11:59:13.993532
00:13:A2:00:42:37:AD:AD,7.0,99.0,3.2844,53.0,0.0,100.0,0.69,0.73,0.73,0.73,4.68,5.51,5.53,5.53,5.53,0.42,55.11,24.64,287.0,2024-08-10 12:29:14.049
00:13:A2:00:42:37:AD:AD,7.0,100.0,3.2844,53.0,0.0,100.0,0.68,0.72,0.72,0.72,4.61,5.43,5.45,5.46,5.46,0.38,55.21,24.71,276.0,2024-08-10 12:59:14.089159
00:13:A2:00:42:37:AD:AD,7.0,101.0,3.2844,53.0,0.0,100.0,3.56,3.76,3.76,3.76,24.05,28.32,28.43,28.43,28.44,0.36,55.21,24.73,296.0,2024-08-10 13:29:14.125636
00:13:A2:00:42:37:AD:AD,7.0,102.0,3.2844,53.0,0.0,100.0,1.74,2.59,3.21,3.53,9.72,12.88,13.76,13.94,13.97,0.86,55.2,24.74,274.0,2024-08-10 13:59:14.171441
00:13:A2:00:42:37:AD:AD,7.0,103.0,3.2844,53.0,0.0,100.0,2.35,3.83,4.95,5.5,12.25,16.99,18.55,18.86,18.92,0.87,55.23,24.77,276.0,2024-08-10 14:29:14.221190
00:13:A2:00:42:37:AD:AD,7.0,104.0,3.2844,53.0,0.0,100.0,1.3,1.85,2.24,2.43,7.55,9.79,10.35,10.46,10.48,0.51,55.14,24.79,287.0,2024-08-10 14:59:14.261452
00:13:A2:00:42:37:AD:AD,7.0,105.0,3.2844,53.0,0.0,100.0,2.05,2.17,2.17,2.17,13.88,16.34,16.4,16.41,16.41,0.38,54.89,24.81,299.0,2024-08-10 15:29:14.295166
00:13:A2:00:42:37:AD:AD,7.0,106.0,3.2844,53.0,0.0,100.0,2.81,2.97,2.97,2.97,18.98,22.35,22.43,22.44,22.44,0.41,54.63,24.82,296.0,2024-08-10 15:59:29.346257
00:13:A2:00:42:37:AD:AD,7.0,107.0,3.2844,53.0,0.0,100.0,3.05,3.53,3.78,3.9,19.79,23.88,24.31,24.38,24.4,0.52,54.27,24.86,290.0,2024-08-10 16:29:14.386948
00:13:A2:00:42:37:AD:AD,7.0,108.0,3.2844,53.0,0.0,100.0,2.5,2.64,2.64,2.64,16.89,19.89,19.96,19.97,19.97,0.42,53.9,24.94,284.0,2024-08-10 16:59:14.434146
00:13:A2:00:42:37:AD:AD,7.0,109.0,3.2844,53.0,0.0,100.0,1.51,1.6,1.6,1.6,10.24,12.05,12.1,12.1,12.1,0.35,53.43,25.01,288.0,2024-08-10 17:29:14.475386
00:13:A2:00:42:37:AD:AD,7.0,110.0,3.2844,53.0,0.0,100.0,2.0,2.9,3.55,3.87,11.43,14.95,15.87,16.05,16.09,0.74,53.06,25.17,285.0,2024-08-10 17:59:14.512428
00:13:A2:00:42:37:AD:AD,7.0,111.0,3.2844,53.0,0.0,100.0,2.12,2.52,2.74,2.86,13.65,16.58,16.95,17.01,17.03,0.63,52.75,25.32,287.0,2024-08-10 18:29:14.556273
00:13:A2:00:42:37:AD:AD,7.0,112.0,3.2844,53.0,0.0,100.0,4.16,5.52,6.44,6.9,25.09,31.66,33.03,33.28,33.34,0.8,52.38,25.47,272.0,2024-08-10 18:59:14.632686
00:13:A2:00:42:37:AD:AD,7.0,113.0,3.2844,53.0,0.0,100.0,5.24,6.37,7.05,7.39,33.22,40.68,41.75,41.95,41.99,0.5,52.04,25.63,276.0,2024-08-10 19:29:14.680535
00:13:A2:00:42:37:AD:AD,7.0,114.0,3.2844,53.0,0.0,100.0,2.81,3.98,4.81,5.23,16.27,21.07,22.27,22.5,22.55,0.82,51.76,25.7,291.0,2024-08-10 19:59:14.690589
00:13:A2:00:42:37:AD:AD,7.0,115.0,3.2844,53.0,0.0,100.0,3.7,4.16,4.36,4.46,24.4,29.18,29.56,29.62,29.64,0.52,51.7,25.65,289.0,2024-08-10 20:29:14.735458
00:13:A2:00:42:37:AD:AD,7.0,116.0,3.2844,53.0,0.0,100.0,3.66,3.88,3.88,3.88,24.78,29.17,29.28,29.29,29.3,0.41,51.69,25.51,281.0,2024-08-10 20:59:29.775031
00:13:A2:00:42:37:AD:AD,7.0,117.0,3.2844,53.0,0.0,100.0,1.95,2.06,2.06,2.06,13.18,15.52,15.57,15.58,15.58,0.45,51.82,25.4,291.0,2024-08-10 21:29:14.814343
00:13:A2:00:42:37:AD:AD,7.0,118.0,3.2844,53.0,0.0,100.0,2.45,2.59,2.59,2.59,16.56,19.5,19.57,19.58,19.58,0.37,52.04,25.28,272.0,2024-08-10 21:59:14.870560
00:13:A2:00:42:37:AD:AD,7.0,147.0,3.2844,53.0,0.0,100.0,2.03,2.41,2.63,2.74,13.02,15.83,16.18,16.25,16.26,0.47,51.64,25.04,297.0,2024-08-11 12:29:16.131217
00:13:A2:00:42:37:AD:AD,7.0,148.0,3.2844,53.0,0.0,100.0,1.38,1.61,1.72,1.78,8.99,10.86,11.05,11.09,11.1,0.56,51.45,25.07,290.0,2024-08-11 12:59:16.156986
00:13:A2:00:42:37:AD:AD,7.0,149.0,3.2844,53.0,0.0,100.0,0.87,0.92,0.92,0.92,5.89,6.94,6.97,6.97,6.97,0.45,51.23,25.09,292.0,2024-08-11 13:29:16.235429
00:13:A2:00:42:37:AD:AD,7.0,150.0,3.2844,53.0,0.0,100.0,1.98,2.09,2.09,2.09,13.38,15.75,15.81,15.82,15.82,0.37,51.14,25.11,282.0,2024-08-11 13:59:16.261762
00:13:A2:00:42:37:AD:AD,7.0,151.0,3.2844,53.0,0.0,100.0,2.04,2.16,2.16,2.16,13.83,16.28,16.35,16.35,16.35,0.43,50.97,25.12,287.0,2024-08-11 14:29:16.344456
00:13:A2:00:42:37:AD:AD,7.0,152.0,3.2844,53.0,0.0,100.0,1.35,1.43,1.43,1.43,9.15,10.78,10.82,10.82,10.82,0.37,50.93,25.18,296.0,2024-08-11 14:59:16.329019
00:13:A2:00:42:37:AD:AD,7.0,153.0,3.2844,53.0,0.0,100.0,1.71,2.07,2.29,2.39,10.9,13.33,13.67,13.73,13.74,0.57,50.87,25.22,283.0,2024-08-11 15:29:16.395722
00:13:A2:00:42:37:AD:AD,7.0,154.0,3.2844,53.0,0.0,100.0,3.57,3.77,3.77,3.77,24.11,28.38,28.49,28.5,28.51,0.37,50.79,25.26,260.0,2024-08-11 15:59:16.445770
00:13:A2:00:42:37:AD:AD,7.0,155.0,3.2844,53.0,0.0,100.0,1.98,2.29,2.45,2.53,12.9,15.55,15.83,15.87,15.89,0.47,50.71,25.3,274.0,2024-08-11 16:29:16.465951
00:13:A2:00:42:37:AD:AD,7.0,156.0,3.2844,53.0,0.0,100.0,1.36,1.44,1.44,1.44,9.24,10.87,10.91,10.92,10.92,0.46,50.63,25.32,270.0,2024-08-11 16:59:31.515643
00:13:A2:00:42:37:AD:AD,7.0,157.0,3.2844,53.0,0.0,100.0,1.25,1.77,2.13,2.32,7.3,9.43,9.96,10.06,10.08,0.7,50.62,25.34,307.0,2024-08-11 17:29:16.586952
00:13:A2:00:42:37:AD:AD,7.0,158.0,3.2844,53.0,0.0,100.0,2.9,3.49,3.84,4.01,18.51,22.58,23.14,23.23,23.26,0.59,50.64,25.3,288.0,2024-08-11 17:59:16.598572
00:13:A2:00:42:37:AD:AD,7.0,159.0,3.2844,53.0,0.0,100.0,1.28,1.36,1.36,1.36,8.69,10.23,10.27,10.27,10.28,0.4,50.76,25.28,299.0,2024-08-11 18:29:16.638911
00:13:A2:00:42:37:AD:AD,7.0,160.0,3.2844,53.0,0.0,100.0,3.01,3.49,3.74,3.87,19.51,23.56,23.99,24.06,24.08,0.52,50.78,25.36,269.0,2024-08-11 18:59:16.676896
00:13:A2:00:42:37:AD:AD,7.0,161.0,3.2844,53.0,0.0,100.0,0.82,1.21,1.49,1.63,4.66,6.14,6.54,6.61,6.63,0.85,50.7,25.51,292.0,2024-08-11 19:29:16.729936
00:13:A2:00:42:37:AD:AD,7.0,162.0,3.2844,53.0,0.0,100.0,1.1,2.26,3.17,3.62,4.52,7.41,8.66,8.9,8.96,1.09,50.58,25.56,290.0,2024-08-11 19:59:16.775572
00:13:A2:00:42:37:AD:AD,7.0,163.0,3.2844,53.0,0.0,100.0,0.92,0.98,0.98,0.98,6.26,7.37,7.4,7.4,7.4,0.3,50.61,25.53,288.0,2024-08-11 20:29:16.818976
00:13:A2:00:42:37:AD:AD,7.0,164.0,3.2844,53.0,0.0,100.0,0.61,0.94,1.19,1.31,3.33,4.49,4.84,4.9,4.92,0.53,50.75,25.46,267.0,2024-08-11 20:59:16.862582
00:13:A2:00:42:37:AD:AD,7.0,165.0,3.2844,53.0,0.0,100.0,0.73,0.77,0.77,0.77,4.96,5.84,5.86,5.87,5.87,0.28,50.83,25.41,308.0,2024-08-11 21:29:16.911775
00:13:A2:00:42:37:AD:AD,7.0,166.0,3.2844,53.0,0.0,100.0,0.8,0.84,0.84,0.84,5.41,6.36,6.39,6.39,6.39,0.32,50.99,25.35,278.0,2024-08-11 21:59:31.980750
00:13:A2:00:42:37:AD:AD,7.0,167.0,3.2844,53.0,0.0,100.0,2.33,2.46,2.46,2.46,15.74,18.52,18.6,18.6,18.6,0.38,51.0,25.32,281.0,2024-08-11 22:29:16.981222
00:13:A2:00:42:37:AD:AD,7.0,168.0,3.2844,53.0,0.0,100.0,0.62,0.98,1.25,1.38,3.36,4.57,4.94,5.02,5.03,0.86,51.09,25.26,275.0,2024-08-11 22:59:17.034766
00:13:A2:00:42:37:AD:AD,7.0,169.0,3.2844,53.0,0.0,100.0,0.64,0.68,0.68,0.68,4.38,5.16,5.18,5.18,5.18,0.36,51.19,25.21,273.0,2024-08-11 23:29:17.077716
00:13:A2:00:42:37:AD:AD,7.0,170.0,3.2844,53.0,0.0,100.0,4.18,4.42,4.42,4.42,28.27,33.27,33.4,33.41,33.42,0.29,51.23,25.2,291.0,2024-08-11 23:59:17.114093
00:13:A2:00:42:37:AD:AD,7.0,171.0,3.2844,53.0,0.0,100.0,2.33,2.47,2.47,2.47,15.78,18.57,18.65,18.65,18.65,0.39,51.25,25.14,298.0,2024-08-12 00:29:17.164271
00:13:A2:00:42:37:AD:AD,7.0,172.0,3.2844,53.0,0.0,100.0,0.61,0.65,0.65,0.65,4.17,4.91,4.93,4.93,4.93,0.34,51.29,25.14,292.0,2024-08-12 00:59:17.262189
00:13:A2:00:42:37:AD:AD,7.0,173.0,3.2844,53.0,0.0,100.0,1.27,1.34,1.34,1.34,8.61,10.13,10.17,10.18,10.18,0.39,51.3,25.09,283.0,2024-08-12 01:29:17.254601
00:13:A2:00:42:37:AD:AD,7.0,174.0,3.2844,53.0,0.0,100.0,0.63,0.77,0.85,0.89,4.06,4.96,5.08,5.11,5.11,0.52,51.31,25.08,265.0,2024-08-12 01:59:17.307065
00:13:A2:00:42:37:AD:AD,7.0,175.0,3.2844,53.0,0.0,100.0,0.59,0.96,1.24,1.38,3.07,4.27,4.66,4.74,4.76,0.81,51.28,25.08,280.0,2024-08-12 02:29:17.347751
00:13:A2:00:42:37:AD:AD,7.0,176.0,3.2844,53.0,0.0,100.0,1.18,1.52,1.75,1.87,7.24,9.05,9.4,9.46,9.47,0.67,51.31,25.04,269.0,2024-08-12 02:59:32.367797
00:13:A2:00:42:37:AD:AD,7.0,177.0,3.2844,53.0,0.0,100.0,1.17,1.24,1.24,1.24,7.95,9.36,9.4,9.4,9.4,0.39,51.26,25.04,273.0,2024-08-12 03:29:17.447694
00:13:A2:00:42:37:AD:AD,7.0,178.0,3.2844,53.0,0.0,100.0,0.66,0.7,0.7,0.7,4.48,5.27,5.29,5.29,5.29,0.36,51.25,25.04,285.0,2024-08-12 03:59:17.460836
00:13:A2:00:42:37:AD:AD,7.0,179.0,3.2844,53.0,0.0,100.0,0.66,0.7,0.7,0.7,4.52,5.32,5.34,5.34,5.34,0.33,51.23,25.03,284.0,2024-08-12 04:29:17.515437
00:13:A2:00:42:37:AD:AD,7.0,180.0,3.2844,53.0,0.0,100.0,2.42,2.56,2.56,2.56,16.36,19.26,19.33,19.34,19.34,0.31,51.19,25.02,278.0,2024-08-12 04:59:17.556260
00:13:A2:00:42:37:AD:AD,7.0,181.0,3.2844,53.0,0.0,100.0,0.59,1.01,1.32,1.48,3.02,4.28,4.72,4.8,4.82,0.84,51.15,25.01,288.0,2024-08-12 05:29:17.592909
00:13:A2:00:42:37:AD:AD,7.0,182.0,3.2844,53.0,0.0,100.0,0.57,0.6,0.6,0.6,3.87,4.55,4.57,4.57,4.57,0.27,51.1,24.98,264.0,2024-08-12 05:59:17.649097
00:13:A2:00:42:37:AD:AD,7.0,183.0,3.2844,53.0,0.0,100.0,0.61,0.76,0.86,0.91,3.82,4.73,4.88,4.91,4.91,0.53,51.07,24.98,284.0,2024-08-12 06:29:17.692673
00:13:A2:00:42:37:AD:AD,7.0,184.0,3.2844,53.0,0.0,100.0,1.14,2.18,2.98,3.38,5.12,7.88,8.99,9.21,9.25,0.92,51.02,25.0,279.0,2024-08-12 06:59:17.759968
00:13:A2:00:42:37:AD:AD,7.0,185.0,3.2844,53.0,0.0,100.0,0.74,0.78,0.78,0.78,5.04,5.93,5.95,5.96,5.96,0.41,50.84,24.98,262.0,2024-08-12 07:29:17.768489
00:13:A2:00:42:37:AD:AD,7.0,186.0,3.2844,53.0,0.0,100.0,1.72,1.82,1.82,1.82,11.64,13.7,13.75,13.75,13.76,0.44,50.58,24.99,277.0,2024-08-12 07:59:32.808805
00:13:A2:00:42:37:AD:AD,7.0,187.0,3.2844,53.0,0.0,100.0,0.56,0.98,1.29,1.45,2.81,4.03,4.47,4.56,4.58,0.6,50.44,25.03,265.0,2024-08-12 08:29:17.858334
00:13:A2:00:42:37:AD:AD,7.0,188.0,3.2844,53.0,0.0,100.0,1.13,1.49,1.74,1.86,6.89,8.67,9.03,9.1,9.11,0.52,50.33,25.02,281.0,2024-08-12 08:59:17.906730
00:13:A2:00:42:37:AD:AD,7.0,189.0,3.2844,53.0,0.0,100.0,1.5,3.97,5.94,6.92,3.77,8.97,11.64,12.18,12.29,1.12,50.18,25.04,281.0,2024-08-12 09:29:17.965867
00:13:A2:00:42:37:AD:AD,7.0,190.0,3.2844,53.0,0.0,100.0,0.65,0.69,0.69,0.69,4.44,5.23,5.25,5.25,5.25,0.41,50.01,25.05,284.0,2024-08-12 09:59:17.994983
00:13:A2:00:42:37:AD:AD,7.0,191.0,3.2844,53.0,0.0,100.0,2.49,2.63,2.63,2.63,16.84,19.82,19.9,19.9,19.91,0.37,49.88,25.06,270.0,2024-08-12 10:29:18.045768
00:13:A2:00:42:37:AD:AD,7.0,192.0,3.2844,53.0,0.0,100.0,1.61,3.36,4.74,5.42,6.47,10.77,12.65,13.02,13.1,1.01,49.71,25.06,287.0,2024-08-12 10:59:18.080423
00:13:A2:00:42:37:AD:AD,7.0,193.0,3.2844,53.0,0.0,100.0,1.28,1.35,1.35,1.35,8.68,10.22,10.26,10.26,10.26,0.31,49.57,25.1,279.0,2024-08-12 11:29:18.133471
00:13:A2:00:42:37:AD:AD,7.0,194.0,3.2844,53.0,0.0,100.0,3.01,3.56,3.87,4.03,19.31,23.45,23.96,24.06,24.08,0.49,49.56,25.08,274.0,2024-08-12 11:59:18.215088
00:13:A2:00:42:37:AD:AD,7.0,195.0,3.2844,53.0,0.0,100.0,1.21,1.82,2.27,2.5,6.71,8.94,9.58,9.7,9.73,0.84,49.55,25.09,272.0,2024-08-12 12:29:18.236551
00:13:A2:00:42:37:AD:AD,7.0,196.0,3.2844,53.0,0.0,100.0,1.41,1.49,1.49,1.49,9.55,11.24,11.28,11.29,11.29,0.44,49.48,25.06,253.0,2024-08-12 12:59:33.252703
00:13:A2:00:42:37:AD:AD,7.0,197.0,3.2844,53.0,0.0,100.0,3.01,3.18,3.18,3.18,20.35,23.96,24.05,24.06,24.06,0.41,49.4,25.1,289.0,2024-08-12 13:29:18.294855
00:13:A2:00:42:37:AD:AD,7.0,198.0,3.2844,53.0,0.0,100.0,1.72,2.54,3.14,3.44,9.66,12.76,13.61,13.78,13.82,0.55,49.49,25.1,289.0,2024-08-12 13:59:18.370592
00:13:A2:00:42:37:AD:AD,7.0,199.0,3.2844,53.0,0.0,100.0,2.11,5.04,7.36,8.51,6.77,13.3,16.46,17.09,17.22,1.23,49.48,25.07,269.0,2024-08-12 14:29:18.438127
00:13:A2:00:42:37:AD:AD,7.0,200.0,3.2844,53.0,0.0,100.0,2.04,2.15,2.15,2.15,13.79,16.23,16.29,16.3,16.3,0.42,49.47,25.05,263.0,2024-08-12 14:59:18.420701
00:13:A2:00:42:37:AD:AD,7.0,201.0,3.2844,53.0,0.0,100.0,1.41,1.54,1.58,1.6,9.38,11.15,11.25,11.26,11.27,0.48,49.4,25.09,273.0,2024-08-12 15:29:18.467245
00:13:A2:00:42:37:AD:AD,7.0,202.0,3.2844,53.0,0.0,100.0,1.36,1.46,1.49,1.5,9.13,10.8,10.87,10.88,10.88,0.5,49.39,25.1,275.0,2024-08-12 15:59:18.509784
00:13:A2:00:42:37:AD:AD,7.0,203.0,3.2844,53.0,0.0,100.0,1.86,2.18,2.36,2.45,11.98,14.52,14.81,14.87,14.88,0.56,49.4,25.08,257.0,2024-08-12 16:29:18.566291
00:13:A2:00:42:37:AD:AD,7.0,204.0,3.2844,53.0,0.0,100.0,2.35,3.98,5.22,5.84,11.85,16.8,18.53,18.87,18.94,0.85,49.39,25.05,262.0,2024-08-12 16:59:18.616444
00:13:A2:00:42:37:AD:AD,7.0,205.0,3.2844,53.0,0.0,100.0,0.68,1.12,1.45,1.61,3.56,4.95,5.41,5.5,5.52,0.82,49.37,25.05,270.0,2024-08-12 17:29:18.660424
00:13:A2:00:42:37:AD:AD,7.0,206.0,3.2844,53.0,0.0,100.0,1.53,1.62,1.62,1.62,10.36,12.2,12.24,12.24,12.25,0.37,49.35,25.08,281.0,2024-08-12 17:59:33.685018
00:13:A2:00:42:37:AD:AD,7.0,207.0,3.2844,53.0,0.0,100.0,0.69,1.0,1.24,1.35,3.92,5.14,5.47,5.53,5.55,0.69,49.33,25.11,268.0,2024-08-12 18:29:18.727953
00:13:A2:00:42:37:AD:AD,7.0,208.0,3.2844,53.0,0.0,100.0,5.73,7.22,8.17,8.64,35.67,44.17,45.62,45.89,45.95,0.65,49.42,25.05,278.0,2024-08-12 18:59:18.796786
00:13:A2:00:42:37:AD:AD,7.0,209.0,3.2844,53.0,0.0,100.0,1.16,1.47,1.66,1.76,7.26,8.99,9.29,9.34,9.35,0.51,49.49,25.04,276.0,2024-08-12 19:29:18.809373
00:13:A2:00:42:37:AD:AD,7.0,210.0,3.2844,53.0,0.0,100.0,1.88,1.99,1.99,1.99,12.72,14.98,15.03,15.04,15.04,0.43,49.59,25.04,293.0,2024-08-12 19:59:18.855865
00:13:A2:00:42:37:AD:AD,7.0,211.0,3.2844,53.0,0.0,100.0,0.65,0.69,0.69,0.69,4.43,5.22,5.24,5.24,5.24,0.39,49.69,24.99,289.0,2024-08-12 20:29:18.895482
00:13:A2:00:42:37:AD:AD,7.0,212.0,3.2844,53.0,0.0,100.0,1.88,2.21,2.39,2.48,12.17,14.74,15.04,15.09,15.11,0.54,49.77,24.93,296.0,2024-08-12 20:59:18.932394
00:13:A2:00:42:37:AD:AD,7.0,213.0,3.2844,53.0,0.0,100.0,0.74,0.78,0.78,0.78,5.02,5.91,5.93,5.93,5.93,0.46,49.86,24.87,283.0,2024-08-12 21:29:18.991840
00:13:A2:00:42:37:AD:AD,7.0,214.0,3.2844,53.0,0.0,100.0,1.43,2.1,2.58,2.82,8.12,10.66,11.35,11.49,11.52,0.55,49.97,24.82,291.0,2024-08-12 21:59:19.047563
00:13:A2:00:42:37:AD:AD,7.0,233.0,3.2844,53.0,0.0,100.0,0.62,0.66,0.66,0.66,4.25,5.0,5.02,5.02,5.02,0.45,50.8,24.46,280.0,2024-08-13 07:29:19.858542
00:13:A2:00:42:37:AD:AD,7.0,234.0,3.2844,53.0,0.0,100.0,1.68,2.57,3.22,3.54,9.29,12.42,13.34,13.52,13.56,0.84,50.69,24.48,303.0,2024-08-13 07:59:19.897993
00:13:A2:00:42:37:AD:AD,7.0,235.0,3.2844,53.0,0.0,100.0,0.57,0.84,1.03,1.12,3.26,4.28,4.55,4.6,4.61,0.82,50.64,24.48,293.0,2024-08-13 08:29:19.943896
00:13:A2:00:42:37:AD:AD,7.0,236.0,3.2844,53.0,0.0,100.0,1.82,1.92,1.92,1.92,12.31,14.49,14.54,14.55,14.55,0.32,50.52,24.49,314.0,2024-08-13 08:59:34.987819
00:13:A2:00:42:37:AD:AD,7.0,237.0,3.2844,53.0,0.0,100.0,1.21,1.28,1.28,1.28,8.17,9.62,9.66,9.66,9.66,0.44,50.44,24.5,312.0,2024-08-13 09:29:20.050789
00:13:A2:00:42:37:AD:AD,7.0,238.0,3.2844,53.0,0.0,100.0,2.45,2.59,2.59,2.59,16.54,19.48,19.55,19.55,19.56,0.43,50.46,24.52,303.0,2024-08-13 09:59:20.084364
00:13:A2:00:42:37:AD:AD,7.0,239.0,3.2844,53.0,0.0,100.0,1.81,2.07,2.2,2.26,11.86,14.26,14.49,14.52,14.53,0.49,50.47,24.54,300.0,2024-08-13 10:29:20.113550
00:13:A2:00:42:37:AD:AD,7.0,240.0,3.2844,53.0,0.0,100.0,4.18,5.24,5.91,6.24,26.11,32.27,33.3,33.49,33.53,0.63,50.45,24.57,302.0,2024-08-13 10:59:20.158388
00:13:A2:00:42:37:AD:AD,7.0,241.0,3.2844,53.0,0.0,100.0,4.16,4.39,4.39,4.39,28.09,33.07,33.2,33.21,33.21,0.41,50.43,24.58,294.0,2024-08-13 11:29:20.194280
00:13:A2:00:42:37:AD:AD,7.0,242.0,3.2844,53.0,0.0,100.0,3.14,3.33,3.33,3.33,21.26,25.03,25.13,25.13,25.14,0.41,50.48,24.6,303.0,2024-08-13 11:59:20.247286
00:13:A2:00:42:37:AD:AD,7.0,243.0,3.2844,53.0,0.0,100.0,3.17,3.83,4.23,4.43,20.16,24.65,25.27,25.39,25.41,0.66,50.46,24.64,291.0,2024-08-13 12:29:20.283170
00:13:A2:00:42:37:AD:AD,7.0,244.0,3.2844,53.0,0.0,100.0,4.71,4.98,4.98,4.98,31.81,37.44,37.59,37.59,37.6,0.46,50.5,24.67,293.0,2024-08-13 12:59:20.335104
00:13:A2:00:42:37:AD:AD,7.0,245.0,3.2844,53.0,0.0,100.0,8.56,9.89,10.57,10.91,55.65,67.08,68.26,68.46,68.51,0.55,50.48,24.67,287.0,2024-08-13 13:29:20.378941
00:13:A2:00:42:37:AD:AD,7.0,246.0,3.2844,53.0,0.0,100.0,8.78,9.66,9.97,10.12,58.34,69.39,70.07,70.17,70.2,0.48,50.4,24.72,281.0,2024-08-13 13:59:35.467144
00:13:A2:00:42:37:AD:AD,7.0,247.0,3.2844,53.0,0.0,100.0,9.41,10.94,11.76,12.17,60.88,73.56,74.94,75.18,75.24,0.6,50.33,24.79,297.0,2024-08-13 14:29:20.463084
00:13:A2:00:42:37:AD:AD,7.0,248.0,3.2844,53.0,0.0,100.0,15.61,18.54,20.22,21.05,99.97,121.55,124.27,124.75,124.87,0.65,50.29,24.79,292.0,2024-08-13 14:59:20.520627
00:13:A2:00:42:37:AD:AD,7.0,249.0,3.2844,53.0,0.0,100.0,8.21,9.69,10.51,10.93,52.8,64.06,65.41,65.65,65.71,0.64,50.32,24.79,289.0,2024-08-13 15:29:20.599314
00:13:A2:00:42:37:AD:AD,7.0,250.0,3.2844,53.0,0.0,100.0,16.88,19.6,21.05,21.77,109.32,132.01,134.46,134.89,134.99,0.61,50.33,24.81,266.0,2024-08-13 15:59:20.633272
00:13:A2:00:42:37:AD:AD,7.0,251.0,3.2844,53.0,0.0,100.0,9.63,12.34,14.13,15.02,59.23,73.84,76.52,77.02,77.13,0.76,50.33,24.82,296.0,2024-08-13 16:29:20.634716
00:13:A2:00:42:37:AD:AD,7.0,252.0,3.2844,53.0,0.0,100.0,12.1,14.12,15.22,15.77,78.16,94.54,96.38,96.7,96.78,0.64,50.47,24.84,336.0,2024-08-13 16:59:20.674160
00:13:A2:00:42:37:AD:AD,7.0,253.0,3.2844,53.0,0.0,100.0,12.29,13.84,14.54,14.89,80.72,96.64,97.95,98.17,98.22,0.59,50.67,24.95,357.0,2024-08-13 17:29:20.724108
00:13:A2:00:42:37:AD:AD,7.0,254.0,3.2844,53.0,0.0,100.0,11.82,13.63,14.56,15.02,76.83,92.58,94.18,94.46,94.53,0.59,50.46,25.23,355.0,2024-08-13 17:59:20.764284
00:13:A2:00:42:37:AD:AD,7.0,255.0,3.2844,53.0,0.0,100.0,13.88,16.7,18.37,19.21,88.32,107.82,110.47,110.95,111.07,0.64,50.12,25.55,348.0,2024-08-13 18:29:20.813819
00:13:A2:00:42:37:AD:AD,7.0,1.0,3.2844,53.0,0.0,100.0,13.67,14.46,14.46,14.46,92.36,108.72,109.14,109.17,109.19,0.43,49.6,25.92,328.0,2024-08-13 18:59:35.864674
00:13:A2:00:42:37:AD:AD,7.0,2.0,3.2844,53.0,0.0,100.0,11.55,12.67,13.05,13.24,76.79,91.27,92.12,92.25,92.29,0.48,49.31,26.12,351.0,2024-08-13 19:29:20.898488
00:13:A2:00:42:37:AD:AD,7.0,3.0,3.2844,53.0,0.0,100.0,12.23,14.11,15.07,15.55,79.52,95.83,97.49,97.77,97.84,0.53,49.13,26.19,319.0,2024-08-13 19:59:20.934733
00:13:A2:00:42:37:AD:AD,7.0,4.0,3.2844,53.0,0.0,100.0,10.48,11.6,12.03,12.25,69.44,82.73,83.62,83.76,83.8,0.58,49.06,26.17,332.0,2024-08-13 20:29:20.982302
00:13:A2:00:42:37:AD:AD,7.0,5.0,3.2844,53.0,0.0,100.0,14.2,16.22,17.22,17.72,92.65,111.37,113.14,113.43,113.51,0.61,49.04,26.14,343.0,2024-08-13 20:59:21.019841
00:13:A2:00:42:37:AD:AD,7.0,6.0,3.2844,53.0,0.0,100.0,13.25,14.01,14.01,14.01,89.52,105.39,105.79,105.82,105.83,0.42,49.1,26.12,346.0,2024-08-13 21:29:21.061890
00:13:A2:00:42:37:AD:AD,7.0,7.0,3.2844,53.0,0.0,100.0,14.44,19.2,22.44,24.06,86.96,109.83,114.62,115.52,115.72,0.76,49.1,26.12,326.0,2024-08-13 21:59:21.131187
00:13:A2:00:42:37:AD:AD,7.0,26.0,3.2844,53.0,0.0,100.0,8.84,9.35,9.35,9.35,59.71,70.3,70.56,70.58,70.6,0.44,50.62,24.95,316.0,2024-08-14 07:29:21.941783
00:13:A2:00:42:37:AD:AD,7.0,27.0,3.2844,53.0,0.0,100.0,7.56,7.99,7.99,7.99,51.05,60.1,60.33,60.35,60.36,0.44,50.49,24.93,332.0,2024-08-14 07:59:21.979747
00:13:A2:00:42:37:AD:AD,7.0,28.0,3.2844,53.0,0.0,100.0,4.31,6.49,8.08,8.88,23.94,31.84,34.11,34.55,34.64,0.9,50.36,24.91,332.0,2024-08-14 08:29:22.018646
00:13:A2:00:42:37:AD:AD,7.0,29.0,3.2844,53.0,0.0,100.0,3.55,4.12,4.41,4.56,23.06,27.83,28.33,28.42,28.44,0.52,50.17,24.93,356.0,2024-08-14 08:59:22.060389
00:13:A2:00:42:37:AD:AD,7.0,30.0,3.2844,53.0,0.0,100.0,7.29,7.71,7.71,7.71,49.29,58.02,58.24,58.26,58.27,0.42,50.06,24.95,355.0,2024-08-14 09:29:22.101409
00:13:A2:00:42:37:AD:AD,7.0,31.0,3.2844,53.0,0.0,100.0,5.33,6.32,6.89,7.17,34.14,41.5,42.42,42.59,42.63,0.62,49.86,24.95,331.0,2024-08-14 09:59:37.167479
00:13:A2:00:42:37:AD:AD,7.0,32.0,3.2844,53.0,0.0,100.0,3.32,4.21,4.79,5.07,20.6,25.57,26.44,26.6,26.64,0.7,49.84,25.0,322.0,2024-08-14 10:29:22.230853
00:13:A2:00:42:37:AD:AD,7.0,33.0,3.2844,53.0,0.0,100.0,4.11,4.99,5.52,5.78,26.09,31.92,32.75,32.91,32.94,0.51,49.74,25.0,341.0,2024-08-14 10:59:22.248952
00:13:A2:00:42:37:AD:AD,7.0,34.0,3.2844,53.0,0.0,100.0,3.67,4.29,4.62,4.78,23.77,28.74,29.3,29.39,29.42,0.5,49.67,25.03,341.0,2024-08-14 11:29:22.286630
00:13:A2:00:42:37:AD:AD,7.0,35.0,3.2844,53.0,0.0,100.0,3.91,5.13,5.95,6.36,23.79,29.88,31.1,31.33,31.38,0.58,49.8,25.14,401.0,2024-08-14 11:59:22.382155
00:13:A2:00:42:37:AD:AD,7.0,36.0,3.2844,53.0,0.0,100.0,5.4,6.71,7.54,7.95,33.79,41.68,42.96,43.19,43.25,0.62,49.67,25.27,420.0,2024-08-14 12:29:22.365281
00:13:A2:00:42:37:AD:AD,7.0,37.0,3.2844,53.0,0.0,100.0,5.53,5.85,5.85,5.85,37.39,44.01,44.18,44.19,44.2,0.45,49.43,25.49,389.0,2024-08-14 12:59:22.399136
00:13:A2:00:42:37:AD:AD,7.0,38.0,3.2844,53.0,0.0,100.0,6.5,6.87,6.87,6.87,43.91,51.69,51.88,51.9,51.91,0.37,48.99,25.77,388.0,2024-08-14 13:29:22.453818
00:13:A2:00:42:37:AD:AD,7.0,39.0,3.2844,53.0,0.0,100.0,8.37,8.85,8.85,8.85,56.55,66.57,66.83,66.84,66.86,0.46,48.95,26.11,519.0,2024-08-14 13:59:22.499340
00:13:A2:00:42:37:AD:AD,7.0,40.0,3.2844,53.0,0.0,100.0,5.58,7.08,8.04,8.53,34.57,42.92,44.39,44.66,44.73,0.62,49.27,26.49,648.0,2024-08-14 14:29:22.557074
00:13:A2:00:42:37:AD:AD,7.0,41.0,3.2844,53.0,0.0,100.0,6.29,7.46,8.13,8.47,40.37,49.06,50.14,50.34,50.38,0.63,49.35,26.84,704.0,2024-08-14 14:59:37.582201
00:13:A2:00:42:37:AD:AD,7.0,42.0,3.2844,53.0,0.0,100.0,5.17,6.07,6.57,6.82,33.32,40.37,41.19,41.34,41.37,0.5,46.75,26.73,708.0,2024-08-14 15:29:22.627285
00:13:A2:00:42:37:AD:AD,7.0,43.0,3.2844,53.0,0.0,100.0,5.06,6.84,8.08,8.7,30.14,38.33,40.14,40.48,40.56,0.79,44.59,26.45,738.0,2024-08-14 15:59:22.676583
00:13:A2:00:42:37:AD:AD,7.0,44.0,3.2844,53.0,0.0,100.0,4.07,4.49,4.65,4.74,26.96,32.11,32.45,32.5,32.52,0.55,42.69,26.12,698.0,2024-08-14 16:29:22.714982
00:13:A2:00:42:37:AD:AD,7.0,45.0,3.2844,53.0,0.0,100.0,4.13,5.65,6.72,7.25,24.45,31.23,32.78,33.07,33.14,0.77,41.38,25.69,646.0,2024-08-14 16:59:22.747189
00:13:A2:00:42:37:AD:AD,7.0,46.0,3.2844,53.0,0.0,100.0,6.49,7.54,8.1,8.37,42.08,50.82,51.76,51.92,51.96,0.5,40.69,25.32,575.0,2024-08-14 17:29:22.834269
00:13:A2:00:42:37:AD:AD,7.0,47.0,3.2844,53.0,0.0,100.0,6.06,7.09,7.66,7.94,39.14,47.37,48.31,48.47,48.51,0.58,40.23,25.03,512.0,2024-08-14 17:59:22.864099
00:13:A2:00:42:37:AD:AD,7.0,48.0,3.2844,53.0,0.0,100.0,5.82,6.42,6.64,6.75,38.62,45.96,46.43,46.51,46.53,0.55,40.02,24.83,487.0,2024-08-14 18:29:22.889548
00:13:A2:00:42:37:AD:AD,7.0,49.0,3.2844,53.0,0.0,100.0,7.3,8.87,9.82,10.29,46.28,56.66,58.15,58.42,58.48,0.5,39.77,24.62,459.0,2024-08-14 18:59:22.930580
00:13:A2:00:42:37:AD:AD,7.0,50.0,3.2844,53.0,0.0,100.0,6.8,7.31,7.41,7.47,45.61,53.93,54.27,54.31,54.33,0.53,39.61,24.46,413.0,2024-08-14 19:29:22.968669
00:13:A2:00:42:37:AD:AD,7.0,51.0,3.2844,53.0,0.0,100.0,7.24,7.66,7.66,7.66,48.92,57.59,57.81,57.82,57.83,0.46,39.24,24.22,406.0,2024-08-14 19:59:38.022642
00:13:A2:00:42:37:AD:AD,7.0,52.0,3.2844,53.0,0.0,100.0,5.51,6.34,6.76,6.97,35.89,43.22,43.95,44.07,44.1,0.53,39.25,24.02,384.0,2024-08-14 20:29:23.084582
00:13:A2:00:42:37:AD:AD,7.0,53.0,3.2844,53.0,0.0,100.0,4.9,5.77,6.26,6.5,31.56,38.27,39.07,39.21,39.25,0.58,39.18,23.76,381.0,2024-08-14 20:59:23.117816
00:13:A2:00:42:37:AD:AD,7.0,54.0,3.2844,53.0,0.0,100.0,5.26,5.7,5.82,5.87,35.19,41.69,42.01,42.05,42.06,0.5,39.12,23.53,390.0,2024-08-14 21:29:23.151393
00:13:A2:00:42:37:AD:AD,7.0,55.0,3.2844,53.0,0.0,100.0,5.75,7.1,7.95,8.38,36.09,44.43,45.74,45.98,46.04,0.63,39.05,23.34,371.0,2024-08-14 21:59:23.197589
00:13:A2:00:42:37:AD:AD,7.0,74.0,3.2844,53.0,0.0,100.0,9.85,11.73,12.83,13.37,62.97,76.64,78.4,78.71,78.79,0.6,38.7,21.58,364.0,2024-08-15 07:29:24.028303
00:13:A2:00:42:37:AD:AD,7.0,75.0,3.2844,53.0,0.0,100.0,12.48,13.93,14.54,14.84,82.34,98.32,99.51,99.7,99.75,0.52,38.86,21.54,305.0,2024-08-15 07:59:24.072050
00:13:A2:00:42:37:AD:AD,7.0,76.0,3.2844,53.0,0.0,100.0,7.11,8.03,8.46,8.67,46.64,55.89,56.67,56.8,56.84,0.57,39.04,21.53,333.0,2024-08-15 08:29:24.118791
00:13:A2:00:42:37:AD:AD,7.0,77.0,3.2844,53.0,0.0,100.0,7.05,8.13,8.68,8.96,45.87,55.27,56.22,56.39,56.43,0.63,39.17,21.53,318.0,2024-08-15 08:59:24.151387
00:13:A2:00:42:37:AD:AD,7.0,78.0,3.2844,53.0,0.0,100.0,4.4,5.28,5.81,6.07,28.03,34.2,35.03,35.18,35.22,0.47,39.36,21.52,322.0,2024-08-15 09:29:24.224917
00:13:A2:00:42:37:AD:AD,7.0,79.0,3.2844,53.0,0.0,100.0,7.33,9.05,10.12,10.65,46.06,56.68,58.34,58.64,58.71,0.67,39.55,21.53,322.0,2024-08-15 09:59:24.260122
00:13:A2:00:42:37:AD:AD,7.0,81.0,3.2844,53.0,0.0,100.0,6.31,8.74,10.45,11.3,37.12,47.61,50.09,50.56,50.66,0.82,42.06,22.04,846.0,2024-08-15 10:59:39.362512
00:13:A2:00:42:37:AD:AD,7.0,82.0,3.2844,53.0,0.0,100.0,7.28,9.35,10.71,11.4,44.73,55.79,57.84,58.22,58.31,0.7,42.55,22.62,1101.0,2024-08-15 11:29:24.392900
00:13:A2:00:42:37:AD:AD,7.0,83.0,3.2844,53.0,0.0,100.0,6.3,7.48,8.16,8.5,40.38,49.09,50.19,50.39,50.44,0.57,41.99,22.71,1102.0,2024-08-15 11:59:24.439797
00:13:A2:00:42:37:AD:AD,7.0,84.0,3.2844,53.0,0.0,100.0,4.61,6.03,6.98,7.45,28.1,35.26,36.67,36.93,36.99,0.76,41.4,22.58,974.0,2024-08-15 12:29:24.469348
00:13:A2:00:42:37:AD:AD,7.0,85.0,3.2844,53.0,0.0,100.0,3.32,3.7,3.86,3.94,21.93,26.18,26.49,26.54,26.56,0.5,41.08,22.43,865.0,2024-08-15 12:59:24.514308
00:13:A2:00:42:37:AD:AD,7.0,86.0,3.2844,53.0,0.0,100.0,4.73,6.31,7.4,7.94,28.44,35.98,37.57,37.87,37.94,0.72,41.0,22.3,795.0,2024-08-15 13:29:24.564056
00:13:A2:00:42:37:AD:AD,7.0,87.0,3.2844,53.0,0.0,100.0,5.47,6.05,6.26,6.37,36.29,43.22,43.67,43.74,43.76,0.53,41.0,22.22,761.0,2024-08-15 13:59:24.671642
00:13:A2:00:42:37:AD:AD,7.0,88.0,3.2844,53.0,0.0,100.0,6.42,8.58,10.06,10.79,38.55,48.78,50.96,51.37,51.46,0.76,41.12,22.15,690.0,2024-08-15 14:29:24.656908
00:13:A2:00:42:37:AD:AD,7.0,89.0,3.2844,53.0,0.0,100.0,9.2,10.42,10.99,11.28,60.3,72.3,73.34,73.52,73.56,0.61,41.21,22.11,646.0,2024-08-15 14:59:24.697837
00:13:A2:00:42:37:AD:AD,7.0,90.0,3.2844,53.0,0.0,100.0,12.03,13.97,15.0,15.51,77.9,94.07,95.82,96.12,96.2,0.5,41.15,22.08,605.0,2024-08-15 15:29:24.744419
00:13:A2:00:42:37:AD:AD,7.0,91.0,3.2844,53.0,0.0,100.0,14.27,16.69,18.0,18.66,92.15,111.51,113.7,114.08,114.18,0.67,41.15,21.99,575.0,2024-08-15 15:59:39.786101
00:13:A2:00:42:37:AD:AD,7.0,92.0,3.2844,53.0,0.0,100.0,8.67,12.94,16.05,17.61,48.41,64.15,68.59,69.44,69.63,0.81,41.23,22.01,527.0,2024-08-15 16:29:24.835292
00:13:A2:00:42:37:AD:AD,7.0,93.0,3.2844,53.0,0.0,100.0,9.15,10.28,10.78,11.03,60.17,71.99,72.94,73.09,73.14,0.56,41.35,21.99,519.0,2024-08-15 16:59:24.876233
00:13:A2:00:42:37:AD:AD,7.0,94.0,3.2844,53.0,0.0,100.0,6.95,7.35,7.35,7.35,46.95,55.27,55.48,55.5,55.51,0.46,41.14,21.95,481.0,2024-08-15 17:29:24.918956
00:13:A2:00:42:37:AD:AD,7.0,95.0,3.2844,53.0,0.0,100.0,8.67,9.91,10.51,10.82,56.62,68.06,69.13,69.31,69.36,0.5,40.99,21.9,446.0,2024-08-15 17:59:25.016980
00:13:A2:00:42:37:AD:AD,7.0,96.0,3.2844,53.0,0.0,100.0,8.27,9.59,10.29,10.64,53.63,64.74,65.92,66.13,66.18,0.57,40.9,21.84,451.0,2024-08-15 18:29:25.018178
00:13:A2:00:42:37:AD:AD,7.0,97.0,3.2844,53.0,0.0,100.0,9.26,10.32,10.75,10.97,61.14,72.98,73.84,73.97,74.01,0.57,40.85,21.81,441.0,2024-08-15 18:59:25.048666
00:13:A2:00:42:37:AD:AD,7.0,98.0,3.2844,53.0,0.0,100.0,6.9,8.02,8.62,8.92,44.65,53.95,54.96,55.13,55.18,0.65,40.81,21.74,419.0,2024-08-15 19:29:25.091311
00:13:A2:00:42:37:AD:AD,7.0,99.0,3.2844,53.0,0.0,100.0,11.58,12.54,12.79,12.91,77.48,91.77,92.45,92.53,92.57,0.51,40.76,21.73,432.0,2024-08-15 19:59:25.145054
00:13:A2:00:42:37:AD:AD,7.0,100.0,3.2844,53.0,0.0,100.0,9.42,11.03,11.92,12.36,60.78,73.59,75.06,75.31,75.38,0.64,40.76,21.68,377.0,2024-08-15 20:29:25.192892
00:13:A2:00:42:37:AD:AD,7.0,101.0,3.2844,53.0,0.0,100.0,6.05,7.87,9.09,9.7,36.89,46.23,48.05,48.39,48.47,0.77,40.76,21.59,379.0,2024-08-15 20:59:40.259695
00:13:A2:00:42:37:AD:AD,7.0,102.0,3.2844,53.0,0.0,100.0,6.54,7.44,7.88,8.1,42.76,51.34,52.13,52.26,52.29,0.58,40.68,21.58,386.0,2024-08-15 21:29:25.280815
00:13:A2:00:42:37:AD:AD,7.0,103.0,3.2844,53.0,0.0,100.0,10.16,15.22,18.92,20.77,56.63,75.16,80.42,81.43,81.66,0.88,40.7,21.52,374.0,2024-08-15 21:59:25.319565
00:13:A2:00:42:37:AD:AD,7.0,122.0,3.2844,53.0,0.0,100.0,8.27,11.15,13.13,14.11,49.47,62.79,65.68,66.23,66.36,0.76,39.47,20.98,352.0,2024-08-16 07:29:26.179794
00:13:A2:00:42:37:AD:AD,7.0,123.0,3.2844,53.0,0.0,100.0,6.68,8.42,9.55,10.11,41.45,51.38,53.09,53.4,53.48,0.74,39.21,20.97,369.0,2024-08-16 07:59:26.229270
00:13:A2:00:42:37:AD:AD,7.0,124.0,3.2844,53.0,0.0,100.0,6.21,6.88,7.14,7.27,41.16,49.05,49.58,49.67,49.69,0.54,39.15,20.93,364.0,2024-08-16 08:29:26.271146
00:13:A2:00:42:37:AD:AD,7.0,125.0,3.2844,53.0,0.0,100.0,3.79,5.36,6.47,7.03,21.99,28.44,30.05,30.36,30.43,0.86,39.3,20.94,357.0,2024-08-16 08:59:26.323494
00:13:A2:00:42:37:AD:AD,7.0,126.0,3.2844,53.0,0.0,100.0,5.85,6.47,6.71,6.82,38.8,46.21,46.7,46.78,46.8,0.56,39.37,20.97,365.0,2024-08-16 09:29:26.382961
00:13:A2:00:42:37:AD:AD,7.0,127.0,3.2844,53.0,0.0,100.0,5.47,8.27,10.32,11.35,30.25,40.34,43.26,43.82,43.94,0.93,39.39,20.99,369.0,2024-08-16 09:59:26.420647
00:13:A2:00:42:37:AD:AD,7.0,128.0,3.2844,53.0,0.0,100.0,6.84,7.45,7.62,7.71,45.69,54.19,54.63,54.69,54.71,0.48,39.57,21.01,354.0,2024-08-16 10:29:26.463882
00:13:A2:00:42:37:AD:AD,7.0,129.0,3.2844,53.0,0.0,100.0,8.53,9.44,9.79,9.96,56.52,67.34,68.06,68.17,68.2,0.53,39.63,21.04,380.0,2024-08-16 10:59:26.500170
00:13:A2:00:42:37:AD:AD,7.0,130.0,3.2844,53.0,0.0,100.0,8.48,10.98,12.65,13.49,51.85,64.87,67.36,67.83,67.94,0.78,39.66,21.07,382.0,2024-08-16 11:29:26.554145
00:13:A2:00:42:37:AD:AD,7.0,131.0,3.2844,53.0,0.0,100.0,6.5,7.92,8.79,9.23,41.06,50.34,51.71,51.95,52.01,0.58,39.57,21.11,390.0,2024-08-16 11:59:41.586765
00:13:A2:00:42:37:AD:AD,7.0,132.0,3.2844,53.0,0.0,100.0,8.62,9.5,9.81,9.97,57.26,68.12,68.8,68.9,68.93,0.53,39.74,21.15,399.0,2024-08-16 12:29:26.630032
00:13:A2:00:42:37:AD:AD,7.0,133.0,3.2844,53.0,0.0,100.0,11.5,13.71,14.99,15.63,73.56,89.53,91.59,91.96,92.05,0.66,39.92,21.18,385.0,2024-08-16 12:59:26.700454
00:13:A2:00:42:37:AD:AD,7.0,134.0,3.2844,53.0,0.0,100.0,6.18,7.17,7.7,7.96,40.02,48.33,49.22,49.37,49.41,0.64,40.18,21.21,382.0,2024-08-16 13:29:26.727572
00:13:A2:00:42:37:AD:AD,7.0,135.0,3.2844,53.0,0.0,100.0,8.74,11.06,12.56,13.31,54.15,67.19,69.47,69.89,69.99,0.73,40.45,21.2,418.0,2024-08-16 13:59:26.817346
00:13:A2:00:42:37:AD:AD,7.0,136.0,3.2844,53.0,0.0,100.0,11.73,12.67,12.9,13.01,78.52,92.95,93.6,93.68,93.71,0.54,40.87,21.22,458.0,2024-08-16 14:29:26.810808
00:13:A2:00:42:37:AD:AD,7.0,137.0,3.2844,53.0,0.0,100.0,12.5,14.48,15.51,16.03,81.09,97.85,99.62,99.92,100.0,0.6,42.9,21.36,704.0,2024-08-16 14:59:26.872421
00:13:A2:00:42:37:AD:AD,7.0,138.0,3.2844,53.0,0.0,100.0,10.04,11.26,11.79,12.06,66.1,79.04,80.06,80.22,80.26,0.54,43.71,21.55,969.0,2024-08-16 15:29:26.919742
00:13:A2:00:42:37:AD:AD,7.0,139.0,3.2844,53.0,0.0,100.0,11.33,13.91,15.51,16.3,71.33,87.64,90.12,90.57,90.68,0.68,43.13,21.61,979.0,2024-08-16 15:59:26.955279
00:13:A2:00:42:37:AD:AD,7.0,140.0,3.2844,53.0,0.0,100.0,8.81,9.79,10.18,10.37,58.25,69.47,70.26,70.38,70.42,0.53,42.79,21.62,946.0,2024-08-16 16:29:26.995511
00:13:A2:00:42:37:AD:AD,7.0,141.0,3.2844,53.0,0.0,100.0,13.92,15.75,16.61,17.03,91.26,109.4,110.96,111.22,111.29,0.58,42.74,21.65,939.0,2024-08-16 16:59:42.027382
00:13:A2:00:42:37:AD:AD,7.0,142.0,3.2844,53.0,0.0,100.0,8.22,9.44,10.06,10.37,53.52,64.43,65.51,65.69,65.74,0.54,42.36,21.61,859.0,2024-08-16 17:29:27.081657
00:13:A2:00:42:37:AD:AD,7.0,143.0,3.2844,53.0,0.0,100.0,16.02,17.47,17.92,18.14,106.8,126.74,127.81,127.96,128.01,0.56,42.23,21.52,796.0,2024-08-16 17:59:27.125889
00:13:A2:00:42:37:AD:AD,7.0,144.0,3.2844,53.0,0.0,100.0,11.2,15.23,18.03,19.43,66.59,84.82,88.9,89.67,89.85,0.82,42.21,21.42,738.0,2024-08-16 18:29:27.173669
00:13:A2:00:42:37:AD:AD,7.0,145.0,3.2844,53.0,0.0,100.0,9.44,10.78,11.44,11.77,61.63,74.07,75.24,75.44,75.49,0.63,42.21,21.34,645.0,2024-08-16 18:59:27.210394
00:13:A2:00:42:37:AD:AD,7.0,146.0,3.2844,53.0,0.0,100.0,9.14,14.16,17.87,19.72,49.68,67.02,72.26,73.28,73.5,0.96,42.16,21.28,620.0,2024-08-16 19:29:27.154099
00:13:A2:00:42:37:AD:AD,7.0,147.0,3.2844,53.0,0.0,100.0,13.09,15.55,16.96,17.67,83.8,101.9,104.19,104.6,104.7,0.65,42.09,21.21,565.0,2024-08-16 19:59:27.305996
00:13:A2:00:42:37:AD:AD,7.0,148.0,3.2844,53.0,0.0,100.0,8.9,11.19,12.66,13.4,55.33,68.51,70.75,71.17,71.26,0.72,42.06,21.12,542.0,2024-08-16 20:29:27.354463
00:13:A2:00:42:37:AD:AD,7.0,149.0,3.2844,53.0,0.0,100.0,15.22,18.32,20.17,21.09,96.79,118.18,121.11,121.64,121.77,0.66,41.99,21.03,518.0,2024-08-16 20:59:27.394994
00:13:A2:00:42:37:AD:AD,7.0,150.0,3.2844,53.0,0.0,100.0,12.73,16.29,18.64,19.81,78.34,97.61,101.14,101.79,101.94,0.71,41.98,20.93,486.0,2024-08-16 21:29:27.433791
00:13:A2:00:42:37:AD:AD,7.0,151.0,3.2844,53.0,0.0,100.0,15.46,17.06,17.65,17.94,102.54,122.06,123.32,123.51,123.56,0.53,41.99,20.83,438.0,2024-08-16 21:59:42.478631
00:13:A2:00:42:37:AD:AD,7.0,170.0,3.2844,53.0,0.0,100.0,6.44,7.82,8.67,9.09,40.76,49.92,51.24,51.48,51.54,0.67,42.22,20.11,338.0,2024-08-17 07:29:28.365449
00:13:A2:00:42:37:AD:AD,7.0,171.0,3.2844,53.0,0.0,100.0,5.35,6.52,7.23,7.58,33.85,41.48,42.59,42.79,42.84,0.69,42.26,20.11,365.0,2024-08-17 07:59:43.413581
00:13:A2:00:42:37:AD:AD,7.0,172.0,3.2844,53.0,0.0,100.0,9.33,10.99,11.92,12.39,59.99,72.77,74.3,74.57,74.63,0.67,42.24,20.15,341.0,2024-08-17 08:29:28.453573
00:13:A2:00:42:37:AD:AD,7.0,173.0,3.2844,53.0,0.0,100.0,5.58,7.24,8.34,8.88,34.17,42.75,44.39,44.7,44.77,0.77,42.29,20.13,351.0,2024-08-17 08:59:28.501466
00:13:A2:00:42:37:AD:AD,7.0,174.0,3.2844,53.0,0.0,100.0,8.99,10.59,11.48,11.93,57.84,70.15,71.62,71.88,71.94,0.6,42.38,20.17,347.0,2024-08-17 09:29:28.548285
00:13:A2:00:42:37:AD:AD,7.0,175.0,3.2844,53.0,0.0,100.0,8.63,9.65,10.08,10.29,56.95,68.03,68.86,69.0,69.03,0.59,42.49,20.18,361.0,2024-08-17 09:59:28.600020
00:13:A2:00:42:37:AD:AD,7.0,176.0,3.2844,53.0,0.0,100.0,7.64,8.79,9.38,9.67,49.71,59.87,60.89,61.07,61.11,0.59,42.63,20.24,347.0,2024-08-17 10:29:28.628405
00:13:A2:00:42:37:AD:AD,7.0,177.0,3.2844,53.0,0.0,100.0,4.64,7.41,9.49,10.52,24.61,33.74,36.65,37.21,37.34,0.94,42.81,20.27,344.0,2024-08-17 10:59:28.684591
00:13:A2:00:42:37:AD:AD,7.0,178.0,3.2844,53.0,0.0,100.0,14.41,16.75,18.0,18.63,93.29,112.7,114.81,115.17,115.26,0.61,42.97,20.32,334.0,2024-08-17 11:29:28.742136
00:13:A2:00:42:37:AD:AD,7.0,179.0,3.2844,53.0,0.0,100.0,5.35,6.79,7.74,8.21,33.06,41.08,42.51,42.77,42.83,0.68,43.19,20.33,319.0,2024-08-17 11:59:28.776749
00:13:A2:00:42:37:AD:AD,7.0,180.0,3.2844,53.0,0.0,100.0,9.35,10.77,11.5,11.86,60.84,73.29,74.55,74.76,74.81,0.59,43.45,20.39,340.0,2024-08-17 12:29:28.831906
00:13:A2:00:42:37:AD:AD,7.0,181.0,3.2844,53.0,0.0,100.0,11.58,14.2,15.81,16.61,73.03,89.67,92.17,92.63,92.74,0.71,43.98,20.39,340.0,2024-08-17 12:59:43.867749
00:13:A2:00:42:37:AD:AD,7.0,182.0,3.2844,53.0,0.0,100.0,10.39,11.7,12.29,12.58,68.31,81.77,82.87,83.05,83.09,0.61,44.17,20.48,312.0,2024-08-17 13:29:28.932074
00:13:A2:00:42:37:AD:AD,7.0,183.0,3.2844,53.0,0.0,100.0,8.23,9.49,10.15,10.47,53.51,64.49,65.61,65.8,65.85,0.48,44.43,20.52,319.0,2024-08-17 13:59:28.970283
00:13:A2:00:42:37:AD:AD,7.0,184.0,3.2844,53.0,0.0,100.0,11.98,13.29,13.8,14.05,79.31,94.54,95.58,95.74,95.79,0.52,44.78,20.57,317.0,2024-08-17 14:29:29.016114
00:13:A2:00:42:37:AD:AD,7.0,185.0,3.2844,53.0,0.0,100.0,7.76,9.51,10.59,11.12,48.93,60.07,61.75,62.06,62.13,0.69,45.0,20.59,317.0,2024-08-17 14:59:29.039786
00:13:A2:00:42:37:AD:AD,7.0,186.0,3.2844,53.0,0.0,100.0,11.67,15.45,18.02,19.31,70.47,88.87,92.66,93.38,93.54,0.79,45.17,20.66,285.0,2024-08-17 15:29:29.068944
00:13:A2:00:42:37:AD:AD,7.0,187.0,3.2844,53.0,0.0,100.0,10.67,13.13,14.65,15.41,67.15,82.55,84.91,85.34,85.45,0.73,45.3,20.69,304.0,2024-08-17 15:59:29.141397
00:13:A2:00:42:37:AD:AD,7.0,188.0,3.2844,53.0,0.0,100.0,7.74,10.57,12.54,13.52,45.85,58.51,61.39,61.93,62.05,0.84,45.5,20.74,308.0,2024-08-17 16:29:29.173239
00:13:A2:00:42:37:AD:AD,7.0,189.0,3.2844,53.0,0.0,100.0,11.74,16.03,19.01,20.5,69.58,88.77,93.13,93.95,94.14,0.81,45.56,20.77,298.0,2024-08-17 16:59:29.228422
00:13:A2:00:42:37:AD:AD,7.0,190.0,3.2844,53.0,0.0,100.0,12.23,14.76,16.27,17.02,77.74,94.99,97.38,97.81,97.91,0.65,45.65,20.8,283.0,2024-08-17 17:29:29.274795
00:13:A2:00:42:37:AD:AD,7.0,191.0,3.2844,53.0,0.0,100.0,16.12,20.38,23.13,24.51,99.9,123.94,128.12,128.89,129.07,0.71,45.79,20.8,299.0,2024-08-17 17:59:44.333494
00:13:A2:00:42:37:AD:AD,7.0,192.0,3.2844,53.0,0.0,100.0,13.93,16.94,18.77,19.68,88.14,107.96,110.83,111.35,111.47,0.73,45.6,20.85,289.0,2024-08-17 18:29:29.368690
00:13:A2:00:42:37:AD:AD,7.0,193.0,3.2844,53.0,0.0,100.0,12.57,18.71,23.19,25.42,70.33,93.08,99.45,100.68,100.96,0.86,45.54,20.84,299.0,2024-08-17 18:59:29.401731
00:13:A2:00:42:37:AD:AD,7.0,194.0,3.2844,53.0,0.0,100.0,15.03,19.27,22.07,23.46,92.44,115.24,119.44,120.22,120.4,0.73,45.32,20.8,268.0,2024-08-17 19:29:29.460820
00:13:A2:00:42:37:AD:AD,7.0,195.0,3.2844,53.0,0.0,100.0,12.53,13.25,13.25,13.25,84.65,99.66,100.04,100.06,100.08,0.46,45.14,20.78,278.0,2024-08-17 19:59:29.492831
00:13:A2:00:42:37:AD:AD,7.0,196.0,3.2844,53.0,0.0,100.0,10.43,11.72,12.3,12.58,68.59,82.07,83.15,83.33,83.38,0.59,44.94,20.74,296.0,2024-08-17 20:29:29.545428
00:13:A2:00:42:37:AD:AD,7.0,197.0,3.2844,53.0,0.0,100.0,10.83,12.26,12.93,13.26,70.99,85.11,86.33,86.53,86.59,0.61,44.74,20.68,299.0,2024-08-17 20:59:29.582420
00:13:A2:00:42:37:AD:AD,7.0,198.0,3.2844,53.0,0.0,100.0,11.92,13.98,15.13,15.7,76.79,93.02,94.91,95.24,95.33,0.63,44.65,20.61,276.0,2024-08-17 21:29:29.647939
00:13:A2:00:42:37:AD:AD,7.0,199.0,3.2844,53.0,0.0,100.0,9.32,14.39,18.15,20.02,50.73,68.35,73.65,74.68,74.91,0.89,44.54,20.58,282.0,2024-08-17 21:59:29.678637
00:13:A2:00:42:37:AD:AD,7.0,228.0,3.2844,53.0,0.0,100.0,7.46,8.72,9.41,9.76,48.16,58.29,59.44,59.64,59.69,0.59,43.96,20.4,259.0,2024-08-18 12:29:31.014970
00:13:A2:00:42:37:AD:AD,7.0,229.0,3.2844,53.0,0.0,100.0,6.11,6.82,7.13,7.28,40.31,48.14,48.73,48.82,48.85,0.5,44.13,20.43,295.0,2024-08-18 12:59:31.042825
00:13:A2:00:42:37:AD:AD,7.0,230.0,3.2844,53.0,0.0,100.0,5.06,6.1,6.71,7.01,32.25,39.37,40.34,40.51,40.56,0.54,44.45,20.48,290.0,2024-08-18 13:29:31.103546
00:13:A2:00:42:37:AD:AD,7.0,231.0,3.2844,53.0,0.0,100.0,11.18,12.68,13.38,13.73,73.26,87.86,89.14,89.36,89.41,0.52,44.71,20.52,298.0,2024-08-18 13:59:46.142988
00:13:A2:00:42:37:AD:AD,7.0,232.0,3.2844,53.0,0.0,100.0,3.33,3.85,4.12,4.25,21.6,26.06,26.52,26.6,26.62,0.51,44.6,20.57,288.0,2024-08-18 14:29:31.190935
00:13:A2:00:42:37:AD:AD,7.0,233.0,3.2844,53.0,0.0,100.0,6.39,7.34,7.82,8.05,41.66,50.14,50.97,51.11,51.15,0.6,44.48,20.56,285.0,2024-08-18 14:59:31.229139
00:13:A2:00:42:37:AD:AD,7.0,234.0,3.2844,53.0,0.0,100.0,5.42,6.44,7.03,7.32,34.74,42.24,43.19,43.36,43.4,0.66,44.32,20.57,274.0,2024-08-18 15:29:31.283421
00:13:A2:00:42:37:AD:AD,7.0,235.0,3.2844,53.0,0.0,100.0,4.38,6.73,8.46,9.32,23.97,32.2,34.65,35.12,35.22,0.93,44.29,20.57,280.0,2024-08-18 15:59:31.320340
00:13:A2:00:42:37:AD:AD,7.0,236.0,3.2844,53.0,0.0,100.0,6.04,7.35,8.15,8.54,38.21,46.81,48.06,48.29,48.34,0.62,44.28,20.57,274.0,2024-08-18 16:29:31.376360
00:13:A2:00:42:37:AD:AD,7.0,237.0,3.2844,53.0,0.0,100.0,4.27,5.62,6.54,7.0,25.87,32.56,33.92,34.17,34.23,0.76,44.32,20.58,268.0,2024-08-18 16:59:31.407999
00:13:A2:00:42:37:AD:AD,7.0,238.0,3.2844,53.0,0.0,100.0,3.74,5.57,6.9,7.56,20.96,27.73,29.63,29.99,30.07,0.77,44.25,20.56,284.0,2024-08-18 17:29:31.468442
00:13:A2:00:42:37:AD:AD,7.0,239.0,3.2844,53.0,0.0,100.0,6.53,8.11,9.11,9.6,40.91,50.45,51.98,52.26,52.32,0.7,44.18,20.56,284.0,2024-08-18 17:59:31.519685
00:13:A2:00:42:37:AD:AD,7.0,240.0,3.2844,53.0,0.0,100.0,8.61,14.95,19.78,22.19,42.47,61.1,67.82,69.14,69.43,0.98,44.06,20.55,275.0,2024-08-18 18:29:31.559426
00:13:A2:00:42:37:AD:AD,7.0,241.0,3.2844,53.0,0.0,100.0,6.11,7.17,7.75,8.04,39.36,47.68,48.65,48.82,48.87,0.61,43.95,20.52,273.0,2024-08-18 18:59:46.592198
00:13:A2:00:42:37:AD:AD,7.0,242.0,3.2844,53.0,0.0,100.0,7.71,10.64,12.7,13.72,45.44,58.22,61.2,61.77,61.89,0.77,43.84,20.51,270.0,2024-08-18 19:29:31.649993
00:13:A2:00:42:37:AD:AD,7.0,243.0,3.2844,53.0,0.0,100.0,6.17,8.53,10.19,11.01,36.33,46.57,48.97,49.43,49.54,0.8,43.76,20.46,271.0,2024-08-18 19:59:31.687087
00:13:A2:00:42:37:AD:AD,7.0,244.0,3.2844,53.0,0.0,100.0,4.44,5.71,6.55,6.97,27.25,34.01,35.27,35.5,35.56,0.72,43.63,20.42,265.0,2024-08-18 20:29:31.745993
00:13:A2:00:42:37:AD:AD,7.0,245.0,3.2844,53.0,0.0,100.0,7.9,9.35,10.17,10.58,50.71,61.58,62.92,63.15,63.21,0.68,43.58,20.36,281.0,2024-08-18 20:59:31.784939
00:13:A2:00:42:37:AD:AD,7.0,246.0,3.2844,53.0,0.0,100.0,8.03,9.19,9.77,10.05,52.42,63.03,64.04,64.21,64.26,0.62,43.58,20.36,266.0,2024-08-18 21:29:31.820683
00:13:A2:00:42:37:AD:AD,7.0,247.0,3.2844,53.0,0.0,100.0,6.86,7.42,7.55,7.61,45.94,54.39,54.77,54.82,54.84,0.49,43.6,20.32,279.0,2024-08-18 21:59:31.868500
00:13:A2:00:42:37:AD:AD,7.0,248.0,3.2844,53.0,0.0,100.0,9.44,11.08,11.98,12.44,60.82,73.68,75.18,75.44,75.51,0.65,43.58,20.28,274.0,2024-08-18 22:29:31.719405
00:13:A2:00:42:37:AD:AD,7.0,249.0,3.2844,53.0,0.0,100.0,9.4,12.23,14.13,15.07,57.37,71.89,74.7,75.23,75.35,0.66,43.59,20.28,272.0,2024-08-18 22:59:31.795454
00:13:A2:00:42:37:AD:AD,7.0,250.0,3.2844,53.0,0.0,100.0,4.54,4.8,4.8,4.8,30.69,36.13,36.27,36.28,36.28,0.43,43.56,20.23,283.0,2024-08-18 23:29:31.988932
00:13:A2:00:42:37:AD:AD,7.0,251.0,3.2844,53.0,0.0,100.0,7.2,8.81,9.8,10.29,45.45,55.78,57.32,57.6,57.66,0.65,43.6,20.19,258.0,2024-08-18 23:59:47.054673
00:13:A2:00:42:37:AD:AD,7.0,252.0,3.2844,53.0,0.0,100.0,5.45,6.74,7.55,7.96,34.17,42.1,43.35,43.58,43.63,0.65,43.57,20.24,285.0,2024-08-19 00:29:32.100161
00:13:A2:00:42:37:AD:AD,7.0,253.0,3.2844,53.0,0.0,100.0,5.74,6.46,6.78,6.94,37.76,45.18,45.78,45.88,45.91,0.47,43.62,20.18,276.0,2024-08-19 00:59:32.157230
00:13:A2:00:42:37:AD:AD,7.0,254.0,3.2844,53.0,0.0,100.0,6.16,7.68,8.64,9.12,38.47,47.51,48.98,49.26,49.32,0.7,43.67,20.18,281.0,2024-08-19 01:29:32.223374
00:13:A2:00:42:37:AD:AD,7.0,255.0,3.2844,53.0,0.0,100.0,2.38,3.85,4.95,5.5,12.5,17.25,18.79,19.09,19.16,0.94,43.65,20.15,274.0,2024-08-19 01:59:32.245454
00:13:A2:00:42:37:AD:AD,7.0,1.0,3.2844,53.0,0.0,100.0,3.43,3.62,3.62,3.62,23.16,27.27,27.37,27.38,27.39,0.46,43.64,20.15,288.0,2024-08-19 02:29:32.316860
00:13:A2:00:42:37:AD:AD,7.0,2.0,3.2844,53.0,0.0,100.0,4.25,5.22,5.81,6.11,26.83,32.95,33.87,34.04,34.08,0.69,43.64,20.13,291.0,2024-08-19 02:59:32.341413
00:13:A2:00:42:37:AD:AD,7.0,3.0,3.2844,53.0,0.0,100.0,3.36,4.75,5.74,6.24,19.51,25.24,26.67,26.94,27.0,0.79,43.68,20.11,280.0,2024-08-19 03:29:32.371087
00:13:A2:00:42:37:AD:AD,7.0,4.0,3.2844,53.0,0.0,100.0,7.18,8.57,9.37,9.78,45.89,55.88,57.18,57.41,57.46,0.66,43.62,20.08,284.0,2024-08-19 03:59:32.422131
00:13:A2:00:42:37:AD:AD,7.0,5.0,3.2844,53.0,0.0,100.0,3.58,3.79,3.79,3.79,24.22,28.51,28.62,28.63,28.63,0.43,43.63,20.06,273.0,2024-08-19 04:29:32.477367
00:13:A2:00:42:37:AD:AD,7.0,6.0,3.2844,53.0,0.0,100.0,4.16,5.81,6.97,7.55,24.31,31.3,32.99,33.31,33.38,0.82,43.64,20.0,289.0,2024-08-19 04:59:47.521531
00:13:A2:00:42:37:AD:AD,7.0,7.0,3.2844,53.0,0.0,100.0,5.37,7.07,8.22,8.8,32.52,40.93,42.63,42.95,43.03,0.74,43.6,20.03,279.0,2024-08-19 05:29:32.576446
00:13:A2:00:42:37:AD:AD,7.0,8.0,3.2844,53.0,0.0,100.0,2.63,3.3,3.73,3.94,16.38,20.27,20.93,21.05,21.08,0.73,43.6,20.02,290.0,2024-08-19 05:59:32.610398
00:13:A2:00:42:37:AD:AD,7.0,9.0,3.2844,53.0,0.0,100.0,5.49,7.17,8.3,8.86,33.48,42.0,43.67,43.98,44.06,0.58,43.15,19.99,273.0,2024-08-19 06:29:32.655923
00:13:A2:00:42:37:AD:AD,7.0,10.0,3.2844,53.0,0.0,100.0,3.91,4.87,5.48,5.79,24.48,30.22,31.15,31.32,31.36,0.61,42.54,19.95,276.0,2024-08-19 06:59:32.706711
00:13:A2:00:42:37:AD:AD,7.0,11.0,3.2844,53.0,0.0,100.0,4.4,5.73,6.62,7.06,26.84,33.64,34.97,35.21,35.27,0.74,41.92,19.91,276.0,2024-08-19 07:29:32.738165
00:13:A2:00:42:37:AD:AD,7.0,12.0,3.2844,53.0,0.0,100.0,6.08,6.74,7.01,7.14,40.22,47.95,48.48,48.56,48.59,0.55,41.42,19.86,285.0,2024-08-19 07:59:32.798026
00:13:A2:00:42:37:AD:AD,7.0,13.0,3.2844,53.0,0.0,100.0,4.24,6.13,7.49,8.17,24.28,31.7,33.65,34.02,34.1,0.86,41.17,19.86,313.0,2024-08-19 08:29:32.841943
00:13:A2:00:42:37:AD:AD,7.0,14.0,3.2844,53.0,0.0,100.0,6.41,10.93,14.36,16.08,32.15,45.73,50.52,51.45,51.66,0.99,41.05,19.88,353.0,2024-08-19 08:59:32.887679
00:13:A2:00:42:37:AD:AD,7.0,15.0,3.2844,53.0,0.0,100.0,3.73,5.4,6.6,7.2,21.27,27.81,29.53,29.86,29.94,0.86,41.46,19.88,454.0,2024-08-19 09:29:32.941139
00:13:A2:00:42:37:AD:AD,7.0,16.0,3.2844,53.0,0.0,100.0,10.49,12.13,12.98,13.41,68.09,82.12,83.58,83.84,83.9,0.6,44.84,20.04,839.0,2024-08-19 09:59:47.983068
00:13:A2:00:42:37:AD:AD,7.0,17.0,3.2844,53.0,0.0,100.0,4.72,5.09,5.17,5.21,31.61,37.4,37.65,37.68,37.7,0.5,46.65,20.86,1499.0,2024-08-19 10:29:33.030662
00:13:A2:00:42:37:AD:AD,7.0,18.0,3.2844,53.0,0.0,100.0,4.95,6.08,6.78,7.13,31.21,38.35,39.44,39.63,39.68,0.55,47.23,21.68,2122.0,2024-08-19 10:59:33.072396
00:13:A2:00:42:37:AD:AD,7.0,19.0,3.2844,53.0,0.0,100.0,6.73,7.83,8.42,8.72,43.56,52.64,53.63,53.81,53.85,0.48,47.16,22.15,2648.0,2024-08-19 11:29:33.128466
00:13:A2:00:42:37:AD:AD,7.0,20.0,3.2844,53.0,0.0,100.0,4.02,4.44,4.6,4.68,26.63,31.72,32.06,32.11,32.12,0.56,47.2,22.52,3087.0,2024-08-19 11:59:33.166023
00:13:A2:00:42:37:AD:AD,7.0,21.0,3.2844,53.0,0.0,100.0,5.35,7.19,8.45,9.08,32.06,40.65,42.5,42.85,42.93,0.79,47.29,22.84,3478.0,2024-08-19 12:29:33.203762
00:13:A2:00:42:37:AD:AD,7.0,22.0,3.2844,53.0,0.0,100.0,3.34,4.47,5.25,5.64,20.05,25.39,26.53,26.75,26.79,0.63,46.1,22.9,3423.0,2024-08-19 12:59:33.249197
00:13:A2:00:42:37:AD:AD,7.0,23.0,3.2844,53.0,0.0,100.0,5.31,6.42,7.09,7.43,33.69,41.2,42.25,42.44,42.49,0.65,44.37,22.52,3057.0,2024-08-19 13:29:33.293318
00:13:A2:00:42:37:AD:AD,7.0,24.0,3.2844,53.0,0.0,100.0,5.41,6.31,6.79,7.03,34.99,42.31,43.12,43.26,43.29,0.58,43.61,22.17,2740.0,2024-08-19 13:59:33.338784
00:13:A2:00:42:37:AD:AD,7.0,25.0,3.2844,53.0,0.0,100.0,8.15,8.62,8.62,8.62,55.09,64.86,65.1,65.12,65.13,0.41,43.1,22.09,2589.0,2024-08-19 14:29:33.376141
00:13:A2:00:42:37:AD:AD,7.0,26.0,3.2844,53.0,0.0,100.0,6.93,8.18,8.89,9.24,44.56,54.08,55.23,55.43,55.48,0.61,42.67,22.0,2389.0,2024-08-19 14:59:48.428938
00:13:A2:00:42:37:AD:AD,7.0,27.0,3.2844,53.0,0.0,100.0,3.49,6.6,9.01,10.21,15.76,24.09,27.41,28.06,28.21,1.06,42.72,22.02,2250.0,2024-08-19 15:29:33.468314
00:13:A2:00:42:37:AD:AD,7.0,28.0,3.2844,53.0,0.0,100.0,2.05,2.26,2.35,2.39,13.58,16.18,16.35,16.38,16.39,0.49,42.45,21.99,2149.0,2024-08-19 15:59:33.507880
00:13:A2:00:42:37:AD:AD,7.0,29.0,3.2844,53.0,0.0,100.0,3.76,4.7,5.3,5.6,23.44,28.98,29.9,30.06,30.1,0.65,42.04,21.92,2096.0,2024-08-19 16:29:33.556234
00:13:A2:00:42:37:AD:AD,7.0,30.0,3.2844,53.0,0.0,100.0,3.2,3.82,4.18,4.37,20.46,24.92,25.5,25.6,25.63,0.64,41.68,21.65,1966.0,2024-08-19 16:59:33.604836
00:13:A2:00:42:37:AD:AD,7.0,31.0,3.2844,53.0,0.0,100.0,2.97,4.87,6.3,7.02,15.4,21.42,23.43,23.82,23.9,0.91,42.02,21.37,1730.0,2024-08-19 17:29:33.652236
00:13:A2:00:42:37:AD:AD,7.0,32.0,3.2844,53.0,0.0,100.0,3.18,3.92,4.39,4.62,20.01,24.62,25.33,25.46,25.49,0.58,42.39,21.14,1528.0,2024-08-19 17:59:33.693946
00:13:A2:00:42:37:AD:AD,7.0,33.0,3.2844,53.0,0.0,100.0,3.48,5.8,7.55,8.42,17.83,25.01,27.46,27.94,28.05,1.04,42.61,20.94,1366.0,2024-08-19 18:29:33.739324
00:13:A2:00:42:37:AD:AD,7.0,34.0,3.2844,53.0,0.0,100.0,1.16,1.22,1.22,1.22,7.84,9.23,9.27,9.27,9.27,0.38,43.04,20.77,1196.0,2024-08-19 18:59:33.772919
00:13:A2:00:42:37:AD:AD,7.0,35.0,3.2844,53.0,0.0,100.0,3.87,6.05,7.68,8.49,20.86,28.29,30.58,31.02,31.12,0.87,43.66,20.67,1046.0,2024-08-19 19:29:33.834620
00:13:A2:00:42:37:AD:AD,7.0,36.0,3.2844,53.0,0.0,100.0,1.87,2.74,3.37,3.69,10.63,13.96,14.86,15.03,15.07,0.81,44.38,20.56,922.0,2024-08-19 19:59:48.866021
00:13:A2:00:42:37:AD:AD,7.0,37.0,3.2844,53.0,0.0,100.0,1.7,3.44,4.79,5.47,7.08,11.45,13.31,13.68,13.76,1.13,44.42,20.49,834.0,2024-08-19 20:29:33.919224
00:13:A2:00:42:37:AD:AD,7.0,38.0,3.2844,53.0,0.0,100.0,0.63,0.67,0.67,0.67,4.3,5.06,5.08,5.08,5.08,0.41,44.36,20.41,741.0,2024-08-19 20:59:33.969992
00:13:A2:00:42:37:AD:AD,7.0,39.0,3.2844,53.0,0.0,100.0,1.64,2.47,3.08,3.38,9.11,12.13,12.99,13.16,13.2,0.83,44.38,20.34,697.0,2024-08-19 21:29:34.002504
00:13:A2:00:42:37:AD:AD,7.0,40.0,3.2844,53.0,0.0,100.0,2.31,4.0,5.28,5.91,11.5,16.48,18.26,18.61,18.68,0.82,44.42,20.27,624.0,2024-08-19 21:59:34.053995
00:13:A2:00:42:37:AD:AD,7.0,59.0,3.2844,53.0,0.0,100.0,4.4,5.63,6.44,6.84,27.13,33.79,35.0,35.23,35.28,0.51,47.48,21.03,294.0,2024-08-20 07:29:34.934057
00:13:A2:00:42:37:AD:AD,7.0,60.0,3.2844,53.0,0.0,100.0,0.6,1.27,1.79,2.05,2.4,4.02,4.74,4.88,4.91,0.9,48.67,21.18,313.0,2024-08-20 07:59:34.961013
00:13:A2:00:42:37:AD:AD,7.0,61.0,3.2844,53.0,0.0,100.0,2.9,3.93,4.63,4.99,17.3,22.0,23.04,23.24,23.28,0.68,49.9,21.34,345.0,2024-08-20 08:29:35.013725
00:13:A2:00:42:37:AD:AD,7.0,62.0,3.2844,53.0,0.0,100.0,2.4,2.9,3.2,3.35,15.24,18.63,19.11,19.19,19.22,0.48,50.81,21.48,409.0,2024-08-20 08:59:35.084952
00:13:A2:00:42:37:AD:AD,7.0,63.0,3.2844,53.0,0.0,100.0,1.23,1.77,2.16,2.36,7.04,9.19,9.75,9.86,9.88,0.66,51.48,21.56,434.0,2024-08-20 09:29:35.118963
00:13:A2:00:42:37:AD:AD,7.0,64.0,3.2844,53.0,0.0,100.0,2.27,4.03,5.38,6.05,11.0,16.04,17.91,18.28,18.36,0.73,51.94,21.68,440.0,2024-08-20 09:59:35.169092
00:13:A2:00:42:37:AD:AD,7.0,65.0,3.2844,53.0,0.0,100.0,0.7,1.49,2.11,2.42,2.74,4.65,5.5,5.66,5.7,1.23,52.35,21.77,524.0,2024-08-20 10:29:35.205756
00:13:A2:00:42:37:AD:AD,7.0,66.0,3.2844,53.0,0.0,100.0,1.27,1.5,1.64,1.71,8.15,9.9,10.12,10.16,10.17,0.53,48.79,21.63,774.0,2024-08-20 10:59:50.238437
00:13:A2:00:42:37:AD:AD,7.0,67.0,3.2844,53.0,0.0,100.0,1.06,2.79,4.18,4.87,2.68,6.33,8.22,8.59,8.67,1.32,46.54,21.46,949.0,2024-08-20 11:29:35.290279
00:13:A2:00:42:37:AD:AD,7.0,68.0,3.2844,53.0,0.0,100.0,1.09,1.79,2.3,2.56,5.72,7.93,8.66,8.8,8.83,0.83,44.74,21.26,1070.0,2024-08-20 11:59:35.333544
00:13:A2:00:42:37:AD:AD,7.0,69.0,3.2844,53.0,0.0,100.0,0.65,0.94,1.16,1.26,3.7,4.85,5.15,5.21,5.22,0.7,43.66,21.11,1250.0,2024-08-20 12:29:35.401048
00:13:A2:00:42:37:AD:AD,7.0,70.0,3.2844,53.0,0.0,100.0,0.59,1.08,1.45,1.64,2.8,4.15,4.67,4.77,4.79,0.88,43.51,20.95,1388.0,2024-08-20 12:59:35.428944
00:13:A2:00:42:37:AD:AD,7.0,71.0,3.2844,53.0,0.0,100.0,1.24,1.57,1.78,1.88,7.75,9.61,9.92,9.98,10.0,0.49,43.4,20.91,1539.0,2024-08-20 13:29:35.477073
00:13:A2:00:42:37:AD:AD,7.0,72.0,3.2844,53.0,0.0,100.0,0.63,0.8,0.91,0.97,3.91,4.86,5.03,5.06,5.07,0.64,44.79,21.26,2043.0,2024-08-20 13:59:35.516280
00:13:A2:00:42:37:AD:AD,7.0,73.0,3.2844,53.0,0.0,100.0,0.63,0.67,0.67,0.67,4.28,5.04,5.06,5.07,5.07,0.44,45.56,21.67,2462.0,2024-08-20 14:29:35.559021
00:13:A2:00:42:37:AD:AD,7.0,74.0,3.2844,53.0,0.0,100.0,0.64,0.68,0.68,0.68,4.35,5.12,5.14,5.14,5.14,0.46,45.67,22.1,2818.0,2024-08-20 14:59:35.619935
00:13:A2:00:42:37:AD:AD,7.0,75.0,3.2844,53.0,0.0,100.0,0.62,1.36,1.94,2.23,2.33,4.08,4.88,5.03,5.07,1.14,45.66,22.34,3047.0,2024-08-20 15:29:35.675949
00:13:A2:00:42:37:AD:AD,7.0,76.0,3.2844,53.0,0.0,100.0,0.46,1.6,2.52,2.98,0.14,2.28,3.52,3.77,3.83,1.27,45.72,22.55,3445.0,2024-08-20 15:59:50.698561
00:13:A2:00:42:37:AD:AD,7.0,77.0,3.2844,53.0,0.0,100.0,1.68,2.56,3.2,3.52,9.3,12.42,13.34,13.51,13.55,0.5,45.8,22.7,3658.0,2024-08-20 16:29:35.742010
00:13:A2:00:42:37:AD:AD,7.0,78.0,3.2844,53.0,0.0,100.0,1.15,2.09,2.82,3.18,5.41,8.04,9.04,9.24,9.28,0.77,44.88,22.7,3499.0,2024-08-20 16:59:35.786590
00:13:A2:00:42:37:AD:AD,7.0,79.0,3.2844,53.0,0.0,100.0,1.07,2.6,3.82,4.42,3.27,6.64,8.3,8.63,8.7,0.88,42.85,22.28,3050.0,2024-08-20 17:29:35.842526
00:13:A2:00:42:37:AD:AD,7.0,80.0,3.2844,53.0,0.0,100.0,1.74,1.84,1.84,1.84,11.78,13.86,13.92,13.92,13.92,0.36,41.73,21.79,2587.0,2024-08-20 17:59:35.882269
00:13:A2:00:42:37:AD:AD,7.0,81.0,3.2844,53.0,0.0,100.0,0.5,1.06,1.5,1.72,1.95,3.32,3.92,4.04,4.07,0.67,43.15,21.46,2243.0,2024-08-20 18:29:35.921967
00:13:A2:00:42:37:AD:AD,7.0,82.0,3.2844,53.0,0.0,100.0,0.62,0.65,0.65,0.65,4.2,4.94,4.96,4.96,4.97,0.42,44.94,21.5,1969.0,2024-08-20 18:59:35.985196
00:13:A2:00:42:37:AD:AD,7.0,83.0,3.2844,53.0,0.0,100.0,0.56,0.82,1.01,1.1,3.19,4.19,4.46,4.51,4.52,0.82,46.4,21.58,1735.0,2024-08-20 19:29:36.005725
00:13:A2:00:42:37:AD:AD,7.0,84.0,3.2844,53.0,0.0,100.0,0.59,0.88,1.1,1.2,3.3,4.38,4.68,4.74,4.75,0.67,47.61,21.66,1554.0,2024-08-20 19:59:36.039483
00:13:A2:00:42:37:AD:AD,7.0,85.0,3.2844,53.0,0.0,100.0,0.54,0.99,1.33,1.5,2.56,3.8,4.28,4.38,4.4,0.77,48.59,21.75,1377.0,2024-08-20 20:29:36.086666
00:13:A2:00:42:37:AD:AD,7.0,86.0,3.2844,53.0,0.0,100.0,0.56,0.81,0.99,1.09,3.21,4.2,4.46,4.51,4.52,0.71,49.77,21.8,1256.0,2024-08-20 20:59:51.136228
00:13:A2:00:42:37:AD:AD,7.0,87.0,3.2844,53.0,0.0,100.0,0.54,1.36,2.02,2.35,1.55,3.33,4.23,4.4,4.44,1.2,50.25,21.9,1127.0,2024-08-20 21:29:36.191526
00:13:A2:00:42:37:AD:AD,7.0,88.0,3.2844,53.0,0.0,100.0,0.55,1.24,1.78,2.05,1.98,3.58,4.32,4.47,4.5,0.96,50.89,21.92,1010.0,2024-08-20 21:59:36.227783
00:13:A2:00:42:37:AD:AD,7.0,107.0,3.2844,53.0,0.0,100.0,1.22,1.61,1.88,2.01,7.45,9.37,9.76,9.83,9.85,0.55,53.86,22.05,341.0,2024-08-21 07:29:37.075054
00:13:A2:00:42:37:AD:AD,7.0,108.0,3.2844,53.0,0.0,100.0,1.19,1.52,1.74,1.85,7.35,9.16,9.48,9.55,9.56,0.54,54.09,22.18,511.0,2024-08-21 07:59:37.116004
00:13:A2:00:42:37:AD:AD,7.0,109.0,3.2844,53.0,0.0,100.0,0.58,0.86,1.08,1.18,3.24,4.3,4.6,4.65,4.67,0.67,52.29,22.51,1183.0,2024-08-21 08:29:37.157441
00:13:A2:00:42:37:AD:AD,7.0,110.0,3.2844,53.0,0.0,100.0,1.01,2.27,3.27,3.76,3.65,6.58,7.94,8.21,8.27,0.67,50.2,22.74,1779.0,2024-08-21 08:59:37.201495
00:13:A2:00:42:37:AD:AD,7.0,111.0,3.2844,53.0,0.0,100.0,1.01,3.0,4.6,5.4,1.67,5.64,7.8,8.23,8.33,1.02,48.65,22.89,2269.0,2024-08-21 09:29:37.249853
00:13:A2:00:42:37:AD:AD,7.0,112.0,3.2844,53.0,0.0,100.0,1.18,1.25,1.25,1.25,8.01,9.43,9.46,9.47,9.47,0.38,47.61,22.98,2629.0,2024-08-21 09:59:37.289086
00:13:A2:00:42:37:AD:AD,7.0,113.0,3.2844,53.0,0.0,100.0,0.47,1.7,2.69,3.19,0.0,2.27,3.61,3.88,3.93,1.62,46.99,23.02,3011.0,2024-08-21 10:29:37.351175
00:13:A2:00:42:37:AD:AD,7.0,114.0,3.2844,53.0,0.0,100.0,0.51,1.16,1.66,1.92,1.86,3.35,4.05,4.18,4.21,0.67,46.14,23.08,3264.0,2024-08-21 10:59:37.383545
00:13:A2:00:42:37:AD:AD,7.0,115.0,3.2844,53.0,0.0,100.0,0.62,0.66,0.66,0.66,4.23,4.98,5.0,5.0,5.01,0.27,44.05,22.78,2975.0,2024-08-21 11:29:37.444101
00:13:A2:00:42:37:AD:AD,7.0,116.0,3.2844,53.0,0.0,100.0,0.56,0.6,0.6,0.6,3.84,4.52,4.54,4.54,4.54,0.27,43.84,22.52,3078.0,2024-08-21 11:59:52.474278
00:13:A2:00:42:37:AD:AD,7.0,117.0,3.2844,53.0,0.0,100.0,0.47,1.81,2.9,3.44,0.0,2.11,3.58,3.87,3.94,1.62,44.63,22.69,3417.0,2024-08-21 12:29:37.534180
00:13:A2:00:42:37:AD:AD,7.0,118.0,3.2844,53.0,0.0,100.0,0.52,1.06,1.48,1.69,2.16,3.52,4.09,4.21,4.23,0.77,45.16,22.87,3791.0,2024-08-21 12:59:37.563403
00:13:A2:00:42:37:AD:AD,7.0,119.0,3.2844,53.0,0.0,100.0,1.03,2.49,3.65,4.23,3.18,6.41,7.99,8.31,8.38,1.16,45.74,23.01,4186.0,2024-08-21 13:29:37.608821
00:13:A2:00:42:37:AD:AD,7.0,120.0,3.2844,53.0,0.0,100.0,0.55,1.19,1.69,1.95,2.11,3.64,4.33,4.46,4.49,0.85,46.17,23.14,4509.0,2024-08-21 13:59:37.648461
00:13:A2:00:42:37:AD:AD,7.0,121.0,3.2844,53.0,0.0,100.0,0.41,2.3,3.84,4.6,0.0,0.94,3.01,3.42,3.51,1.62,46.5,23.22,4595.0,2024-08-21 14:29:37.693464
00:13:A2:00:42:37:AD:AD,7.0,122.0,3.2844,53.0,0.0,100.0,0.56,0.84,1.04,1.14,3.14,4.17,4.46,4.51,4.53,0.67,44.61,22.86,4085.0,2024-08-21 14:59:37.747323
00:13:A2:00:42:37:AD:AD,7.0,123.0,3.2844,53.0,0.0,100.0,0.62,0.66,0.66,0.66,4.23,4.98,5.0,5.0,5.01,0.27,42.89,22.36,3667.0,2024-08-21 15:29:37.793455
00:13:A2:00:42:37:AD:AD,7.0,124.0,3.2844,53.0,0.0,100.0,0.0,0.0,0.0,0.0,0.0,0.0,0.0,0.0,0.0,1.62,41.81,21.93,3276.0,2024-08-21 15:59:37.828237
00:13:A2:00:42:37:AD:AD,7.0,125.0,3.2844,53.0,0.0,100.0,0.0,0.0,0.0,0.0,0.0,0.0,0.0,0.0,0.0,1.62,41.21,21.57,2920.0,2024-08-21 16:29:37.871081
00:13:A2:00:42:37:AD:AD,7.0,126.0,3.2844,53.0,0.0,100.0,0.0,0.0,0.0,0.0,0.0,0.0,0.0,0.0,0.0,1.62,40.56,21.2,2537.0,2024-08-21 16:59:52.892943
00:13:A2:00:42:37:AD:AD,7.0,127.0,3.2844,53.0,0.0,100.0,0.6,0.64,0.64,0.64,4.11,4.84,4.86,4.86,4.87,0.27,40.55,20.97,2303.0,2024-08-21 17:29:37.963170
00:13:A2:00:42:37:AD:AD,7.0,128.0,3.2844,53.0,0.0,100.0,0.0,0.0,0.0,0.0,0.0,0.0,0.0,0.0,0.0,1.62,40.7,20.77,2032.0,2024-08-21 17:59:37.998873
00:13:A2:00:42:37:AD:AD,7.0,129.0,3.2844,53.0,0.0,100.0,0.0,0.0,0.0,0.0,0.0,0.0,0.0,0.0,0.0,1.62,40.98,20.58,1746.0,2024-08-21 18:29:38.049007
00:13:A2:00:42:37:AD:AD,7.0,130.0,3.2844,53.0,0.0,100.0,0.41,2.18,3.63,4.35,0.0,1.09,3.04,3.42,3.51,1.62,40.98,20.4,1563.0,2024-08-21 18:59:38.089214
00:13:A2:00:42:37:AD:AD,7.0,131.0,3.2844,53.0,0.0,100.0,0.44,2.01,3.28,3.92,0.0,1.54,3.27,3.61,3.68,1.62,40.89,20.26,1395.0,2024-08-21 19:29:38.141038
00:13:A2:00:42:37:AD:AD,7.0,132.0,3.2844,53.0,0.0,100.0,0.4,2.11,3.49,4.18,0.0,1.12,2.99,3.36,3.44,1.62,41.19,20.12,1264.0,2024-08-21 19:59:38.209848
00:13:A2:00:42:37:AD:AD,7.0,133.0,3.2844,53.0,0.0,100.0,0.53,1.13,1.61,1.84,2.09,3.55,4.19,4.32,4.35,0.67,43.83,20.31,1152.0,2024-08-21 20:29:38.238218
00:13:A2:00:42:37:AD:AD,7.0,134.0,3.2844,53.0,0.0,100.0,1.19,1.79,2.22,2.44,6.67,8.86,9.47,9.59,9.62,0.54,45.69,20.58,1037.0,2024-08-21 20:59:38.286453
00:13:A2:00:42:37:AD:AD,7.0,135.0,3.2844,53.0,0.0,100.0,1.21,1.28,1.28,1.28,8.18,9.63,9.67,9.67,9.67,0.38,47.2,20.86,953.0,2024-08-21 21:29:38.328893
00:13:A2:00:42:37:AD:AD,7.0,136.0,3.2844,53.0,0.0,100.0,0.49,1.05,1.48,1.7,1.93,3.27,3.87,3.99,4.01,0.67,46.77,21.0,877.0,2024-08-21 21:59:53.376610
00:13:A2:00:42:37:AD:AD,7.0,155.0,3.2844,53.0,0.0,100.0,0.58,0.62,0.62,0.62,3.97,4.68,4.7,4.7,4.7,0.34,54.58,21.65,372.0,2024-08-22 07:29:39.220258
00:13:A2:00:42:37:AD:AD,7.0,156.0,3.2844,53.0,0.0,100.0,0.5,1.81,2.88,3.41,0.0,2.36,3.8,4.08,4.15,1.62,55.35,21.7,829.0,2024-08-22 07:59:54.268254
00:13:A2:00:42:37:AD:AD,7.0,157.0,3.2844,53.0,0.0,100.0,1.43,4.58,7.12,8.38,1.44,7.52,10.96,11.64,11.79,1.3,56.9,22.09,2169.0,2024-08-22 08:29:39.324375
00:13:A2:00:42:37:AD:AD,7.0,158.0,3.2844,53.0,0.0,100.0,0.67,0.71,0.71,0.71,4.56,5.37,5.39,5.39,5.39,0.47,61.11,22.93,3207.0,2024-08-22 08:59:39.358104
00:13:A2:00:42:37:AD:AD,7.0,159.0,3.2844,53.0,0.0,100.0,0.53,1.12,1.59,1.82,2.07,3.51,4.15,4.28,4.3,0.67,60.12,23.65,2456.0,2024-08-22 09:29:39.394226
00:13:A2:00:42:37:AD:AD,7.0,160.0,3.2844,53.0,0.0,100.0,0.87,3.53,5.68,6.75,0.0,3.66,6.56,7.14,7.27,1.62,60.01,24.24,2180.0,2024-08-22 09:59:39.464627
00:13:A2:00:42:37:AD:AD,7.0,161.0,3.2844,53.0,0.0,100.0,1.09,2.03,2.75,3.11,5.02,7.57,8.58,8.77,8.81,0.7,58.26,24.82,1788.0,2024-08-22 10:29:39.495315
00:13:A2:00:42:37:AD:AD,7.0,162.0,3.2844,53.0,0.0,100.0,1.11,2.39,3.39,3.89,4.23,7.29,8.67,8.94,9.0,1.05,55.95,25.25,1457.0,2024-08-22 10:59:39.543328
00:13:A2:00:42:37:AD:AD,7.0,163.0,3.2844,53.0,0.0,100.0,0.58,0.87,1.09,1.19,3.27,4.34,4.64,4.7,4.72,0.67,52.68,24.97,872.0,2024-08-22 11:29:39.579426
00:13:A2:00:42:37:AD:AD,7.0,164.0,3.2844,53.0,0.0,100.0,1.04,2.78,4.17,4.86,2.5,6.13,8.02,8.4,8.48,1.02,51.85,24.45,744.0,2024-08-22 11:59:39.632274
00:13:A2:00:42:37:AD:AD,7.0,165.0,3.2844,53.0,0.0,100.0,3.55,8.65,12.7,14.71,10.87,22.08,27.6,28.7,28.93,1.13,51.62,24.42,855.0,2024-08-22 12:29:39.661424
00:13:A2:00:42:37:AD:AD,7.0,166.0,3.2844,53.0,0.0,100.0,0.59,0.62,0.62,0.62,4.01,4.72,4.74,4.74,4.74,0.27,50.49,24.44,743.0,2024-08-22 12:59:54.752338
00:13:A2:00:42:37:AD:AD,7.0,167.0,3.2844,53.0,0.0,100.0,1.81,2.17,2.38,2.49,11.58,14.11,14.45,14.51,14.52,0.5,49.09,24.49,650.0,2024-08-22 13:29:39.759233
00:13:A2:00:42:37:AD:AD,7.0,168.0,3.2844,53.0,0.0,100.0,2.16,3.24,4.03,4.42,12.03,15.98,17.1,17.32,17.37,0.88,49.44,24.51,654.0,2024-08-22 13:59:39.823088
00:13:A2:00:42:37:AD:AD,7.0,169.0,3.2844,53.0,0.0,100.0,2.36,2.49,2.49,2.49,15.95,18.78,18.85,18.86,18.86,0.42,49.21,24.51,571.0,2024-08-22 14:29:39.859715
00:13:A2:00:42:37:AD:AD,7.0,170.0,3.2844,53.0,0.0,100.0,1.13,2.43,3.45,3.96,4.3,7.41,8.82,9.1,9.16,0.88,48.33,24.07,380.0,2024-08-22 14:59:39.896132
00:13:A2:00:42:37:AD:AD,7.0,171.0,3.2844,53.0,0.0,100.0,1.45,1.9,2.2,2.35,8.81,11.07,11.52,11.61,11.63,0.58,48.03,23.62,335.0,2024-08-22 15:29:39.987281
00:13:A2:00:42:37:AD:AD,7.0,172.0,3.2844,53.0,0.0,100.0,2.89,3.61,4.06,4.29,18.09,22.34,23.04,23.16,23.19,0.61,48.27,23.37,343.0,2024-08-22 15:59:39.965154
00:13:A2:00:42:37:AD:AD,7.0,173.0,3.2844,53.0,0.0,100.0,1.2,1.54,1.76,1.87,7.42,9.25,9.58,9.65,9.66,0.63,49.7,23.13,324.0,2024-08-22 16:29:40.022320
00:13:A2:00:42:37:AD:AD,7.0,174.0,3.2844,53.0,0.0,100.0,2.48,2.62,2.62,2.62,16.79,19.77,19.84,19.85,19.85,0.4,51.14,22.81,294.0,2024-08-22 16:59:40.112566
00:13:A2:00:42:37:AD:AD,7.0,175.0,3.2844,53.0,0.0,100.0,1.91,2.02,2.02,2.02,12.94,15.24,15.3,15.3,15.3,0.39,51.98,22.71,288.0,2024-08-22 17:29:40.129949
00:13:A2:00:42:37:AD:AD,7.0,176.0,3.2844,53.0,0.0,100.0,2.24,2.36,2.36,2.36,15.13,17.81,17.88,17.88,17.88,0.46,52.39,22.77,317.0,2024-08-22 17:59:55.177274
00:13:A2:00:42:37:AD:AD,7.0,177.0,3.2844,53.0,0.0,100.0,1.27,1.34,1.34,1.34,8.61,10.13,10.17,10.17,10.18,0.34,52.28,22.86,321.0,2024-08-22 18:29:40.235647
00:13:A2:00:42:37:AD:AD,7.0,178.0,3.2844,53.0,0.0,100.0,5.61,7.81,9.37,10.14,32.84,42.23,44.48,44.91,45.01,0.78,52.33,22.94,333.0,2024-08-22 18:59:40.243117
00:13:A2:00:42:37:AD:AD,7.0,179.0,3.2844,53.0,0.0,100.0,2.01,3.09,3.89,4.28,10.99,14.77,15.9,16.12,16.17,0.85,52.42,22.93,333.0,2024-08-22 19:29:40.286494
00:13:A2:00:42:37:AD:AD,7.0,180.0,3.2844,53.0,0.0,100.0,3.48,4.16,4.56,4.76,22.2,27.06,27.7,27.81,27.84,0.59,52.58,22.92,375.0,2024-08-22 19:59:40.343334
00:13:A2:00:42:37:AD:AD,7.0,181.0,3.2844,53.0,0.0,100.0,0.83,1.11,1.31,1.41,4.96,6.29,6.58,6.64,6.65,0.58,52.73,22.88,383.0,2024-08-22 20:29:40.374803
00:13:A2:00:42:37:AD:AD,7.0,182.0,3.2844,53.0,0.0,100.0,2.39,3.07,3.52,3.74,14.7,18.34,19.02,19.14,19.17,0.6,52.87,22.81,389.0,2024-08-22 20:59:40.415684
00:13:A2:00:42:37:AD:AD,7.0,183.0,3.2844,53.0,0.0,100.0,0.69,1.11,1.43,1.59,3.66,5.04,5.48,5.57,5.59,0.87,53.0,22.76,368.0,2024-08-22 21:29:40.458824
00:13:A2:00:42:37:AD:AD,7.0,184.0,3.2844,53.0,0.0,100.0,1.4,1.48,1.48,1.48,9.47,11.15,11.2,11.2,11.2,0.42,53.2,22.7,401.0,2024-08-22 21:59:40.500700
00:13:A2:00:42:37:AD:AD,7.0,203.0,3.2844,53.0,0.0,100.0,1.05,1.3,1.46,1.54,6.58,8.11,8.36,8.4,8.41,0.7,54.44,22.33,361.0,2024-08-23 07:29:41.349801
00:13:A2:00:42:37:AD:AD,7.0,204.0,3.2844,53.0,0.0,100.0,0.69,0.73,0.73,0.73,4.71,5.55,5.57,5.57,5.57,0.44,54.81,22.36,504.0,2024-08-23 07:59:41.379298
00:13:A2:00:42:37:AD:AD,7.0,205.0,3.2844,53.0,0.0,100.0,5.37,7.98,9.87,10.82,30.15,39.85,42.55,43.07,43.19,0.87,54.11,22.56,1114.0,2024-08-23 08:29:41.438228
00:13:A2:00:42:37:AD:AD,7.0,206.0,3.2844,53.0,0.0,100.0,5.83,6.77,7.26,7.51,37.82,45.65,46.49,46.64,46.67,0.62,52.38,22.76,1360.0,2024-08-23 08:59:56.471936
00:13:A2:00:42:37:AD:AD,7.0,207.0,3.2844,53.0,0.0,100.0,6.55,7.41,7.81,8.01,42.97,51.51,52.24,52.36,52.39,0.55,51.31,22.92,1399.0,2024-08-23 09:29:41.528153
00:13:A2:00:42:37:AD:AD,7.0,208.0,3.2844,53.0,0.0,100.0,4.8,5.58,5.99,6.19,31.1,37.56,38.26,38.38,38.41,0.6,49.48,22.94,1197.0,2024-08-23 09:59:41.559142
00:13:A2:00:42:37:AD:AD,7.0,209.0,3.2844,53.0,0.0,100.0,6.51,7.68,8.34,8.67,41.88,50.81,51.88,52.07,52.12,0.59,47.1,22.78,1062.0,2024-08-23 10:29:41.622259
00:13:A2:00:42:37:AD:AD,7.0,210.0,3.2844,53.0,0.0,100.0,6.79,7.18,7.18,7.18,45.89,54.02,54.23,54.24,54.25,0.37,47.04,22.7,1262.0,2024-08-23 10:59:41.655375
00:13:A2:00:42:37:AD:AD,7.0,211.0,3.2844,53.0,0.0,100.0,5.72,6.14,6.22,6.26,38.41,45.39,45.67,45.7,45.72,0.5,47.74,22.73,1494.0,2024-08-23 11:29:41.704148
00:13:A2:00:42:37:AD:AD,7.0,212.0,3.2844,53.0,0.0,100.0,5.78,7.2,8.1,8.54,36.17,44.64,46.02,46.27,46.33,0.68,47.99,22.84,1512.0,2024-08-23 11:59:41.737635
00:13:A2:00:42:37:AD:AD,7.0,213.0,3.2844,53.0,0.0,100.0,4.57,5.69,6.4,6.76,28.58,35.28,36.37,36.57,36.62,0.72,47.79,22.93,1355.0,2024-08-23 12:29:41.793874
00:13:A2:00:42:37:AD:AD,7.0,214.0,3.2844,53.0,0.0,100.0,10.07,11.25,11.74,11.99,66.42,79.33,80.29,80.45,80.49,0.6,47.1,22.91,1050.0,2024-08-23 12:59:41.835554
00:13:A2:00:42:37:AD:AD,7.0,215.0,3.2844,53.0,0.0,100.0,7.29,7.99,8.22,8.34,48.49,57.62,58.15,58.23,58.25,0.56,46.22,22.67,697.0,2024-08-23 13:29:41.875344
00:13:A2:00:42:37:AD:AD,7.0,216.0,3.2844,53.0,0.0,100.0,8.63,9.97,10.68,11.03,56.0,67.54,68.75,68.95,69.01,0.55,48.0,22.67,998.0,2024-08-23 13:59:56.913073
00:13:A2:00:42:37:AD:AD,7.0,217.0,3.2844,53.0,0.0,100.0,6.0,7.18,7.87,8.21,38.31,46.68,47.79,47.99,48.03,0.65,47.94,22.97,1180.0,2024-08-23 14:29:41.964815
00:13:A2:00:42:37:AD:AD,7.0,218.0,3.2844,53.0,0.0,100.0,6.88,8.2,8.97,9.35,43.99,53.55,54.78,55.0,55.06,0.69,46.79,23.21,1039.0,2024-08-23 14:59:42.002894
00:13:A2:00:42:37:AD:AD,7.0,219.0,3.2844,53.0,0.0,100.0,8.41,9.84,10.63,11.02,54.25,65.67,66.98,67.21,67.26,0.64,45.67,23.37,1043.0,2024-08-23 15:29:42.044981
00:13:A2:00:42:37:AD:AD,7.0,220.0,3.2844,53.0,0.0,100.0,7.82,9.31,10.17,10.59,50.07,60.92,62.3,62.55,62.61,0.63,43.91,23.12,777.0,2024-08-23 15:59:42.099140
00:13:A2:00:42:37:AD:AD,7.0,221.0,3.2844,53.0,0.0,100.0,10.65,11.45,11.61,11.69,71.44,84.47,85.0,85.07,85.09,0.49,42.59,22.69,752.0,2024-08-23 16:29:42.144675
00:13:A2:00:42:37:AD:AD,7.0,222.0,3.2844,53.0,0.0,100.0,8.0,9.49,10.35,10.77,51.32,62.37,63.75,64.0,64.06,0.47,41.7,22.29,729.0,2024-08-23 16:59:42.186426
00:13:A2:00:42:37:AD:AD,7.0,223.0,3.2844,53.0,0.0,100.0,3.54,6.29,8.39,9.44,17.06,24.92,27.84,28.42,28.54,1.08,41.2,21.95,677.0,2024-08-23 17:29:42.246214
00:13:A2:00:42:37:AD:AD,7.0,224.0,3.2844,53.0,0.0,100.0,5.2,5.78,6.0,6.12,34.42,41.05,41.51,41.58,41.6,0.54,40.94,21.77,631.0,2024-08-23 17:59:42.277396
00:13:A2:00:42:37:AD:AD,7.0,225.0,3.2844,53.0,0.0,100.0,5.11,5.61,5.77,5.86,33.97,40.38,40.76,40.82,40.83,0.49,40.79,21.66,591.0,2024-08-23 18:29:42.322357
00:13:A2:00:42:37:AD:AD,7.0,226.0,3.2844,53.0,0.0,100.0,4.74,5.81,6.46,6.79,29.93,36.74,37.76,37.94,37.99,0.68,40.48,21.5,540.0,2024-08-23 18:59:57.365160
00:13:A2:00:42:37:AD:AD,7.0,227.0,3.2844,53.0,0.0,100.0,6.14,7.38,8.1,8.47,39.14,47.75,48.91,49.11,49.17,0.69,41.28,21.41,525.0,2024-08-23 19:29:42.415476
00:13:A2:00:42:37:AD:AD,7.0,228.0,3.2844,53.0,0.0,100.0,4.31,4.55,4.55,4.55,29.11,34.26,34.39,34.4,34.41,0.37,41.14,21.21,500.0,2024-08-23 19:59:42.457461
00:13:A2:00:42:37:AD:AD,7.0,229.0,3.2844,53.0,0.0,100.0,4.79,5.8,6.42,6.72,30.36,37.15,38.11,38.29,38.33,0.5,41.03,21.03,507.0,2024-08-23 20:29:42.498702
00:13:A2:00:42:37:AD:AD,7.0,230.0,3.2844,53.0,0.0,100.0,3.59,3.79,3.79,3.79,24.26,28.56,28.67,28.68,28.68,0.45,40.93,20.85,470.0,2024-08-23 20:59:42.566479
00:13:A2:00:42:37:AD:AD,7.0,231.0,3.2844,53.0,0.0,100.0,2.02,2.59,2.96,3.14,12.48,15.54,16.1,16.21,16.23,0.64,40.77,20.65,450.0,2024-08-23 21:29:42.594052
00:13:A2:00:42:37:AD:AD,7.0,232.0,3.2844,53.0,0.0,100.0,2.58,2.73,2.73,2.73,17.47,20.57,20.65,20.66,20.66,0.41,40.7,20.5,460.0,2024-08-23 21:59:42.628168
00:13:A2:00:42:37:AD:AD,7.0,251.0,3.2844,53.0,0.0,100.0,1.65,1.74,1.74,1.74,11.16,13.14,13.19,13.19,13.19,0.43,50.14,21.74,373.0,2024-08-24 07:29:43.503825
00:13:A2:00:42:37:AD:AD,7.0,252.0,3.2844,53.0,0.0,100.0,2.44,3.3,3.9,4.19,14.58,18.53,19.4,19.56,19.6,0.62,46.55,21.42,350.0,2024-08-24 07:59:43.538412
00:13:A2:00:42:37:AD:AD,7.0,253.0,3.2844,53.0,0.0,100.0,4.64,6.49,7.81,8.46,27.09,34.91,36.8,37.17,37.25,0.8,44.05,21.07,365.0,2024-08-24 08:29:43.596902
00:13:A2:00:42:37:AD:AD,7.0,254.0,3.2844,53.0,0.0,100.0,1.94,2.05,2.05,2.05,13.13,15.45,15.51,15.52,15.52,0.36,42.64,20.8,369.0,2024-08-24 08:59:43.626030
00:13:A2:00:42:37:AD:AD,7.0,255.0,3.2844,53.0,0.0,100.0,5.23,6.55,7.39,7.82,32.6,40.32,41.6,41.84,41.9,0.7,41.83,20.56,349.0,2024-08-24 09:29:43.674611
00:13:A2:00:42:37:AD:AD,7.0,1.0,3.2844,53.0,0.0,100.0,2.13,2.26,2.26,2.26,14.45,17.01,17.07,17.08,17.08,0.41,41.15,20.35,339.0,2024-08-24 09:59:58.721923
00:13:A2:00:42:37:AD:AD,7.0,2.0,3.2844,53.0,0.0,100.0,1.81,2.25,2.53,2.67,11.39,14.04,14.46,14.54,14.56,0.63,41.21,20.28,347.0,2024-08-24 10:29:43.770256
00:13:A2:00:42:37:AD:AD,7.0,3.0,3.2844,53.0,0.0,100.0,2.97,4.83,6.22,6.91,15.56,21.52,23.47,23.85,23.94,0.83,41.16,20.17,339.0,2024-08-24 10:59:43.852688
00:13:A2:00:42:37:AD:AD,7.0,4.0,3.2844,53.0,0.0,100.0,1.16,1.68,2.04,2.23,6.69,8.72,9.25,9.35,9.37,0.57,41.28,20.08,339.0,2024-08-24 11:29:43.865346
00:13:A2:00:42:37:AD:AD,7.0,5.0,3.2844,53.0,0.0,100.0,6.18,6.54,6.54,6.54,41.77,49.17,49.36,49.37,49.38,0.43,41.39,20.04,337.0,2024-08-24 11:59:43.921238
00:13:A2:00:42:37:AD:AD,7.0,6.0,3.2844,53.0,0.0,100.0,2.37,3.96,5.16,5.76,12.15,17.06,18.74,19.07,19.14,0.98,41.6,20.02,322.0,2024-08-24 12:29:43.958790
00:13:A2:00:42:37:AD:AD,7.0,7.0,3.2844,53.0,0.0,100.0,2.57,3.33,3.83,4.08,15.72,19.67,20.43,20.57,20.6,0.59,41.9,19.99,306.0,2024-08-24 12:59:44.004351
00:13:A2:00:42:37:AD:AD,7.0,8.0,3.2844,53.0,0.0,100.0,3.24,4.04,4.55,4.8,20.24,25.0,25.78,25.92,25.95,0.64,42.15,19.99,319.0,2024-08-24 13:29:44.039823
00:13:A2:00:42:37:AD:AD,7.0,9.0,3.2844,53.0,0.0,100.0,2.51,3.73,4.61,5.05,14.11,18.64,19.9,20.15,20.2,0.87,42.34,20.02,297.0,2024-08-24 13:59:44.115343
00:13:A2:00:42:37:AD:AD,7.0,10.0,3.2844,53.0,0.0,100.0,4.3,4.92,5.23,5.38,28.03,33.72,34.26,34.35,34.38,0.57,42.53,20.02,346.0,2024-08-24 14:29:44.141903
00:13:A2:00:42:37:AD:AD,7.0,11.0,3.2844,53.0,0.0,100.0,3.21,3.83,4.19,4.37,20.53,24.99,25.57,25.67,25.7,0.6,42.78,20.03,300.0,2024-08-24 14:59:59.182388
00:13:A2:00:42:37:AD:AD,7.0,12.0,3.2844,53.0,0.0,100.0,5.32,6.43,7.1,7.43,33.76,41.28,42.33,42.52,42.57,0.58,42.93,20.07,324.0,2024-08-24 15:29:44.229786
00:13:A2:00:42:37:AD:AD,7.0,13.0,3.2844,53.0,0.0,100.0,3.23,3.63,3.81,3.9,21.27,25.45,25.79,25.84,25.86,0.53,43.13,20.08,296.0,2024-08-24 15:59:44.276729
00:13:A2:00:42:37:AD:AD,7.0,14.0,3.2844,53.0,0.0,100.0,2.88,3.04,3.04,3.04,19.47,22.92,23.0,23.01,23.02,0.43,43.26,20.09,303.0,2024-08-24 16:29:44.327603
00:13:A2:00:42:37:AD:AD,7.0,15.0,3.2844,53.0,0.0,100.0,2.03,2.76,3.26,3.51,12.1,15.4,16.14,16.28,16.31,0.59,43.4,20.14,308.0,2024-08-24 16:59:44.358274
00:13:A2:00:42:37:AD:AD,7.0,16.0,3.2844,53.0,0.0,100.0,4.43,5.61,6.38,6.76,27.46,34.09,35.25,35.46,35.51,0.69,43.6,20.19,286.0,2024-08-24 17:29:44.425540
00:13:A2:00:42:37:AD:AD,7.0,17.0,3.2844,53.0,0.0,100.0,2.96,3.13,3.13,3.13,20.04,23.59,23.68,23.69,23.69,0.46,43.8,20.23,300.0,2024-08-24 17:59:44.457170
00:13:A2:00:42:37:AD:AD,7.0,18.0,3.2844,53.0,0.0,100.0,4.74,5.98,6.77,7.16,29.5,36.55,37.75,37.97,38.02,0.63,43.88,20.28,290.0,2024-08-24 18:29:44.506647
00:13:A2:00:42:37:AD:AD,7.0,19.0,3.2844,53.0,0.0,100.0,5.94,6.28,6.28,6.28,40.14,47.25,47.43,47.44,47.45,0.47,43.86,20.33,294.0,2024-08-24 18:59:44.541676
00:13:A2:00:42:37:AD:AD,7.0,20.0,3.2844,53.0,0.0,100.0,2.01,2.32,2.47,2.55,13.11,15.79,16.06,16.1,16.12,0.49,43.68,20.34,308.0,2024-08-24 19:29:44.603594
00:13:A2:00:42:37:AD:AD,7.0,21.0,3.2844,53.0,0.0,100.0,4.41,4.66,4.66,4.66,29.82,35.1,35.24,35.24,35.25,0.45,43.31,20.22,278.0,2024-08-24 19:59:59.630241
00:13:A2:00:42:37:AD:AD,7.0,22.0,3.2844,53.0,0.0,100.0,3.85,4.07,4.07,4.07,26.01,30.61,30.73,30.74,30.75,0.42,43.12,20.15,296.0,2024-08-24 20:29:44.688591
00:13:A2:00:42:37:AD:AD,7.0,23.0,3.2844,53.0,0.0,100.0,4.7,5.76,6.4,6.73,29.68,36.43,37.44,37.62,37.67,0.66,42.98,20.01,302.0,2024-08-24 20:59:44.732681
00:13:A2:00:42:37:AD:AD,7.0,24.0,3.2844,53.0,0.0,100.0,3.14,7.7,11.32,13.13,9.46,19.45,24.39,25.37,25.58,1.38,42.87,19.89,279.0,2024-08-24 21:29:44.768496
00:13:A2:00:42:37:AD:AD,7.0,25.0,3.2844,53.0,0.0,100.0,4.09,6.25,7.83,8.63,22.47,30.1,32.35,32.78,32.88,0.78,42.73,19.79,282.0,2024-08-24 21:59:44.850623
00:13:A2:00:42:37:AD:AD,7.0,54.0,3.2844,53.0,0.0,100.0,1.53,1.9,2.13,2.24,9.6,11.83,12.19,12.25,12.27,0.67,41.94,19.65,325.0,2024-08-25 12:29:46.147363
00:13:A2:00:42:37:AD:AD,7.0,55.0,3.2844,53.0,0.0,100.0,2.01,2.38,2.59,2.69,12.94,15.72,16.06,16.12,16.13,0.59,42.05,19.62,346.0,2024-08-25 12:59:46.201018
00:13:A2:00:42:37:AD:AD,7.0,56.0,3.2844,53.0,0.0,100.0,2.5,3.26,3.77,4.03,15.21,19.09,19.85,20.0,20.03,0.7,42.18,19.58,330.0,2024-08-25 13:29:46.324785
00:13:A2:00:42:37:AD:AD,7.0,57.0,3.2844,53.0,0.0,100.0,7.2,9.71,11.44,12.3,43.02,54.62,57.15,57.63,57.74,0.72,42.3,19.58,320.0,2024-08-25 13:59:46.294512
00:13:A2:00:42:37:AD:AD,7.0,58.0,3.2844,53.0,0.0,100.0,2.49,3.12,3.53,3.73,15.5,19.18,19.8,19.92,19.95,0.62,42.45,19.61,331.0,2024-08-25 14:29:46.344915
00:13:A2:00:42:37:AD:AD,7.0,59.0,3.2844,53.0,0.0,100.0,2.79,2.95,2.95,2.95,18.84,22.18,22.27,22.27,22.28,0.34,42.63,19.64,312.0,2024-08-25 14:59:46.384084
00:13:A2:00:42:37:AD:AD,7.0,60.0,3.2844,53.0,0.0,100.0,2.88,3.05,3.05,3.05,19.48,22.93,23.02,23.02,23.03,0.43,42.87,19.72,306.0,2024-08-25 15:29:46.427479
00:13:A2:00:42:37:AD:AD,7.0,61.0,3.2844,53.0,0.0,100.0,4.87,5.43,5.66,5.78,32.14,38.37,38.83,38.9,38.92,0.54,43.05,19.73,311.0,2024-08-25 16:00:01.490465
00:13:A2:00:42:37:AD:AD,7.0,62.0,3.2844,53.0,0.0,100.0,2.2,2.69,2.99,3.13,13.94,17.09,17.56,17.64,17.66,0.57,43.17,19.8,294.0,2024-08-25 16:29:46.524742
00:13:A2:00:42:37:AD:AD,7.0,63.0,3.2844,53.0,0.0,100.0,2.27,5.5,8.05,9.32,7.06,14.19,17.67,18.36,18.51,1.26,43.35,19.78,325.0,2024-08-25 16:59:46.565614
00:13:A2:00:42:37:AD:AD,7.0,64.0,3.2844,53.0,0.0,100.0,3.21,3.47,3.52,3.55,21.56,25.51,25.68,25.7,25.71,0.47,43.5,19.84,314.0,2024-08-25 17:29:46.634003
00:13:A2:00:42:37:AD:AD,7.0,65.0,3.2844,53.0,0.0,100.0,3.9,4.4,4.63,4.75,25.61,30.68,31.1,31.17,31.19,0.48,43.57,19.86,308.0,2024-08-25 17:59:46.656836
00:13:A2:00:42:37:AD:AD,7.0,66.0,3.2844,53.0,0.0,100.0,2.63,3.02,3.23,3.33,17.1,20.6,20.96,21.02,21.03,0.61,43.52,19.79,306.0,2024-08-25 18:29:46.716586
00:13:A2:00:42:37:AD:AD,7.0,67.0,3.2844,53.0,0.0,100.0,2.0,3.89,5.35,6.08,8.8,13.72,15.73,16.13,16.22,1.07,43.56,19.76,301.0,2024-08-25 18:59:46.753488
00:13:A2:00:42:37:AD:AD,7.0,68.0,3.2844,53.0,0.0,100.0,2.05,2.17,2.17,2.17,13.88,16.34,16.4,16.4,16.41,0.38,43.51,19.7,291.0,2024-08-25 19:29:46.808595
00:13:A2:00:42:37:AD:AD,7.0,69.0,3.2844,53.0,0.0,100.0,4.57,4.83,4.83,4.83,30.87,36.34,36.47,36.48,36.49,0.36,43.53,19.63,306.0,2024-08-25 19:59:46.868003
00:13:A2:00:42:37:AD:AD,7.0,70.0,3.2844,53.0,0.0,100.0,3.14,3.33,3.33,3.33,21.26,25.03,25.13,25.13,25.14,0.43,43.45,19.55,281.0,2024-08-25 20:29:46.900558
00:13:A2:00:42:37:AD:AD,7.0,71.0,3.2844,53.0,0.0,100.0,4.46,5.49,6.14,6.46,28.03,34.48,35.47,35.66,35.7,0.57,43.42,19.47,313.0,2024-08-25 21:00:01.934129
00:13:A2:00:42:37:AD:AD,7.0,72.0,3.2844,53.0,0.0,100.0,3.07,4.48,5.49,6.0,17.48,22.91,24.36,24.64,24.7,0.77,43.35,19.44,302.0,2024-08-25 21:29:46.999681
00:13:A2:00:42:37:AD:AD,7.0,73.0,3.2844,53.0,0.0,100.0,4.16,5.49,6.39,6.84,25.19,31.73,33.06,33.31,33.37,0.71,43.35,19.4,289.0,2024-08-25 21:59:47.049123
00:13:A2:00:42:37:AD:AD,7.0,74.0,3.2844,53.0,0.0,100.0,3.55,5.48,6.9,7.61,19.4,26.11,28.12,28.51,28.59,0.87,43.36,19.34,306.0,2024-08-25 22:29:47.085107
00:13:A2:00:42:37:AD:AD,7.0,75.0,3.2844,53.0,0.0,100.0,4.14,4.63,4.83,4.94,27.35,32.66,33.06,33.13,33.14,0.48,43.33,19.3,293.0,2024-08-25 22:59:47.125753
00:13:A2:00:42:37:AD:AD,7.0,76.0,3.2844,53.0,0.0,100.0,4.76,5.4,5.69,5.84,31.25,37.46,38.0,38.09,38.12,0.48,43.36,19.26,299.0,2024-08-25 23:29:47.186278
00:13:A2:00:42:37:AD:AD,7.0,77.0,3.2844,53.0,0.0,100.0,3.42,3.62,3.62,3.62,23.14,27.24,27.35,27.36,27.36,0.45,43.32,19.24,307.0,2024-08-25 23:59:47.220727
00:13:A2:00:42:37:AD:AD,7.0,78.0,3.2844,53.0,0.0,100.0,4.05,4.79,5.21,5.42,26.04,31.62,32.3,32.42,32.45,0.52,43.27,19.17,295.0,2024-08-26 00:29:47.267576
00:13:A2:00:42:37:AD:AD,7.0,79.0,3.2844,53.0,0.0,100.0,1.34,1.65,1.84,1.94,8.42,10.36,10.66,10.72,10.73,0.68,43.26,19.17,286.0,2024-08-26 00:59:47.302605
00:13:A2:00:42:37:AD:AD,7.0,80.0,3.2844,53.0,0.0,100.0,3.13,3.9,4.39,4.63,19.55,24.14,24.89,25.03,25.06,0.62,44.49,19.14,291.0,2024-08-26 01:29:47.356597
00:13:A2:00:42:37:AD:AD,7.0,81.0,3.2844,53.0,0.0,100.0,4.67,5.39,5.77,5.96,30.35,36.59,37.24,37.35,37.38,0.59,47.85,19.46,302.0,2024-08-26 02:00:02.396651
00:13:A2:00:42:37:AD:AD,7.0,82.0,3.2844,53.0,0.0,100.0,3.53,4.82,5.71,6.16,20.99,26.77,28.07,28.32,28.37,0.76,49.17,19.81,298.0,2024-08-26 02:29:47.459705
00:13:A2:00:42:37:AD:AD,7.0,83.0,3.2844,53.0,0.0,100.0,1.86,2.59,3.11,3.36,10.92,14.04,14.79,14.93,14.96,0.69,50.78,20.13,330.0,2024-08-26 02:59:47.541224
00:13:A2:00:42:37:AD:AD,7.0,84.0,3.2844,53.0,0.0,100.0,2.71,2.87,2.87,2.87,18.34,21.59,21.68,21.68,21.69,0.45,52.18,20.38,328.0,2024-08-26 03:29:47.548483
00:13:A2:00:42:37:AD:AD,7.0,85.0,3.2844,53.0,0.0,100.0,1.28,1.91,2.38,2.61,7.15,9.48,10.14,10.26,10.29,0.54,53.27,20.58,322.0,2024-08-26 03:59:47.579132
00:13:A2:00:42:37:AD:AD,7.0,86.0,3.2844,53.0,0.0,100.0,3.12,3.65,3.94,4.08,20.19,24.42,24.9,24.99,25.01,0.53,54.17,20.77,339.0,2024-08-26 04:29:47.658449
00:13:A2:00:42:37:AD:AD,7.0,87.0,3.2844,53.0,0.0,100.0,3.0,3.46,3.7,3.82,19.53,23.53,23.94,24.01,24.03,0.58,54.88,20.9,345.0,2024-08-26 04:59:47.675928
00:13:A2:00:42:37:AD:AD,7.0,88.0,3.2844,53.0,0.0,100.0,1.99,2.18,2.24,2.26,13.31,15.8,15.93,15.95,15.96,0.5,55.53,21.03,348.0,2024-08-26 05:29:47.719320
00:13:A2:00:42:37:AD:AD,7.0,89.0,3.2844,53.0,0.0,100.0,3.53,7.22,10.1,11.53,14.51,23.7,27.66,28.44,28.61,1.01,56.01,21.11,313.0,2024-08-26 05:59:47.790799
00:13:A2:00:42:37:AD:AD,7.0,90.0,3.2844,53.0,0.0,100.0,7.23,7.65,7.65,7.65,48.89,57.56,57.77,57.79,57.8,0.43,56.48,21.19,346.0,2024-08-26 06:29:47.824872
00:13:A2:00:42:37:AD:AD,7.0,91.0,3.2844,53.0,0.0,100.0,5.32,6.47,7.17,7.51,33.65,41.22,42.32,42.52,42.57,0.7,57.26,21.28,333.0,2024-08-26 07:00:02.858943
00:13:A2:00:42:37:AD:AD,7.0,92.0,3.2844,53.0,0.0,100.0,2.52,3.27,3.78,4.03,15.39,19.28,20.03,20.17,20.2,0.58,54.37,21.26,355.0,2024-08-26 07:29:47.941080
00:13:A2:00:42:37:AD:AD,7.0,93.0,3.2844,53.0,0.0,100.0,2.05,2.39,2.57,2.67,13.28,16.06,16.36,16.42,16.43,0.54,50.04,20.93,327.0,2024-08-26 07:59:47.950516
00:13:A2:00:42:37:AD:AD,7.0,94.0,3.2844,53.0,0.0,100.0,2.16,2.46,2.6,2.67,14.17,17.01,17.27,17.31,17.32,0.49,47.05,20.6,380.0,2024-08-26 08:29:48.000615
00:13:A2:00:42:37:AD:AD,7.0,95.0,3.2844,53.0,0.0,100.0,2.47,2.61,2.61,2.61,16.71,19.67,19.75,19.75,19.76,0.47,44.9,20.31,392.0,2024-08-26 08:59:48.048445
00:13:A2:00:42:37:AD:AD,7.0,96.0,3.2844,53.0,0.0,100.0,2.22,2.35,2.35,2.35,15.01,17.68,17.74,17.75,17.75,0.38,43.59,20.1,431.0,2024-08-26 09:29:48.126386
00:13:A2:00:42:37:AD:AD,7.0,97.0,3.2844,53.0,0.0,100.0,1.61,1.82,1.91,1.96,10.6,12.69,12.87,12.9,12.9,0.47,43.88,20.01,629.0,2024-08-26 09:59:48.138568
00:13:A2:00:42:37:AD:AD,7.0,98.0,3.2844,53.0,0.0,100.0,1.97,2.34,2.56,2.67,12.61,15.35,15.7,15.76,15.78,0.61,45.61,20.48,1316.0,2024-08-26 10:29:48.181104
00:13:A2:00:42:37:AD:AD,7.0,99.0,3.2844,53.0,0.0,100.0,6.07,6.42,6.42,6.42,41.01,48.28,48.46,48.48,48.49,0.39,46.39,21.07,1812.0,2024-08-26 10:59:48.236044
00:13:A2:00:42:37:AD:AD,7.0,100.0,3.2844,53.0,0.0,100.0,2.62,3.31,3.76,3.98,16.31,20.22,20.89,21.02,21.05,0.56,47.03,21.54,2286.0,2024-08-26 11:29:48.276219
00:13:A2:00:42:37:AD:AD,7.0,101.0,3.2844,53.0,0.0,100.0,3.86,4.12,4.16,4.17,26.02,30.7,30.86,30.88,30.89,0.51,47.41,21.94,2828.0,2024-08-26 12:00:03.325894
00:13:A2:00:42:37:AD:AD,7.0,102.0,3.2844,53.0,0.0,100.0,2.04,2.16,2.16,2.16,13.81,16.26,16.32,16.33,16.33,0.42,47.32,22.26,3317.0,2024-08-26 12:29:48.386056
00:13:A2:00:42:37:AD:AD,7.0,103.0,3.2844,53.0,0.0,100.0,2.0,2.95,3.64,3.99,11.31,14.9,15.89,16.08,16.12,0.7,46.52,22.37,3262.0,2024-08-26 12:59:48.411296
00:13:A2:00:42:37:AD:AD,7.0,104.0,3.2844,53.0,0.0,100.0,3.55,4.9,5.85,6.32,20.93,26.81,28.19,28.45,28.51,0.83,44.84,22.15,3023.0,2024-08-26 13:29:48.479186
00:13:A2:00:42:37:AD:AD,7.0,105.0,3.2844,53.0,0.0,100.0,2.0,2.35,2.55,2.65,12.89,15.63,15.96,16.01,16.03,0.54,43.86,21.92,2815.0,2024-08-26 13:59:48.506365
00:13:A2:00:42:37:AD:AD,7.0,106.0,3.2844,53.0,0.0,100.0,3.3,3.49,3.49,3.49,22.32,26.28,26.38,26.39,26.39,0.46,43.23,21.74,2582.0,2024-08-26 14:29:48.557590
00:13:A2:00:42:37:AD:AD,7.0,107.0,3.2844,53.0,0.0,100.0,4.34,5.58,6.4,6.81,26.67,33.27,34.5,34.73,34.78,0.69,42.69,21.57,2379.0,2024-08-26 14:59:48.586386
00:13:A2:00:42:37:AD:AD,7.0,108.0,3.2844,53.0,0.0,100.0,4.02,4.25,4.25,4.25,27.18,32.0,32.12,32.13,32.13,0.46,42.32,21.45,2171.0,2024-08-26 15:29:48.632391
00:13:A2:00:42:37:AD:AD,7.0,109.0,3.2844,53.0,0.0,100.0,3.52,4.17,4.54,4.73,22.61,27.47,28.07,28.18,28.2,0.62,42.06,21.34,2002.0,2024-08-26 15:59:48.673519
00:13:A2:00:42:37:AD:AD,7.0,110.0,3.2844,53.0,0.0,100.0,3.38,3.57,3.57,3.57,22.83,26.88,26.98,26.99,27.0,0.4,41.88,21.28,1871.0,2024-08-26 16:29:48.719907
00:13:A2:00:42:37:AD:AD,7.0,111.0,3.2844,53.0,0.0,100.0,3.84,4.38,4.64,4.77,25.11,30.16,30.63,30.71,30.73,0.55,41.66,21.26,1770.0,2024-08-26 17:00:03.765320
00:13:A2:00:42:37:AD:AD,7.0,112.0,3.2844,53.0,0.0,100.0,5.32,7.39,8.84,9.56,31.25,40.13,42.23,42.63,42.72,0.69,42.0,21.29,1638.0,2024-08-26 17:29:48.804067
00:13:A2:00:42:37:AD:AD,7.0,113.0,3.2844,53.0,0.0,100.0,5.0,6.33,7.19,7.62,31.01,38.48,39.78,40.02,40.07,0.73,42.39,21.32,1487.0,2024-08-26 17:59:48.876855
00:13:A2:00:42:37:AD:AD,7.0,114.0,3.2844,53.0,0.0,100.0,2.64,3.31,3.75,3.96,16.45,20.35,21.01,21.13,21.16,0.62,42.81,21.21,1334.0,2024-08-26 18:29:48.901577
00:13:A2:00:42:37:AD:AD,7.0,115.0,3.2844,53.0,0.0,100.0,5.09,7.45,9.16,10.01,28.85,37.89,40.33,40.8,40.9,0.75,43.12,21.04,1226.0,2024-08-26 18:59:48.937492
00:13:A2:00:42:37:AD:AD,7.0,116.0,3.2844,53.0,0.0,100.0,3.28,3.47,3.47,3.47,22.16,26.09,26.19,26.2,26.2,0.42,43.42,20.86,1066.0,2024-08-26 19:29:48.992142
00:13:A2:00:42:37:AD:AD,7.0,117.0,3.2844,53.0,0.0,100.0,2.58,2.94,3.12,3.2,16.91,20.31,20.62,20.67,20.68,0.57,44.56,20.75,916.0,2024-08-26 19:59:49.034302
00:13:A2:00:42:37:AD:AD,7.0,118.0,3.2844,53.0,0.0,100.0,3.22,4.02,4.52,4.77,20.17,24.9,25.68,25.82,25.85,0.54,44.44,20.62,857.0,2024-08-26 20:29:49.081337
00:13:A2:00:42:37:AD:AD,7.0,119.0,3.2844,53.0,0.0,100.0,3.76,4.24,4.46,4.57,24.7,29.58,29.99,30.06,30.08,0.47,44.26,20.43,801.0,2024-08-26 20:59:49.132924
00:13:A2:00:42:37:AD:AD,7.0,120.0,3.2844,53.0,0.0,100.0,2.73,2.88,2.88,2.88,18.43,21.7,21.78,21.79,21.79,0.35,44.03,20.32,767.0,2024-08-26 21:29:49.165490
00:13:A2:00:42:37:AD:AD,7.0,121.0,3.2844,53.0,0.0,100.0,5.8,6.14,6.14,6.14,39.21,46.16,46.34,46.35,46.36,0.34,43.81,20.22,688.0,2024-08-26 22:00:04.217808
00:13:A2:00:42:37:AD:AD,7.0,140.0,3.2844,53.0,0.0,100.0,4.64,6.44,7.71,8.34,27.21,34.95,36.79,37.14,37.22,0.75,53.21,21.41,445.0,2024-08-27 07:29:50.096457
00:13:A2:00:42:37:AD:AD,7.0,141.0,3.2844,53.0,0.0,100.0,4.87,5.15,5.15,5.15,32.9,38.73,38.88,38.89,38.89,0.44,48.37,21.12,443.0,2024-08-27 08:00:05.138534
00:13:A2:00:42:37:AD:AD,7.0,142.0,3.2844,53.0,0.0,100.0,1.67,1.76,1.76,1.76,11.28,13.28,13.33,13.33,13.34,0.42,46.05,20.85,465.0,2024-08-27 08:29:50.182775
00:13:A2:00:42:37:AD:AD,7.0,143.0,3.2844,53.0,0.0,100.0,2.05,2.7,3.14,3.36,12.44,15.65,16.3,16.43,16.45,0.72,44.19,20.59,469.0,2024-08-27 08:59:50.218950
00:13:A2:00:42:37:AD:AD,7.0,144.0,3.2844,53.0,0.0,100.0,1.7,1.8,1.8,1.8,11.51,13.55,13.6,13.6,13.61,0.4,43.15,20.38,539.0,2024-08-27 09:29:50.266152
00:13:A2:00:42:37:AD:AD,7.0,145.0,3.2844,53.0,0.0,100.0,2.74,5.33,7.34,8.35,11.96,18.7,21.48,22.02,22.14,1.06,42.82,20.22,598.0,2024-08-27 09:59:50.305008
00:13:A2:00:42:37:AD:AD,7.0,146.0,3.2844,53.0,0.0,100.0,1.67,2.0,2.2,2.3,10.63,12.97,13.29,13.34,13.36,0.59,42.85,20.15,669.0,2024-08-27 10:29:50.374513
00:13:A2:00:42:37:AD:AD,7.0,147.0,3.2844,53.0,0.0,100.0,3.2,3.38,3.38,3.38,21.61,25.44,25.54,25.55,25.55,0.4,42.94,20.07,702.0,2024-08-27 10:59:50.405828
00:13:A2:00:42:37:AD:AD,7.0,148.0,3.2844,53.0,0.0,100.0,3.17,3.35,3.35,3.35,21.45,25.25,25.35,25.36,25.36,0.4,43.97,20.05,744.0,2024-08-27 11:29:50.446269
00:13:A2:00:42:37:AD:AD,7.0,149.0,3.2844,53.0,0.0,100.0,2.82,2.99,2.99,2.99,19.09,22.48,22.56,22.57,22.57,0.33,47.11,20.39,955.0,2024-08-27 11:59:50.493545
00:13:A2:00:42:37:AD:AD,7.0,150.0,3.2844,53.0,0.0,100.0,5.07,5.36,5.36,5.36,34.28,40.36,40.51,40.52,40.53,0.43,46.87,20.52,1127.0,2024-08-27 12:29:50.550065
00:13:A2:00:42:37:AD:AD,7.0,151.0,3.2844,53.0,0.0,100.0,3.55,3.91,4.05,4.11,23.54,28.03,28.31,28.36,28.37,0.5,46.47,20.65,1202.0,2024-08-27 13:00:05.593275
00:13:A2:00:42:37:AD:AD,7.0,152.0,3.2844,53.0,0.0,100.0,3.13,3.31,3.31,3.31,21.2,24.96,25.05,25.06,25.06,0.45,46.5,20.8,1357.0,2024-08-27 13:29:50.649188
00:13:A2:00:42:37:AD:AD,7.0,153.0,3.2844,53.0,0.0,100.0,10.05,11.32,11.89,12.18,66.07,79.09,80.16,80.34,80.38,0.51,49.16,21.17,1736.0,2024-08-27 13:59:50.687496
00:13:A2:00:42:37:AD:AD,7.0,154.0,3.2844,53.0,0.0,100.0,9.25,10.48,11.07,11.36,60.58,72.66,73.72,73.89,73.94,0.53,50.4,21.74,2105.0,2024-08-27 14:29:50.748645
00:13:A2:00:42:37:AD:AD,7.0,155.0,3.2844,53.0,0.0,100.0,9.65,10.2,10.2,10.2,65.18,76.74,77.03,77.05,77.06,0.46,51.21,22.28,2224.0,2024-08-27 14:59:50.807522
00:13:A2:00:42:37:AD:AD,7.0,156.0,3.2844,53.0,0.0,100.0,13.47,14.67,15.03,15.21,89.82,106.56,107.44,107.56,107.6,0.51,51.59,22.77,2342.0,2024-08-27 15:29:50.831926
00:13:A2:00:42:37:AD:AD,7.0,157.0,3.2844,53.0,0.0,100.0,9.51,10.05,10.05,10.05,64.24,75.63,75.92,75.94,75.95,0.43,51.75,23.15,2475.0,2024-08-27 15:59:50.870722
00:13:A2:00:42:37:AD:AD,7.0,158.0,3.2844,53.0,0.0,100.0,12.76,13.88,14.2,14.36,85.16,100.99,101.8,101.92,101.95,0.48,51.76,23.46,2435.0,2024-08-27 16:29:50.914764
00:13:A2:00:42:37:AD:AD,7.0,159.0,3.2844,53.0,0.0,100.0,14.94,16.8,17.63,18.04,98.21,117.52,119.08,119.33,119.4,0.58,51.47,23.63,2517.0,2024-08-27 16:59:50.964711
00:13:A2:00:42:37:AD:AD,7.0,160.0,3.2844,53.0,0.0,100.0,12.7,15.04,16.36,17.02,81.53,99.02,101.17,101.55,101.65,0.62,50.2,23.65,2274.0,2024-08-27 17:29:51.008026
00:13:A2:00:42:37:AD:AD,7.0,161.0,3.2844,53.0,0.0,100.0,15.88,16.79,16.79,16.79,107.28,126.29,126.77,126.81,126.83,0.38,47.83,23.21,1917.0,2024-08-27 18:00:06.041825
00:13:A2:00:42:37:AD:AD,7.0,162.0,3.2844,53.0,0.0,100.0,13.55,14.59,14.8,14.91,90.84,107.44,108.13,108.22,108.25,0.5,46.4,22.79,1703.0,2024-08-27 18:29:51.091294
00:13:A2:00:42:37:AD:AD,7.0,163.0,3.2844,53.0,0.0,100.0,6.85,7.25,7.25,7.25,46.31,54.52,54.72,54.74,54.75,0.47,45.27,22.35,1514.0,2024-08-27 18:59:51.123266
00:13:A2:00:42:37:AD:AD,7.0,164.0,3.2844,53.0,0.0,100.0,11.7,12.95,13.43,13.66,77.51,92.35,93.34,93.49,93.53,0.49,44.67,22.0,1338.0,2024-08-27 19:29:51.169145
00:13:A2:00:42:37:AD:AD,7.0,165.0,3.2844,53.0,0.0,100.0,8.23,9.38,9.94,10.22,53.83,64.65,65.64,65.81,65.85,0.56,44.25,21.71,1162.0,2024-08-27 19:59:51.220739
00:13:A2:00:42:37:AD:AD,7.0,166.0,3.2844,53.0,0.0,100.0,7.57,8.01,8.01,8.01,51.16,60.23,60.46,60.47,60.48,0.46,44.03,21.48,1035.0,2024-08-27 20:29:51.264570
00:13:A2:00:42:37:AD:AD,7.0,167.0,3.2844,53.0,0.0,100.0,5.49,6.72,7.47,7.84,34.68,42.56,43.73,43.94,43.99,0.65,44.13,21.29,949.0,2024-08-27 20:59:51.296623
00:13:A2:00:42:37:AD:AD,7.0,168.0,3.2844,53.0,0.0,100.0,5.51,6.36,6.8,7.02,35.81,43.17,43.92,44.05,44.08,0.55,44.04,21.13,880.0,2024-08-27 21:29:51.347323
00:13:A2:00:42:37:AD:AD,7.0,169.0,3.2844,53.0,0.0,100.0,4.99,5.71,6.06,6.24,32.62,39.21,39.83,39.93,39.96,0.56,44.06,20.99,814.0,2024-08-27 21:59:51.400978
00:13:A2:00:42:37:AD:AD,7.0,188.0,3.2844,53.0,0.0,100.0,6.3,6.66,6.66,6.66,42.56,50.11,50.3,50.31,50.32,0.35,55.6,21.8,412.0,2024-08-28 07:29:52.261403
00:13:A2:00:42:37:AD:AD,7.0,189.0,3.2844,53.0,0.0,100.0,4.3,5.59,6.44,6.87,26.28,32.91,34.19,34.43,34.49,0.72,56.3,22.0,578.0,2024-08-28 07:59:52.299042
00:13:A2:00:42:37:AD:AD,7.0,190.0,3.2844,53.0,0.0,100.0,6.84,7.23,7.23,7.23,46.2,54.39,54.59,54.61,54.62,0.44,55.6,22.47,1278.0,2024-08-28 08:29:52.349433
00:13:A2:00:42:37:AD:AD,7.0,191.0,3.2844,53.0,0.0,100.0,6.48,6.85,6.85,6.85,43.78,51.54,51.73,51.75,51.76,0.46,53.74,22.92,1962.0,2024-08-28 09:00:07.388428
00:13:A2:00:42:37:AD:AD,7.0,192.0,3.2844,53.0,0.0,100.0,3.86,4.08,4.08,4.08,26.1,30.73,30.85,30.86,30.86,0.4,52.12,23.24,2455.0,2024-08-28 09:29:52.444366
00:13:A2:00:42:37:AD:AD,7.0,193.0,3.2844,53.0,0.0,100.0,2.61,2.76,2.76,2.76,17.68,20.82,20.9,20.9,20.91,0.4,50.31,23.43,2879.0,2024-08-28 09:59:52.499718
00:13:A2:00:42:37:AD:AD,7.0,194.0,3.2844,53.0,0.0,100.0,2.96,3.13,3.13,3.13,20.05,23.6,23.69,23.69,23.7,0.37,48.8,23.52,3131.0,2024-08-28 10:29:52.546615
00:13:A2:00:42:37:AD:AD,7.0,195.0,3.2844,53.0,0.0,100.0,2.11,2.61,2.92,3.07,13.29,16.36,16.84,16.92,16.95,0.47,47.86,23.61,3424.0,2024-08-28 10:59:52.563266
00:13:A2:00:42:37:AD:AD,7.0,196.0,3.2844,53.0,0.0,100.0,4.27,4.51,4.51,4.51,28.86,33.98,34.1,34.11,34.12,0.36,46.14,23.43,3125.0,2024-08-28 11:29:52.612171
00:13:A2:00:42:37:AD:AD,7.0,197.0,3.2844,53.0,0.0,100.0,1.34,1.85,2.21,2.39,7.93,10.15,10.67,10.77,10.79,0.69,45.7,23.24,3182.0,2024-08-28 11:59:52.643753
00:13:A2:00:42:37:AD:AD,7.0,198.0,3.2844,53.0,0.0,100.0,1.37,1.87,2.22,2.4,8.14,10.39,10.9,11.0,11.02,0.72,45.6,23.25,3415.0,2024-08-28 12:29:52.694704
00:13:A2:00:42:37:AD:AD,7.0,199.0,3.2844,53.0,0.0,100.0,3.18,3.36,3.36,3.36,21.51,25.32,25.42,25.43,25.43,0.39,45.25,23.33,3531.0,2024-08-28 12:59:52.740719
00:13:A2:00:42:37:AD:AD,7.0,200.0,3.2844,53.0,0.0,100.0,3.06,3.54,3.8,3.92,19.87,23.97,24.41,24.48,24.5,0.49,44.89,23.39,3628.0,2024-08-28 13:29:52.797658
00:13:A2:00:42:37:AD:AD,7.0,201.0,3.2844,53.0,0.0,100.0,0.65,0.69,0.69,0.69,4.42,5.2,5.22,5.22,5.22,0.43,44.35,23.57,3815.0,2024-08-28 14:00:07.828092
00:13:A2:00:42:37:AD:AD,7.0,202.0,3.2844,53.0,0.0,100.0,1.86,1.97,1.97,1.97,12.59,14.82,14.88,14.88,14.88,0.35,43.93,23.75,3766.0,2024-08-28 14:29:52.875694
00:13:A2:00:42:37:AD:AD,7.0,203.0,3.2844,53.0,0.0,100.0,3.48,4.12,4.48,4.66,22.38,27.17,27.76,27.86,27.89,0.56,41.98,23.57,3150.0,2024-08-28 14:59:52.918643
00:13:A2:00:42:37:AD:AD,7.0,204.0,3.2844,53.0,0.0,100.0,1.12,1.42,1.62,1.72,6.91,8.59,8.9,8.95,8.97,0.57,40.49,23.23,2649.0,2024-08-28 15:29:52.964090
00:13:A2:00:42:37:AD:AD,7.0,205.0,3.2844,53.0,0.0,100.0,3.06,3.23,3.23,3.23,20.68,24.35,24.44,24.45,24.45,0.42,39.58,22.86,2247.0,2024-08-28 15:59:52.997257
00:13:A2:00:42:37:AD:AD,7.0,206.0,3.2844,53.0,0.0,100.0,1.26,1.65,1.9,2.03,7.74,9.7,10.08,10.15,10.17,0.64,38.85,22.44,1897.0,2024-08-28 16:29:53.052148
00:13:A2:00:42:37:AD:AD,7.0,207.0,3.2844,53.0,0.0,100.0,1.37,2.04,2.52,2.76,7.75,10.22,10.91,11.04,11.07,0.79,38.31,22.08,1627.0,2024-08-28 16:59:53.083481
00:13:A2:00:42:37:AD:AD,7.0,208.0,3.2844,53.0,0.0,100.0,1.1,1.53,1.82,1.97,6.52,8.36,8.79,8.87,8.89,0.61,37.88,21.8,1445.0,2024-08-28 17:29:53.135992
00:13:A2:00:42:37:AD:AD,7.0,209.0,3.2844,53.0,0.0,100.0,2.83,4.01,4.85,5.27,16.4,21.24,22.45,22.69,22.74,0.78,38.41,21.59,1234.0,2024-08-28 17:59:53.180540
00:13:A2:00:42:37:AD:AD,7.0,210.0,3.2844,53.0,0.0,100.0,0.78,0.82,0.82,0.82,5.29,6.23,6.25,6.25,6.25,0.29,40.18,21.69,1094.0,2024-08-28 18:29:53.222080
00:13:A2:00:42:37:AD:AD,7.0,211.0,3.2844,53.0,0.0,100.0,1.06,1.7,2.18,2.42,5.64,7.74,8.41,8.54,8.57,0.78,41.91,21.92,992.0,2024-08-28 19:00:08.274077
00:13:A2:00:42:37:AD:AD,7.0,212.0,3.2844,53.0,0.0,100.0,1.77,1.87,1.87,1.87,11.95,14.07,14.13,14.13,14.13,0.46,42.92,22.14,910.0,2024-08-28 19:29:53.321003
00:13:A2:00:42:37:AD:AD,7.0,213.0,3.2844,53.0,0.0,100.0,1.2,1.27,1.27,1.27,8.15,9.6,9.64,9.64,9.64,0.37,44.0,22.26,836.0,2024-08-28 19:59:53.361885
00:13:A2:00:42:37:AD:AD,7.0,214.0,3.2844,53.0,0.0,100.0,1.23,1.3,1.3,1.3,8.31,9.78,9.82,9.82,9.83,0.42,45.51,22.38,768.0,2024-08-28 20:29:53.412007
00:13:A2:00:42:37:AD:AD,7.0,215.0,3.2844,53.0,0.0,100.0,1.18,1.56,1.82,1.95,7.19,9.05,9.43,9.51,9.52,0.63,46.41,22.48,711.0,2024-08-28 20:59:53.454385
00:13:A2:00:42:37:AD:AD,7.0,216.0,3.2844,53.0,0.0,100.0,1.76,1.87,1.87,1.87,11.94,14.06,14.11,14.12,14.12,0.36,47.05,22.51,665.0,2024-08-28 21:29:53.485071
00:13:A2:00:42:37:AD:AD,7.0,217.0,3.2844,53.0,0.0,100.0,1.1,1.89,2.49,2.78,5.53,7.88,8.71,8.87,8.91,0.9,47.58,22.51,627.0,2024-08-28 21:59:53.534692
00:13:A2:00:42:37:AD:AD,7.0,236.0,3.2844,53.0,0.0,100.0,0.61,0.9,1.11,1.22,3.49,4.59,4.89,4.95,4.96,0.52,49.63,22.4,403.0,2024-08-29 07:29:54.364759
00:13:A2:00:42:37:AD:AD,7.0,237.0,3.2844,53.0,0.0,100.0,1.64,2.56,3.24,3.58,8.88,12.02,12.98,13.17,13.21,0.87,50.24,22.45,847.0,2024-08-29 07:59:54.433713
00:13:A2:00:42:37:AD:AD,7.0,238.0,3.2844,53.0,0.0,100.0,3.15,4.36,5.2,5.63,18.54,23.77,25.0,25.23,25.29,0.84,51.96,23.09,1589.0,2024-08-29 08:29:54.471246
00:13:A2:00:42:37:AD:AD,7.0,239.0,3.2844,53.0,0.0,100.0,3.07,3.25,3.25,3.25,20.78,24.46,24.55,24.56,24.57,0.39,49.83,23.69,1513.0,2024-08-29 08:59:54.507439
00:13:A2:00:42:37:AD:AD,7.0,240.0,3.2844,53.0,0.0,100.0,3.87,4.09,4.09,4.09,26.15,30.79,30.9,30.91,30.92,0.36,47.55,24.15,1811.0,2024-08-29 09:29:54.561124
00:13:A2:00:42:37:AD:AD,7.0,241.0,3.2844,53.0,0.0,100.0,9.32,9.86,9.86,9.86,62.98,74.15,74.43,74.45,74.46,0.42,44.75,24.27,1784.0,2024-08-29 10:00:09.613490
00:13:A2:00:42:37:AD:AD,7.0,242.0,3.2844,53.0,0.0,100.0,4.27,5.23,5.82,6.12,26.93,33.06,33.98,34.15,34.19,0.52,44.46,24.46,2015.0,2024-08-29 10:29:54.642297
00:13:A2:00:42:37:AD:AD,7.0,243.0,3.2844,53.0,0.0,100.0,4.23,4.47,4.47,4.47,28.59,33.66,33.79,33.8,33.8,0.42,43.62,24.58,2053.0,2024-08-29 10:59:54.678707
00:13:A2:00:42:37:AD:AD,7.0,244.0,3.2844,53.0,0.0,100.0,2.48,2.62,2.62,2.62,16.77,19.74,19.81,19.82,19.82,0.41,41.72,24.2,1902.0,2024-08-29 11:29:54.724402
00:13:A2:00:42:37:AD:AD,7.0,245.0,3.2844,53.0,0.0,100.0,0.88,0.93,0.93,0.93,5.95,7.0,7.03,7.03,7.03,0.44,41.0,23.76,1683.0,2024-08-29 11:59:54.770328
00:13:A2:00:42:37:AD:AD,7.0,246.0,3.2844,53.0,0.0,100.0,0.7,0.75,0.75,0.75,4.79,5.64,5.66,5.66,5.66,0.33,39.96,23.53,1166.0,2024-08-29 12:29:54.832226
00:13:A2:00:42:37:AD:AD,7.0,247.0,3.2844,53.0,0.0,100.0,1.33,2.29,3.03,3.4,6.59,9.45,10.48,10.68,10.72,0.84,40.04,23.51,1318.0,2024-08-29 12:59:54.864791
00:13:A2:00:42:37:AD:AD,7.0,248.0,3.2844,53.0,0.0,100.0,0.66,0.82,0.91,0.96,4.21,5.17,5.32,5.34,5.35,0.5,39.88,23.48,1093.0,2024-08-29 13:29:54.896471
00:13:A2:00:42:37:AD:AD,7.0,249.0,3.2844,53.0,0.0,100.0,1.34,1.71,1.94,2.06,8.34,10.36,10.72,10.79,10.8,0.51,39.71,23.46,970.0,2024-08-29 13:59:54.963641
00:13:A2:00:42:37:AD:AD,7.0,250.0,3.2844,53.0,0.0,100.0,1.37,1.45,1.45,1.45,9.27,10.92,10.96,10.96,10.96,0.42,39.94,23.45,950.0,2024-08-29 14:29:54.997419
00:13:A2:00:42:37:AD:AD,7.0,251.0,3.2844,53.0,0.0,100.0,2.43,2.57,2.57,2.57,16.45,19.37,19.44,19.45,19.45,0.4,39.35,23.19,773.0,2024-08-29 15:00:10.024979
00:13:A2:00:42:37:AD:AD,7.0,252.0,3.2844,53.0,0.0,100.0,2.98,3.58,3.94,4.11,19.01,23.2,23.76,23.86,23.89,0.64,39.43,22.8,404.0,2024-08-29 15:29:55.083146
00:13:A2:00:42:37:AD:AD,7.0,253.0,3.2844,53.0,0.0,100.0,2.52,3.01,3.29,3.43,16.14,19.65,20.11,20.19,20.21,0.61,39.89,22.43,311.0,2024-08-29 15:59:55.119764
00:13:A2:00:42:37:AD:AD,7.0,254.0,3.2844,53.0,0.0,100.0,4.26,4.51,4.51,4.51,28.81,33.92,34.05,34.06,34.06,0.41,40.37,22.16,274.0,2024-08-29 16:29:55.160943
00:13:A2:00:42:37:AD:AD,7.0,255.0,3.2844,53.0,0.0,100.0,2.76,3.58,4.12,4.4,16.9,21.15,21.96,22.11,22.15,0.69,40.53,22.0,298.0,2024-08-29 16:59:55.214639
00:13:A2:00:42:37:AD:AD,7.0,1.0,3.2844,53.0,0.0,100.0,4.73,5.98,6.78,7.19,29.34,36.4,37.62,37.85,37.9,0.71,40.72,21.91,284.0,2024-08-29 17:29:55.250708
00:13:A2:00:42:37:AD:AD,7.0,2.0,3.2844,53.0,0.0,100.0,3.05,3.86,4.39,4.65,18.87,23.43,24.23,24.38,24.42,0.63,41.1,21.92,293.0,2024-08-29 17:59:55.317660
00:13:A2:00:42:37:AD:AD,7.0,3.0,3.2844,53.0,0.0,100.0,1.38,1.46,1.46,1.46,9.35,11.01,11.05,11.05,11.05,0.37,40.11,21.88,271.0,2024-08-29 18:29:55.369617
00:13:A2:00:42:37:AD:AD,7.0,4.0,3.2844,53.0,0.0,100.0,0.74,0.86,0.93,0.97,4.79,5.8,5.91,5.93,5.94,0.48,39.27,21.81,291.0,2024-08-29 18:59:55.402392
00:13:A2:00:42:37:AD:AD,7.0,5.0,3.2844,53.0,0.0,100.0,1.3,1.95,2.43,2.67,7.22,9.6,10.29,10.42,10.45,0.73,39.14,21.71,329.0,2024-08-29 19:29:55.457957
00:13:A2:00:42:37:AD:AD,7.0,6.0,3.2844,53.0,0.0,100.0,2.86,3.95,4.73,5.11,16.83,21.58,22.7,22.91,22.96,0.77,40.19,21.68,359.0,2024-08-29 20:00:10.493599
00:13:A2:00:42:37:AD:AD,7.0,7.0,3.2844,53.0,0.0,100.0,1.82,2.15,2.34,2.43,11.73,14.24,14.54,14.6,14.61,0.47,41.37,21.82,352.0,2024-08-29 20:29:55.536415
00:13:A2:00:42:37:AD:AD,7.0,8.0,3.2844,53.0,0.0,100.0,2.27,3.29,4.02,4.38,13.0,16.98,18.02,18.22,18.27,0.5,42.44,22.03,405.0,2024-08-29 20:59:55.573754
00:13:A2:00:42:37:AD:AD,7.0,9.0,3.2844,53.0,0.0,100.0,1.07,2.42,3.49,4.02,3.8,6.92,8.38,8.67,8.73,1.08,43.2,22.16,379.0,2024-08-29 21:29:55.631003
00:13:A2:00:42:37:AD:AD,7.0,10.0,3.2844,53.0,0.0,100.0,1.15,1.75,2.18,2.4,6.38,8.52,9.14,9.26,9.29,0.82,43.82,22.28,375.0,2024-08-29 21:59:55.674152
00:13:A2:00:42:37:AD:AD,7.0,29.0,3.2844,53.0,0.0,100.0,0.64,0.97,1.22,1.34,3.55,4.75,5.1,5.16,5.18,0.52,46.56,22.52,405.0,2024-08-30 07:29:56.501093
00:13:A2:00:42:37:AD:AD,7.0,30.0,3.2844,53.0,0.0,100.0,0.88,1.15,1.33,1.43,5.35,6.72,6.99,7.04,7.05,0.48,47.13,22.63,625.0,2024-08-30 07:59:56.539531
00:13:A2:00:42:37:AD:AD,7.0,31.0,3.2844,53.0,0.0,100.0,0.6,1.46,2.15,2.49,1.83,3.74,4.68,4.86,4.9,1.2,48.55,23.03,1597.0,2024-08-30 08:29:56.595576
00:13:A2:00:42:37:AD:AD,7.0,32.0,3.2844,53.0,0.0,100.0,0.7,0.88,1.0,1.06,4.37,5.42,5.6,5.63,5.64,0.62,47.66,23.29,2288.0,2024-08-30 08:59:56.635555
00:13:A2:00:42:37:AD:AD,7.0,33.0,3.2844,53.0,0.0,100.0,1.88,2.67,3.23,3.51,10.9,14.12,14.93,15.09,15.12,0.63,46.84,23.47,2729.0,2024-08-30 09:29:56.683481
00:13:A2:00:42:37:AD:AD,7.0,34.0,3.2844,53.0,0.0,100.0,1.63,2.64,3.39,3.77,8.56,11.82,12.88,13.09,13.13,0.85,46.62,23.66,3306.0,2024-08-30 09:59:56.733398
00:13:A2:00:42:37:AD:AD,7.0,35.0,3.2844,53.0,0.0,100.0,0.64,0.76,0.83,0.87,4.13,5.02,5.14,5.16,5.16,0.48,46.92,23.84,3879.0,2024-08-30 10:29:56.769124
00:13:A2:00:42:37:AD:AD,7.0,36.0,3.2844,53.0,0.0,100.0,1.07,2.39,3.42,3.94,3.9,6.97,8.39,8.67,8.73,0.91,46.08,23.93,3943.0,2024-08-30 11:00:11.821265
00:13:A2:00:42:37:AD:AD,7.0,37.0,3.2844,53.0,0.0,100.0,0.71,0.75,0.75,0.75,4.82,5.67,5.69,5.69,5.69,0.38,45.98,23.93,4137.0,2024-08-30 11:29:56.859455
00:13:A2:00:42:37:AD:AD,7.0,38.0,3.2844,53.0,0.0,100.0,0.0,0.0,0.0,0.0,0.0,0.0,0.0,0.0,0.0,1.62,45.73,23.94,4295.0,2024-08-30 11:59:56.896972
00:13:A2:00:42:37:AD:AD,7.0,39.0,3.2844,53.0,0.0,100.0,0.61,0.75,0.84,0.88,3.85,4.73,4.87,4.89,4.9,0.49,45.45,24.0,4354.0,2024-08-30 12:29:56.938886
00:13:A2:00:42:37:AD:AD,7.0,40.0,3.2844,53.0,0.0,100.0,0.63,0.97,1.23,1.36,3.43,4.62,4.99,5.06,5.07,0.77,43.95,23.89,4002.0,2024-08-30 12:59:56.985111
00:13:A2:00:42:37:AD:AD,7.0,42.0,3.2844,53.0,0.0,100.0,1.2,1.62,1.91,2.05,7.22,9.16,9.58,9.66,9.68,0.53,45.17,23.45,3980.0,2024-08-30 13:59:57.062800
00:13:A2:00:42:37:AD:AD,7.0,43.0,3.2844,53.0,0.0,100.0,2.35,2.49,2.49,2.49,15.91,18.73,18.8,18.8,18.81,0.38,46.68,23.75,4301.0,2024-08-30 14:29:57.122844
00:13:A2:00:42:37:AD:AD,7.0,44.0,3.2844,53.0,0.0,100.0,1.77,6.27,9.91,11.73,0.12,8.51,13.43,14.41,14.62,1.62,47.18,24.03,4521.0,2024-08-30 14:59:57.162785
00:13:A2:00:42:37:AD:AD,7.0,45.0,3.2844,53.0,0.0,100.0,0.55,1.27,1.84,2.13,1.86,3.5,4.28,4.44,4.47,0.91,47.68,24.32,4844.0,2024-08-30 15:29:57.195563
00:13:A2:00:42:37:AD:AD,7.0,46.0,3.2844,53.0,0.0,100.0,2.69,4.54,5.95,6.65,13.6,19.24,21.21,21.59,21.68,0.66,47.93,24.55,4084.0,2024-08-30 16:00:12.267133
00:13:A2:00:42:37:AD:AD,7.0,47.0,3.2844,53.0,0.0,100.0,2.06,4.95,7.23,8.37,6.54,12.94,16.06,16.67,16.81,0.83,45.94,24.49,3467.0,2024-08-30 16:29:57.345533
00:13:A2:00:42:37:AD:AD,7.0,48.0,3.2844,53.0,0.0,100.0,1.72,3.01,3.99,4.49,8.44,12.19,13.56,13.83,13.89,0.93,43.66,23.97,3048.0,2024-08-30 16:59:57.339440
00:13:A2:00:42:37:AD:AD,7.0,49.0,3.2844,53.0,0.0,100.0,3.52,3.72,3.72,3.72,23.78,27.99,28.1,28.1,28.11,0.38,42.16,23.52,2739.0,2024-08-30 17:29:57.391750
00:13:A2:00:42:37:AD:AD,7.0,50.0,3.2844,53.0,0.0,100.0,1.25,1.44,1.54,1.59,8.19,9.86,10.03,10.06,10.07,0.52,41.29,23.17,2449.0,2024-08-30 17:59:57.421235
00:13:A2:00:42:37:AD:AD,7.0,51.0,3.2844,53.0,0.0,100.0,1.65,2.57,3.25,3.59,8.95,12.11,13.07,13.26,13.3,0.86,40.92,22.94,2127.0,2024-08-30 18:29:57.474434
00:13:A2:00:42:37:AD:AD,7.0,52.0,3.2844,53.0,0.0,100.0,1.8,1.91,1.91,1.91,12.22,14.38,14.44,14.44,14.44,0.35,40.52,22.71,1827.0,2024-08-30 18:59:57.501557
00:13:A2:00:42:37:AD:AD,7.0,53.0,3.2844,53.0,0.0,100.0,0.67,1.21,1.63,1.83,3.24,4.77,5.34,5.45,5.48,0.97,40.05,22.46,1621.0,2024-08-30 19:29:57.549028
00:13:A2:00:42:37:AD:AD,7.0,54.0,3.2844,53.0,0.0,100.0,2.34,3.33,4.05,4.4,13.48,17.51,18.53,18.73,18.77,0.59,39.55,22.22,1457.0,2024-08-30 19:59:57.606927
00:13:A2:00:42:37:AD:AD,7.0,55.0,3.2844,53.0,0.0,100.0,1.83,1.94,1.94,1.94,12.41,14.61,14.67,14.67,14.67,0.31,39.04,21.95,1334.0,2024-08-30 20:29:57.651399
00:13:A2:00:42:37:AD:AD,7.0,56.0,3.2844,53.0,0.0,100.0,0.66,1.12,1.48,1.65,3.35,4.75,5.24,5.34,5.36,0.95,38.31,21.66,1179.0,2024-08-30 21:00:12.677398
00:13:A2:00:42:37:AD:AD,7.0,57.0,3.2844,53.0,0.0,100.0,0.51,1.75,2.75,3.25,0.17,2.51,3.87,4.14,4.2,1.62,38.19,21.46,1105.0,2024-08-30 21:29:57.758287
00:13:A2:00:42:37:AD:AD,7.0,58.0,3.2844,53.0,0.0,100.0,1.12,1.6,1.94,2.11,6.46,8.4,8.89,8.98,9.0,0.66,37.97,21.26,1028.0,2024-08-30 21:59:57.787675
00:13:A2:00:42:37:AD:AD,7.0,77.0,3.2844,53.0,0.0,100.0,0.57,1.14,1.57,1.79,2.47,3.91,4.52,4.64,4.66,1.07,43.67,21.87,398.0,2024-08-31 07:29:58.658183
00:13:A2:00:42:37:AD:AD,7.0,78.0,3.2844,53.0,0.0,100.0,0.66,0.7,0.7,0.7,4.48,5.27,5.29,5.29,5.29,0.37,41.4,21.74,394.0,2024-08-31 07:59:58.674436
00:13:A2:00:42:37:AD:AD,7.0,79.0,3.2844,53.0,0.0,100.0,2.84,3.0,3.0,3.0,19.21,22.61,22.7,22.7,22.71,0.38,39.65,21.44,394.0,2024-08-31 08:29:58.729189
00:13:A2:00:42:37:AD:AD,7.0,80.0,3.2844,53.0,0.0,100.0,0.62,0.87,1.05,1.14,3.61,4.66,4.92,4.97,4.98,0.71,38.62,21.19,366.0,2024-08-31 08:59:58.765651
00:13:A2:00:42:37:AD:AD,7.0,81.0,3.2844,53.0,0.0,100.0,0.62,0.66,0.66,0.66,4.24,4.99,5.01,5.01,5.01,0.37,38.17,20.99,365.0,2024-08-31 09:29:58.826934
00:13:A2:00:42:37:AD:AD,7.0,82.0,3.2844,53.0,0.0,100.0,0.65,0.99,1.24,1.36,3.58,4.79,5.14,5.21,5.23,0.76,37.98,20.8,372.0,2024-08-31 09:59:58.855418
00:13:A2:00:42:37:AD:AD,7.0,83.0,3.2844,53.0,0.0,100.0,1.69,2.93,3.87,4.34,8.39,12.04,13.36,13.61,13.67,1.01,37.89,20.7,334.0,2024-08-31 10:29:58.912486
00:13:A2:00:42:37:AD:AD,7.0,84.0,3.2844,53.0,0.0,100.0,0.63,0.79,0.9,0.95,3.95,4.89,5.05,5.08,5.08,0.6,37.96,20.61,329.0,2024-08-31 10:59:58.949471
00:13:A2:00:42:37:AD:AD,7.0,85.0,3.2844,53.0,0.0,100.0,0.55,1.11,1.55,1.77,2.34,3.76,4.36,4.48,4.51,0.77,38.07,20.54,336.0,2024-08-31 11:29:59.019228
00:13:A2:00:42:37:AD:AD,7.0,86.0,3.2844,53.0,0.0,100.0,1.1,2.15,2.96,3.37,4.84,7.56,8.68,8.9,8.95,0.99,38.12,20.48,327.0,2024-08-31 12:00:14.036540
00:13:A2:00:42:37:AD:AD,7.0,87.0,3.2844,53.0,0.0,100.0,1.48,1.72,1.86,1.93,9.55,11.56,11.78,11.82,11.83,0.56,38.31,20.43,313.0,2024-08-31 12:29:59.081860
00:13:A2:00:42:37:AD:AD,7.0,88.0,3.2844,53.0,0.0,100.0,0.55,1.17,1.65,1.89,2.2,3.69,4.35,4.48,4.51,1.02,38.5,20.39,329.0,2024-08-31 12:59:59.162817
00:13:A2:00:42:37:AD:AD,7.0,89.0,3.2844,53.0,0.0,100.0,1.74,2.28,2.63,2.81,10.61,13.31,13.85,13.95,13.97,0.54,38.6,20.35,320.0,2024-08-31 13:29:59.179056
00:13:A2:00:42:37:AD:AD,7.0,90.0,3.2844,53.0,0.0,100.0,0.63,0.66,0.66,0.66,4.26,5.01,5.03,5.03,5.03,0.46,38.72,20.29,343.0,2024-08-31 13:59:59.245135
00:13:A2:00:42:37:AD:AD,7.0,91.0,3.2844,53.0,0.0,100.0,0.66,1.21,1.63,1.84,3.09,4.61,5.2,5.31,5.34,1.01,38.72,20.26,345.0,2024-08-31 14:29:59.270699
00:13:A2:00:42:37:AD:AD,7.0,92.0,3.2844,53.0,0.0,100.0,0.67,0.71,0.71,0.71,4.56,5.37,5.39,5.39,5.39,0.35,38.78,20.18,331.0,2024-08-31 14:59:59.303356
00:13:A2:00:42:37:AD:AD,7.0,93.0,3.2844,53.0,0.0,100.0,1.14,1.39,1.54,1.61,7.28,8.91,9.14,9.18,9.19,0.5,38.86,20.15,311.0,2024-08-31 15:29:59.366347
00:13:A2:00:42:37:AD:AD,7.0,94.0,3.2844,53.0,0.0,100.0,0.65,0.68,0.68,0.68,4.4,5.18,5.2,5.2,5.2,0.45,38.95,20.09,319.0,2024-08-31 15:59:59.411077
00:13:A2:00:42:37:AD:AD,7.0,95.0,3.2844,53.0,0.0,100.0,1.1,3.18,4.84,5.67,2.05,6.24,8.5,8.95,9.05,1.3,38.99,20.08,335.0,2024-08-31 16:29:59.458017
00:13:A2:00:42:37:AD:AD,7.0,96.0,3.2844,53.0,0.0,100.0,0.63,0.83,0.96,1.03,3.83,4.82,5.02,5.06,5.07,0.6,39.07,19.99,325.0,2024-08-31 17:00:14.507116
00:13:A2:00:42:37:AD:AD,7.0,97.0,3.2844,53.0,0.0,100.0,0.62,0.66,0.66,0.66,4.21,4.96,4.98,4.98,4.98,0.29,39.1,20.0,298.0,2024-08-31 17:29:59.561998
00:13:A2:00:42:37:AD:AD,7.0,98.0,3.2844,53.0,0.0,100.0,0.59,0.62,0.62,0.62,4.0,4.71,4.72,4.72,4.73,0.42,39.2,19.94,312.0,2024-08-31 17:59:59.584921
00:13:A2:00:42:37:AD:AD,7.0,99.0,3.2844,53.0,0.0,100.0,0.93,3.41,5.41,6.4,0.0,4.38,7.08,7.62,7.74,1.62,39.28,19.89,311.0,2024-08-31 18:29:59.643168
00:13:A2:00:42:37:AD:AD,7.0,100.0,3.2844,53.0,0.0,100.0,0.63,0.82,0.96,1.02,3.83,4.82,5.02,5.05,5.06,0.56,39.26,19.86,311.0,2024-08-31 18:59:59.677130
00:13:A2:00:42:37:AD:AD,7.0,101.0,3.2844,53.0,0.0,100.0,1.15,1.68,2.07,2.26,6.52,8.57,9.12,9.22,9.25,0.68,39.28,19.82,300.0,2024-08-31 19:29:59.729232
00:13:A2:00:42:37:AD:AD,7.0,102.0,3.2844,53.0,0.0,100.0,3.45,7.76,11.17,12.86,12.27,22.26,26.91,27.83,28.03,1.21,39.34,19.78,315.0,2024-08-31 19:59:59.777703
00:13:A2:00:42:37:AD:AD,7.0,103.0,3.2844,53.0,0.0,100.0,1.12,1.88,2.45,2.73,5.78,8.11,8.9,9.06,9.09,0.62,40.18,19.79,312.0,2024-08-31 20:29:59.829175
00:13:A2:00:42:37:AD:AD,7.0,104.0,3.2844,53.0,0.0,100.0,1.34,1.42,1.42,1.42,9.09,10.71,10.75,10.75,10.75,0.42,42.21,20.11,308.0,2024-08-31 20:59:59.870052
00:13:A2:00:42:37:AD:AD,7.0,105.0,3.2844,53.0,0.0,100.0,0.72,0.77,0.77,0.77,4.92,5.79,5.81,5.82,5.82,0.36,41.17,20.19,303.0,2024-08-31 21:29:59.913276
00:13:A2:00:42:37:AD:AD,7.0,158.0,3.2844,53.0,0.0,100.0,2.96,3.13,3.13,3.13,20.02,23.57,23.66,23.67,23.67,0.38,50.2,20.41,296.0,2024-09-01 22:07:27.280090
00:13:A2:00:42:37:AD:AD,7.0,159.0,3.2844,53.0,0.0,100.0,1.93,2.04,2.04,2.04,13.06,15.37,15.43,15.43,15.44,0.44,51.24,20.6,292.0,2024-09-02 00:30:02.420945
00:13:A2:00:42:37:AD:AD,7.0,160.0,3.2844,53.0,0.0,100.0,2.43,2.57,2.57,2.57,16.46,19.38,19.45,19.46,19.46,0.3,52.09,20.76,302.0,2024-09-02 01:00:02.471249
00:13:A2:00:42:37:AD:AD,7.0,161.0,3.2844,53.0,0.0,100.0,2.29,2.43,2.43,2.43,15.52,18.28,18.34,18.35,18.35,0.32,52.7,20.88,280.0,2024-09-02 01:30:02.508541
00:13:A2:00:42:37:AD:AD,7.0,162.0,3.2844,53.0,0.0,100.0,2.35,2.91,3.26,3.43,14.8,18.22,18.76,18.85,18.88,0.61,53.1,21.0,302.0,2024-09-02 02:00:02.567375
00:13:A2:00:42:37:AD:AD,7.0,163.0,3.2844,53.0,0.0,100.0,0.75,0.79,0.79,0.79,5.1,6.01,6.03,6.03,6.03,0.43,53.41,21.08,287.0,2024-09-02 02:30:02.609155
00:13:A2:00:42:37:AD:AD,7.0,164.0,3.2844,53.0,0.0,100.0,1.27,1.56,1.74,1.83,8.02,9.85,10.13,10.18,10.2,0.63,53.58,21.13,291.0,2024-09-02 03:00:02.649870
00:13:A2:00:42:37:AD:AD,7.0,165.0,3.2844,53.0,0.0,100.0,1.12,1.81,2.32,2.58,5.91,8.14,8.86,9.0,9.03,0.69,53.75,21.19,304.0,2024-09-02 03:30:02.687814
00:13:A2:00:42:37:AD:AD,7.0,166.0,3.2844,53.0,0.0,100.0,1.87,2.01,2.03,2.05,12.56,14.85,14.94,14.95,14.96,0.48,54.09,21.24,299.0,2024-09-02 04:00:17.737795
00:13:A2:00:42:37:AD:AD,7.0,167.0,3.2844,53.0,0.0,100.0,0.68,0.78,0.84,0.87,4.4,5.31,5.41,5.43,5.43,0.51,53.89,21.3,311.0,2024-09-02 04:30:02.778254
00:13:A2:00:42:37:AD:AD,7.0,169.0,3.2844,53.0,0.0,100.0,0.66,0.69,0.69,0.69,4.45,5.24,5.26,5.26,5.26,0.32,53.89,21.35,280.0,2024-09-02 05:30:02.858807
00:13:A2:00:42:37:AD:AD,7.0,170.0,3.2844,53.0,0.0,100.0,2.89,3.06,3.06,3.06,19.57,23.04,23.13,23.14,23.14,0.46,53.88,21.37,316.0,2024-09-02 06:00:02.916351
00:13:A2:00:42:37:AD:AD,7.0,171.0,3.2844,53.0,0.0,100.0,1.18,1.57,1.83,1.96,7.17,9.04,9.43,9.5,9.52,0.53,53.82,21.42,295.0,2024-09-02 06:30:02.950736
00:13:A2:00:42:37:AD:AD,7.0,172.0,3.2844,53.0,0.0,100.0,2.54,5.36,7.58,8.69,9.96,16.82,19.86,20.46,20.59,0.87,53.72,21.43,308.0,2024-09-02 07:00:03.010690
00:13:A2:00:42:37:AD:AD,7.0,173.0,3.2844,53.0,0.0,100.0,1.77,2.08,2.25,2.34,11.41,13.83,14.11,14.16,14.18,0.48,53.6,21.45,303.0,2024-09-02 07:30:03.055232
00:13:A2:00:42:37:AD:AD,7.0,174.0,3.2844,53.0,0.0,100.0,1.2,1.78,2.21,2.42,6.71,8.88,9.49,9.61,9.63,0.54,53.35,21.52,311.0,2024-09-02 08:00:03.095801
00:13:A2:00:42:37:AD:AD,7.0,175.0,3.2844,53.0,0.0,100.0,1.08,2.16,2.99,3.41,4.61,7.35,8.5,8.73,8.78,1.11,52.98,21.57,314.0,2024-09-02 08:30:03.130215
00:13:A2:00:42:37:AD:AD,7.0,176.0,3.2844,53.0,0.0,100.0,1.84,1.95,1.95,1.95,12.48,14.7,14.75,14.76,14.76,0.42,52.67,21.6,301.0,2024-09-02 09:00:18.181743
00:13:A2:00:42:37:AD:AD,7.0,177.0,3.2844,53.0,0.0,100.0,1.34,1.42,1.42,1.42,9.08,10.68,10.73,10.73,10.73,0.46,52.28,21.67,301.0,2024-09-02 09:30:03.221715
00:13:A2:00:42:37:AD:AD,7.0,178.0,3.2844,53.0,0.0,100.0,0.58,1.27,1.82,2.09,2.19,3.83,4.58,4.72,4.76,1.05,52.04,21.72,317.0,2024-09-02 10:00:03.268991
00:13:A2:00:42:37:AD:AD,7.0,179.0,3.2844,53.0,0.0,100.0,0.62,0.99,1.26,1.4,3.36,4.58,4.96,5.04,5.06,0.88,51.15,21.74,313.0,2024-09-02 10:30:03.312169
00:13:A2:00:42:37:AD:AD,7.0,180.0,3.2844,53.0,0.0,100.0,1.66,2.58,3.27,3.61,8.98,12.15,13.12,13.31,13.35,0.77,46.9,21.49,297.0,2024-09-02 11:00:03.354969
00:13:A2:00:42:37:AD:AD,7.0,181.0,3.2844,53.0,0.0,100.0,2.89,3.05,3.05,3.05,19.52,22.97,23.06,23.07,23.07,0.36,43.72,21.13,300.0,2024-09-02 11:30:03.405784
00:13:A2:00:42:37:AD:AD,7.0,182.0,3.2844,53.0,0.0,100.0,0.68,0.93,1.1,1.19,4.05,5.17,5.42,5.47,5.48,0.66,44.16,20.91,281.0,2024-09-02 12:00:03.441063
00:13:A2:00:42:37:AD:AD,7.0,183.0,3.2844,53.0,0.0,100.0,1.19,1.86,2.35,2.6,6.43,8.71,9.41,9.55,9.58,0.6,45.42,21.05,294.0,2024-09-02 12:30:03.500265
00:13:A2:00:42:37:AD:AD,7.0,184.0,3.2844,53.0,0.0,100.0,1.38,1.59,1.69,1.75,9.01,10.85,11.04,11.07,11.08,0.5,45.72,21.21,295.0,2024-09-02 13:00:03.547543
00:13:A2:00:42:37:AD:AD,7.0,185.0,3.2844,53.0,0.0,100.0,0.65,1.05,1.35,1.5,3.41,4.71,5.13,5.21,5.23,0.82,42.86,21.04,273.0,2024-09-02 13:30:03.475587
00:13:A2:00:42:37:AD:AD,7.0,186.0,3.2844,53.0,0.0,100.0,1.91,2.26,2.46,2.56,12.25,14.88,15.21,15.27,15.28,0.59,42.94,20.84,284.0,2024-09-02 14:00:18.635023
00:13:A2:00:42:37:AD:AD,7.0,187.0,3.2844,53.0,0.0,100.0,1.19,1.55,1.79,1.91,7.25,9.09,9.45,9.52,9.53,0.64,44.23,21.0,294.0,2024-09-02 14:30:03.680196
00:13:A2:00:42:37:AD:AD,7.0,188.0,3.2844,53.0,0.0,100.0,2.23,3.08,3.67,3.96,13.18,16.87,17.73,17.9,17.93,0.71,45.06,21.16,303.0,2024-09-02 15:00:03.720236
00:13:A2:00:42:37:AD:AD,7.0,189.0,3.2844,53.0,0.0,100.0,1.88,1.99,1.99,1.99,12.76,15.02,15.08,15.08,15.09,0.33,45.67,21.33,281.0,2024-09-02 15:30:03.784844
00:13:A2:00:42:37:AD:AD,7.0,190.0,3.2844,53.0,0.0,100.0,1.23,1.65,1.93,2.07,7.44,9.41,9.83,9.91,9.93,0.51,46.0,21.45,308.0,2024-09-02 16:00:03.820491
00:13:A2:00:42:37:AD:AD,7.0,191.0,3.2844,53.0,0.0,100.0,1.82,1.93,1.93,1.93,12.33,14.51,14.57,14.57,14.58,0.34,46.13,21.52,310.0,2024-09-02 16:30:03.875775
00:13:A2:00:42:37:AD:AD,7.0,192.0,3.2844,53.0,0.0,100.0,0.69,0.73,0.73,0.73,4.66,5.49,5.51,5.51,5.51,0.3,46.14,21.61,271.0,2024-09-02 17:00:03.906456
00:13:A2:00:42:37:AD:AD,7.0,193.0,3.2844,53.0,0.0,100.0,0.74,1.22,1.58,1.76,3.88,5.4,5.9,6.0,6.02,0.87,45.95,21.65,291.0,2024-09-02 17:30:03.968777
00:13:A2:00:42:37:AD:AD,7.0,194.0,3.2844,53.0,0.0,100.0,1.72,2.31,2.72,2.92,10.31,13.07,13.67,13.78,13.8,0.61,45.85,21.71,284.0,2024-09-02 18:00:04.000202
00:13:A2:00:42:37:AD:AD,7.0,195.0,3.2844,53.0,0.0,100.0,0.6,1.34,1.93,2.22,2.15,3.88,4.68,4.84,4.87,1.21,45.86,21.76,289.0,2024-09-02 18:30:04.042144
00:13:A2:00:42:37:AD:AD,7.0,196.0,3.2844,53.0,0.0,100.0,1.59,2.05,2.36,2.51,9.76,12.2,12.66,12.75,12.77,0.49,45.82,21.76,289.0,2024-09-02 19:00:19.004195
00:13:A2:00:42:37:AD:AD,7.0,197.0,3.2844,53.0,0.0,100.0,1.22,1.29,1.29,1.29,8.27,9.74,9.77,9.78,9.78,0.34,45.77,21.79,282.0,2024-09-02 19:30:04.135283
00:13:A2:00:42:37:AD:AD,7.0,198.0,3.2844,53.0,0.0,100.0,1.13,2.16,2.96,3.36,5.04,7.77,8.87,9.09,9.14,1.04,45.76,21.77,285.0,2024-09-02 20:00:04.205336
00:13:A2:00:42:37:AD:AD,7.0,199.0,3.2844,53.0,0.0,100.0,0.69,0.73,0.73,0.73,4.69,5.52,5.54,5.55,5.55,0.46,45.79,21.79,294.0,2024-09-02 20:30:04.214298
00:13:A2:00:42:37:AD:AD,7.0,200.0,3.2844,53.0,0.0,100.0,1.78,1.88,1.88,1.88,12.02,14.16,14.21,14.21,14.22,0.37,45.81,21.77,292.0,2024-09-02 21:00:04.269565
00:13:A2:00:42:37:AD:AD,7.0,201.0,3.2844,53.0,0.0,100.0,1.02,2.67,3.99,4.65,2.6,6.09,7.88,8.24,8.32,1.2,45.8,21.75,283.0,2024-09-02 21:30:04.317525
00:13:A2:00:42:37:AD:AD,7.0,221.0,3.2844,53.0,0.0,100.0,0.68,0.81,0.89,0.93,4.36,5.31,5.44,5.46,5.47,0.58,44.41,21.56,304.0,2024-09-03 07:30:05.204013
00:13:A2:00:42:37:AD:AD,7.0,222.0,3.2844,53.0,0.0,100.0,1.24,1.79,2.19,2.39,7.08,9.25,9.83,9.94,9.96,0.84,44.12,21.57,307.0,2024-09-03 08:00:05.235395
00:13:A2:00:42:37:AD:AD,7.0,223.0,3.2844,53.0,0.0,100.0,1.21,1.8,2.23,2.44,6.82,9.01,9.62,9.74,9.77,0.87,43.94,21.58,365.0,2024-09-03 08:30:05.290669
00:13:A2:00:42:37:AD:AD,7.0,224.0,3.2844,53.0,0.0,100.0,2.32,2.46,2.46,2.46,15.72,18.5,18.57,18.58,18.58,0.45,43.65,21.6,405.0,2024-09-03 09:00:05.344372
00:13:A2:00:42:37:AD:AD,7.0,225.0,3.2844,53.0,0.0,100.0,2.18,3.92,5.24,5.91,10.46,15.37,17.21,17.57,17.65,0.92,43.37,21.61,456.0,2024-09-03 09:30:05.380643
00:13:A2:00:42:37:AD:AD,7.0,226.0,3.2844,53.0,0.0,100.0,2.07,2.19,2.19,2.19,14.01,16.49,16.55,16.56,16.56,0.38,42.94,21.63,469.0,2024-09-03 10:00:20.445003
00:13:A2:00:42:37:AD:AD,7.0,227.0,3.2844,53.0,0.0,100.0,2.03,3.37,4.38,4.88,10.47,14.65,16.06,16.33,16.4,0.84,42.63,21.68,480.0,2024-09-03 10:30:05.475314
00:13:A2:00:42:37:AD:AD,7.0,228.0,3.2844,53.0,0.0,100.0,2.52,2.66,2.66,2.66,17.04,20.06,20.14,20.14,20.14,0.45,42.2,21.7,489.0,2024-09-03 11:00:05.521851
00:13:A2:00:42:37:AD:AD,7.0,229.0,3.2844,53.0,0.0,100.0,3.61,3.82,3.82,3.82,24.42,28.75,28.86,28.87,28.87,0.4,41.75,21.73,486.0,2024-09-03 11:30:05.553766
00:13:A2:00:42:37:AD:AD,7.0,230.0,3.2844,53.0,0.0,100.0,3.58,3.78,3.78,3.78,24.19,28.48,28.59,28.59,28.6,0.41,40.53,21.65,716.0,2024-09-03 12:00:05.623148
00:13:A2:00:42:37:AD:AD,7.0,231.0,3.2844,53.0,0.0,100.0,1.78,2.41,2.84,3.06,10.65,13.53,14.17,14.29,14.32,0.77,39.34,21.46,951.0,2024-09-03 12:30:05.654867
00:13:A2:00:42:37:AD:AD,7.0,232.0,3.2844,53.0,0.0,100.0,0.94,1.0,1.0,1.0,6.39,7.53,7.55,7.56,7.56,0.34,38.54,21.25,1195.0,2024-09-03 13:00:05.685794
00:13:A2:00:42:37:AD:AD,7.0,233.0,3.2844,53.0,0.0,100.0,1.35,1.59,1.72,1.78,8.73,10.58,10.79,10.83,10.84,0.58,38.06,21.09,1373.0,2024-09-03 13:30:05.742779
00:13:A2:00:42:37:AD:AD,7.0,234.0,3.2844,53.0,0.0,100.0,1.89,2.0,2.0,2.0,12.8,15.07,15.13,15.14,15.14,0.41,39.1,21.13,1689.0,2024-09-03 14:00:05.793052
00:13:A2:00:42:37:AD:AD,7.0,235.0,3.2844,53.0,0.0,100.0,1.31,1.7,1.96,2.09,8.02,10.04,10.43,10.51,10.52,0.61,39.7,21.44,2069.0,2024-09-03 14:30:05.833637
00:13:A2:00:42:37:AD:AD,7.0,236.0,3.2844,53.0,0.0,100.0,1.7,2.07,2.3,2.41,10.77,13.2,13.56,13.62,13.64,0.52,39.96,21.71,2376.0,2024-09-03 15:00:20.893862
00:13:A2:00:42:37:AD:AD,7.0,237.0,3.2844,53.0,0.0,100.0,0.9,0.95,0.95,0.95,6.1,7.18,7.2,7.21,7.21,0.44,40.11,21.96,2668.0,2024-09-03 15:30:05.920368
00:13:A2:00:42:37:AD:AD,7.0,238.0,3.2844,53.0,0.0,100.0,0.7,1.47,2.07,2.37,2.81,4.68,5.51,5.67,5.7,1.2,40.18,22.07,2916.0,2024-09-03 16:00:05.977632
00:13:A2:00:42:37:AD:AD,7.0,239.0,3.2844,53.0,0.0,100.0,1.8,2.06,2.19,2.25,11.77,14.15,14.38,14.41,14.42,0.51,40.1,22.07,3062.0,2024-09-03 16:30:06.064857
00:13:A2:00:42:37:AD:AD,7.0,240.0,3.2844,53.0,0.0,100.0,1.35,1.73,1.97,2.09,8.39,10.44,10.8,10.87,10.88,0.62,39.52,21.96,3007.0,2024-09-03 17:00:06.044296
00:13:A2:00:42:37:AD:AD,7.0,241.0,3.2844,53.0,0.0,100.0,0.69,0.73,0.73,0.73,4.69,5.53,5.55,5.55,5.55,0.44,38.35,21.69,2746.0,2024-09-03 17:30:06.093017
00:13:A2:00:42:37:AD:AD,7.0,242.0,3.2844,53.0,0.0,100.0,1.15,2.0,2.65,2.97,5.65,8.14,9.05,9.22,9.26,0.99,37.29,21.33,2410.0,2024-09-03 18:00:06.158130
00:13:A2:00:42:37:AD:AD,7.0,243.0,3.2844,53.0,0.0,100.0,1.16,1.23,1.23,1.23,7.87,9.26,9.3,9.3,9.3,0.31,36.61,21.02,2070.0,2024-09-03 18:30:06.182855
00:13:A2:00:42:37:AD:AD,7.0,244.0,3.2844,53.0,0.0,100.0,0.7,0.74,0.74,0.74,4.78,5.63,5.65,5.66,5.66,0.37,36.21,20.73,1801.0,2024-09-03 19:00:06.244455
00:13:A2:00:42:37:AD:AD,7.0,245.0,3.2844,53.0,0.0,100.0,0.6,1.38,2.0,2.31,2.03,3.82,4.67,4.84,4.87,1.26,36.36,20.43,1638.0,2024-09-03 19:30:06.280590
00:13:A2:00:42:37:AD:AD,7.0,246.0,3.2844,53.0,0.0,100.0,1.06,2.31,3.3,3.79,3.97,6.94,8.29,8.56,8.62,1.21,38.09,20.5,1452.0,2024-09-03 20:00:21.327110
00:13:A2:00:42:37:AD:AD,7.0,247.0,3.2844,53.0,0.0,100.0,0.6,1.79,2.74,3.21,0.96,3.32,4.62,4.88,4.93,1.22,37.84,20.62,1307.0,2024-09-03 20:30:06.373747
00:13:A2:00:42:37:AD:AD,7.0,248.0,3.2844,53.0,0.0,100.0,1.76,1.86,1.86,1.86,11.9,14.01,14.07,14.07,14.07,0.43,38.82,20.5,1178.0,2024-09-03 21:00:06.411861
00:13:A2:00:42:37:AD:AD,7.0,249.0,3.2844,53.0,0.0,100.0,0.77,1.27,1.65,1.83,3.99,5.56,6.09,6.19,6.21,0.9,39.56,20.64,1088.0,2024-09-03 21:30:06.471332
00:13:A2:00:42:37:AD:AD,7.0,14.0,3.2844,53.0,0.0,100.0,1.76,2.59,3.19,3.49,9.96,13.11,13.97,14.13,14.17,0.79,44.67,21.35,396.0,2024-09-04 07:30:07.359451
00:13:A2:00:42:37:AD:AD,7.0,15.0,3.2844,53.0,0.0,100.0,1.25,1.32,1.32,1.32,8.48,9.98,10.02,10.02,10.02,0.43,43.72,21.3,514.0,2024-09-04 08:00:07.404247
00:13:A2:00:42:37:AD:AD,7.0,16.0,3.2844,53.0,0.0,100.0,2.26,4.2,5.7,6.44,10.39,15.68,17.75,18.15,18.24,1.05,43.71,21.43,1130.0,2024-09-04 08:30:07.447125
00:13:A2:00:42:37:AD:AD,7.0,18.0,3.2844,53.0,0.0,100.0,1.11,1.17,1.17,1.17,7.5,8.83,8.86,8.86,8.87,0.42,43.79,21.93,2084.0,2024-09-04 09:30:07.641831
00:13:A2:00:42:37:AD:AD,7.0,19.0,3.2844,53.0,0.0,100.0,1.77,1.87,1.87,1.87,11.99,14.12,14.18,14.18,14.18,0.35,43.83,22.12,2546.0,2024-09-04 10:00:07.602581
00:13:A2:00:42:37:AD:AD,7.0,20.0,3.2844,53.0,0.0,100.0,0.63,1.0,1.28,1.41,3.37,4.6,4.99,5.06,5.08,0.77,43.93,22.27,2943.0,2024-09-04 10:30:07.644768
00:13:A2:00:42:37:AD:AD,7.0,21.0,3.2844,53.0,0.0,100.0,1.82,2.35,2.7,2.88,11.14,13.93,14.45,14.55,14.58,0.71,43.72,22.4,3171.0,2024-09-04 11:00:22.685731
00:13:A2:00:42:37:AD:AD,7.0,22.0,3.2844,53.0,0.0,100.0,1.15,2.37,3.32,3.8,4.7,7.72,9.03,9.29,9.34,1.0,42.65,22.35,3008.0,2024-09-04 11:30:07.723805
00:13:A2:00:42:37:AD:AD,7.0,23.0,3.2844,53.0,0.0,100.0,0.58,1.05,1.41,1.59,2.76,4.08,4.58,4.67,4.7,0.98,42.65,22.23,3094.0,2024-09-04 12:00:07.799226
00:13:A2:00:42:37:AD:AD,7.0,24.0,3.2844,53.0,0.0,100.0,1.25,2.3,3.1,3.5,5.85,8.74,9.86,10.07,10.12,1.06,43.76,22.36,3525.0,2024-09-04 12:30:07.823835
00:13:A2:00:42:37:AD:AD,7.0,25.0,3.2844,53.0,0.0,100.0,2.06,3.07,3.8,4.17,11.57,15.3,16.34,16.55,16.59,0.82,44.2,22.51,3902.0,2024-09-04 13:00:07.861495
00:13:A2:00:42:37:AD:AD,7.0,26.0,3.2844,53.0,0.0,100.0,1.91,2.12,2.21,2.25,12.62,15.06,15.24,15.26,15.27,0.48,44.55,22.7,4205.0,2024-09-04 13:30:07.900339
00:13:A2:00:42:37:AD:AD,7.0,27.0,3.2844,53.0,0.0,100.0,0.71,0.93,1.08,1.16,4.36,5.47,5.69,5.73,5.74,0.59,44.75,22.85,4385.0,2024-09-04 14:00:07.946764
00:13:A2:00:42:37:AD:AD,7.0,28.0,3.2844,53.0,0.0,100.0,2.87,4.95,6.53,7.32,14.27,20.43,22.64,23.07,23.16,1.02,44.77,23.02,4559.0,2024-09-04 14:30:07.996865
00:13:A2:00:42:37:AD:AD,7.0,29.0,3.2844,53.0,0.0,100.0,2.26,2.85,3.23,3.42,14.07,17.44,18.02,18.12,18.15,0.59,43.09,22.77,3977.0,2024-09-04 15:00:08.049244
00:13:A2:00:42:37:AD:AD,7.0,30.0,3.2844,53.0,0.0,100.0,1.26,1.61,1.83,1.94,7.85,9.75,10.09,10.15,10.16,0.48,41.64,22.38,3411.0,2024-09-04 15:30:08.081035
00:13:A2:00:42:37:AD:AD,7.0,31.0,3.2844,53.0,0.0,100.0,1.39,1.72,1.92,2.01,8.79,10.81,11.12,11.17,11.18,0.65,40.47,21.95,2908.0,2024-09-04 16:00:23.121915
00:13:A2:00:42:37:AD:AD,7.0,32.0,3.2844,53.0,0.0,100.0,1.29,1.37,1.37,1.37,8.75,10.31,10.35,10.35,10.35,0.37,40.1,21.71,2573.0,2024-09-04 16:30:08.205483
00:13:A2:00:42:37:AD:AD,7.0,33.0,3.2844,53.0,0.0,100.0,2.76,6.17,8.87,10.21,9.87,17.81,21.5,22.23,22.39,1.04,40.65,21.48,2322.0,2024-09-04 17:00:08.207744
00:13:A2:00:42:37:AD:AD,7.0,34.0,3.2844,53.0,0.0,100.0,2.38,3.52,4.35,4.76,13.44,17.73,18.91,19.13,19.19,0.9,40.33,21.29,2065.0,2024-09-04 17:30:08.251897
00:13:A2:00:42:37:AD:AD,7.0,35.0,3.2844,53.0,0.0,100.0,4.05,4.94,5.49,5.76,25.65,31.44,32.29,32.44,32.48,0.51,40.12,21.17,1821.0,2024-09-04 18:00:08.312488
00:13:A2:00:42:37:AD:AD,7.0,36.0,3.2844,53.0,0.0,100.0,1.97,2.36,2.59,2.7,12.62,15.38,15.74,15.81,15.83,0.56,40.04,21.05,1633.0,2024-09-04 18:30:08.335147
00:13:A2:00:42:37:AD:AD,7.0,37.0,3.2844,53.0,0.0,100.0,1.26,1.61,1.84,1.96,7.82,9.73,10.08,10.14,10.16,0.65,39.88,20.95,1426.0,2024-09-04 19:00:08.390743
00:13:A2:00:42:37:AD:AD,7.0,38.0,3.2844,53.0,0.0,100.0,1.87,2.15,2.3,2.37,12.15,14.64,14.89,14.94,14.95,0.52,39.68,20.81,1293.0,2024-09-04 19:30:08.434621
00:13:A2:00:42:37:AD:AD,7.0,39.0,3.2844,53.0,0.0,100.0,1.3,1.54,1.67,1.73,8.41,10.2,10.42,10.45,10.46,0.64,39.41,20.64,1185.0,2024-09-04 20:00:08.491489
00:13:A2:00:42:37:AD:AD,7.0,40.0,3.2844,53.0,0.0,100.0,1.47,1.56,1.56,1.56,9.99,11.76,11.8,11.81,11.81,0.45,39.21,20.46,1082.0,2024-09-04 20:30:08.535379
00:13:A2:00:42:37:AD:AD,7.0,41.0,3.2844,53.0,0.0,100.0,1.66,2.74,3.55,3.96,8.62,12.02,13.15,13.37,13.42,0.99,39.02,20.32,960.0,2024-09-04 21:00:23.603524
00:13:A2:00:42:37:AD:AD,7.0,42.0,3.2844,53.0,0.0,100.0,1.77,2.51,3.04,3.31,10.27,13.31,14.07,14.22,14.25,0.73,39.07,20.21,913.0,2024-09-04 21:30:08.642884
00:13:A2:00:42:37:AD:AD,7.0,61.0,3.2844,53.0,0.0,100.0,3.09,3.41,3.52,3.58,20.5,24.41,24.66,24.7,24.71,0.54,49.67,21.64,473.0,2024-09-05 07:00:24.640875
00:13:A2:00:42:37:AD:AD,7.0,62.0,3.2844,53.0,0.0,100.0,3.06,3.23,3.23,3.23,20.67,24.34,24.43,24.44,24.44,0.35,49.61,21.7,471.0,2024-09-05 07:30:09.525536
00:13:A2:00:42:37:AD:AD,7.0,1.0,3.2844,53.0,0.0,100.0,2.99,3.69,4.12,4.34,18.83,23.16,23.83,23.95,23.98,0.54,50.13,22.09,731.0,2024-09-05 07:58:53.065215
00:13:A2:00:42:37:AD:AD,7.0,2.0,3.2844,53.0,0.0,100.0,1.61,1.94,2.13,2.23,10.24,12.51,12.82,12.88,12.89,0.55,51.87,22.13,1823.0,2024-09-05 08:28:39.605224
00:13:A2:00:42:37:AD:AD,7.0,3.0,3.2844,53.0,0.0,100.0,2.71,3.09,3.27,3.36,17.77,21.33,21.66,21.71,21.72,0.51,51.13,22.45,2431.0,2024-09-05 08:58:39.666840
00:13:A2:00:42:37:AD:AD,7.0,4.0,3.2844,53.0,0.0,100.0,3.27,3.45,3.45,3.45,22.09,26.0,26.1,26.11,26.11,0.45,52.25,23.14,2982.0,2024-09-05 09:28:39.697558
00:13:A2:00:42:37:AD:AD,7.0,5.0,3.2844,53.0,0.0,100.0,2.62,2.77,2.77,2.77,17.71,20.85,20.93,20.93,20.94,0.37,52.22,23.57,3309.0,2024-09-05 09:58:39.749907
00:13:A2:00:42:37:AD:AD,7.0,6.0,3.2844,53.0,0.0,100.0,1.7,1.8,1.8,1.8,11.5,13.54,13.59,13.59,13.6,0.41,51.72,24.17,3134.0,2024-09-05 10:28:39.792681
00:13:A2:00:42:37:AD:AD,7.0,7.0,3.2844,53.0,0.0,100.0,3.61,3.82,3.82,3.82,24.39,28.72,28.83,28.83,28.84,0.37,49.56,24.34,2590.0,2024-09-05 10:58:39.826321
00:13:A2:00:42:37:AD:AD,7.0,8.0,3.2844,53.0,0.0,100.0,7.46,9.16,10.2,10.72,47.05,57.79,59.41,59.7,59.77,0.61,46.46,23.77,2351.0,2024-09-05 11:28:39.884185
00:13:A2:00:42:37:AD:AD,7.0,9.0,3.2844,53.0,0.0,100.0,4.86,5.58,5.94,6.12,31.64,38.09,38.72,38.83,38.85,0.47,45.65,23.21,2512.0,2024-09-05 11:58:39.931724
00:13:A2:00:42:37:AD:AD,7.0,10.0,3.2844,53.0,0.0,100.0,5.26,6.38,7.06,7.39,33.37,40.83,41.9,42.09,42.13,0.5,45.94,23.1,3046.0,2024-09-05 12:28:39.972718
00:13:A2:00:42:37:AD:AD,7.0,11.0,3.2844,53.0,0.0,100.0,3.07,3.25,3.25,3.25,20.77,24.45,24.54,24.55,24.55,0.34,46.08,23.15,3478.0,2024-09-05 12:58:55.011256
00:13:A2:00:42:37:AD:AD,7.0,12.0,3.2844,53.0,0.0,100.0,1.25,2.28,3.07,3.47,5.9,8.76,9.86,10.07,10.12,1.02,46.29,23.25,3886.0,2024-09-05 13:28:40.050087
00:13:A2:00:42:37:AD:AD,7.0,13.0,3.2844,53.0,0.0,100.0,1.9,2.05,2.09,2.1,12.71,15.05,15.16,15.17,15.17,0.47,46.3,23.34,4136.0,2024-09-05 13:58:40.101245
00:13:A2:00:42:37:AD:AD,7.0,14.0,3.2844,53.0,0.0,100.0,1.27,1.34,1.34,1.34,8.58,10.1,10.14,10.14,10.14,0.39,46.19,23.4,4411.0,2024-09-05 14:28:40.144332
00:13:A2:00:42:37:AD:AD,7.0,15.0,3.2844,53.0,0.0,100.0,3.08,3.48,3.66,3.75,20.24,24.25,24.59,24.64,24.66,0.48,44.41,23.13,3966.0,2024-09-05 14:58:40.199161
00:13:A2:00:42:37:AD:AD,7.0,16.0,3.2844,53.0,0.0,100.0,1.27,1.34,1.34,1.34,8.58,10.1,10.14,10.14,10.14,0.31,42.97,22.66,3523.0,2024-09-05 15:28:40.257503
00:13:A2:00:42:37:AD:AD,7.0,17.0,3.2844,53.0,0.0,100.0,1.66,1.75,1.75,1.75,11.22,13.21,13.26,13.26,13.26,0.39,42.05,22.25,3054.0,2024-09-05 15:58:40.301165
00:13:A2:00:42:37:AD:AD,7.0,18.0,3.2844,53.0,0.0,100.0,1.85,2.45,2.85,3.06,11.18,14.1,14.7,14.81,14.84,0.65,41.47,21.9,2675.0,2024-09-05 16:28:40.323290
00:13:A2:00:42:37:AD:AD,7.0,19.0,3.2844,53.0,0.0,100.0,3.67,4.04,4.18,4.25,24.33,28.96,29.26,29.31,29.32,0.56,41.1,21.63,2398.0,2024-09-05 16:58:40.371306
00:13:A2:00:42:37:AD:AD,7.0,20.0,3.2844,53.0,0.0,100.0,3.98,5.68,6.89,7.5,22.93,29.79,31.54,31.87,31.95,0.56,40.82,21.48,2189.0,2024-09-05 17:28:40.398475
00:13:A2:00:42:37:AD:AD,7.0,21.0,3.2844,53.0,0.0,100.0,1.39,1.63,1.77,1.84,8.94,10.84,11.07,11.11,11.12,0.57,40.74,21.33,1894.0,2024-09-05 17:58:55.448194
00:13:A2:00:42:37:AD:AD,7.0,22.0,3.2844,53.0,0.0,100.0,3.68,3.9,3.9,3.9,24.91,29.32,29.43,29.44,29.45,0.44,41.44,21.32,1697.0,2024-09-05 18:28:40.498394
00:13:A2:00:42:37:AD:AD,7.0,23.0,3.2844,53.0,0.0,100.0,6.83,8.43,9.43,9.92,42.91,52.81,54.35,54.63,54.7,0.5,41.44,21.28,1519.0,2024-09-05 18:58:40.546591
00:13:A2:00:42:37:AD:AD,7.0,24.0,3.2844,53.0,0.0,100.0,4.69,4.96,4.96,4.96,31.69,37.31,37.45,37.46,37.47,0.42,41.1,21.19,1320.0,2024-09-05 19:28:40.576713
00:13:A2:00:42:37:AD:AD,7.0,25.0,3.2844,53.0,0.0,100.0,3.02,3.62,3.96,4.13,19.33,23.55,24.1,24.2,24.22,0.53,40.81,21.02,1188.0,2024-09-05 19:58:40.636593
00:13:A2:00:42:37:AD:AD,7.0,26.0,3.2844,53.0,0.0,100.0,1.86,2.51,2.96,3.18,11.1,14.11,14.77,14.89,14.92,0.68,40.69,20.85,1054.0,2024-09-05 20:28:40.677233
00:13:A2:00:42:37:AD:AD,7.0,27.0,3.2844,53.0,0.0,100.0,2.09,4.8,6.94,8.01,7.14,13.33,16.26,16.84,16.97,1.27,40.52,20.71,966.0,2024-09-05 20:58:40.712440
00:13:A2:00:42:37:AD:AD,7.0,28.0,3.2844,53.0,0.0,100.0,1.89,2.0,2.0,2.0,12.78,15.05,15.11,15.11,15.11,0.32,40.46,20.58,876.0,2024-09-05 21:28:40.778022
00:13:A2:00:42:37:AD:AD,7.0,29.0,3.2844,53.0,0.0,100.0,3.1,3.61,3.88,4.02,20.1,24.29,24.75,24.83,24.85,0.49,40.2,20.43,796.0,2024-09-05 21:58:40.803103
00:13:A2:00:42:37:AD:AD,7.0,48.0,3.2844,53.0,0.0,100.0,4.95,6.19,6.99,7.38,30.91,38.21,39.42,39.64,39.69,0.66,48.78,21.6,405.0,2024-09-06 07:28:41.665488
00:13:A2:00:42:37:AD:AD,7.0,49.0,3.2844,53.0,0.0,100.0,1.79,1.89,1.89,1.89,12.13,14.28,14.33,14.34,14.34,0.41,48.97,21.82,611.0,2024-09-06 07:58:41.707663
00:13:A2:00:42:37:AD:AD,7.0,50.0,3.2844,53.0,0.0,100.0,2.52,2.67,2.67,2.67,17.08,20.11,20.18,20.19,20.19,0.37,48.88,22.18,1528.0,2024-09-06 08:28:41.760628
00:13:A2:00:42:37:AD:AD,7.0,51.0,3.2844,53.0,0.0,100.0,3.37,3.97,4.3,4.47,21.72,26.33,26.88,26.98,27.0,0.49,48.74,22.53,2282.0,2024-09-06 08:58:56.808725
00:13:A2:00:42:37:AD:AD,7.0,52.0,3.2844,53.0,0.0,100.0,7.01,8.44,9.29,9.71,44.6,54.46,55.81,56.05,56.11,0.65,48.46,22.86,2786.0,2024-09-06 09:28:41.843862
00:13:A2:00:42:37:AD:AD,7.0,53.0,3.2844,53.0,0.0,100.0,2.28,2.41,2.41,2.41,15.4,18.13,18.2,18.2,18.21,0.46,48.9,23.14,3507.0,2024-09-06 09:58:41.887412
00:13:A2:00:42:37:AD:AD,7.0,54.0,3.2844,53.0,0.0,100.0,2.62,2.77,2.77,2.77,17.7,20.84,20.92,20.92,20.93,0.46,48.57,23.31,3946.0,2024-09-06 10:28:41.951942
00:13:A2:00:42:37:AD:AD,7.0,55.0,3.2844,53.0,0.0,100.0,2.11,2.99,3.62,3.93,12.2,15.81,16.72,16.89,16.93,0.82,47.46,23.36,3825.0,2024-09-06 10:58:41.977684
00:13:A2:00:42:37:AD:AD,7.0,56.0,3.2844,53.0,0.0,100.0,1.93,2.09,2.13,2.15,12.9,15.28,15.39,15.41,15.41,0.48,47.31,23.36,3938.0,2024-09-06 11:28:42.028275
00:13:A2:00:42:37:AD:AD,7.0,57.0,3.2844,53.0,0.0,100.0,4.78,5.93,6.66,7.03,29.91,36.89,38.01,38.22,38.26,0.66,46.88,23.42,4013.0,2024-09-06 11:58:42.081396
00:13:A2:00:42:37:AD:AD,7.0,58.0,3.2844,53.0,0.0,100.0,2.75,2.91,2.91,2.91,18.62,21.92,22.01,22.01,22.02,0.39,46.21,23.48,3994.0,2024-09-06 12:28:42.117655
00:13:A2:00:42:37:AD:AD,7.0,59.0,3.2844,53.0,0.0,100.0,2.56,3.0,3.23,3.35,16.57,20.05,20.45,20.51,20.53,0.51,45.26,23.51,3860.0,2024-09-06 12:58:42.158424
00:13:A2:00:42:37:AD:AD,7.0,60.0,3.2844,53.0,0.0,100.0,3.3,3.79,4.05,4.17,21.49,25.88,26.32,26.39,26.41,0.48,43.56,23.34,3372.0,2024-09-06 13:28:42.202888
00:13:A2:00:42:37:AD:AD,7.0,61.0,3.2844,53.0,0.0,100.0,4.24,4.94,5.31,5.5,27.45,33.17,33.8,33.91,33.93,0.56,45.4,23.32,3633.0,2024-09-06 13:58:57.260499
00:13:A2:00:42:37:AD:AD,7.0,62.0,3.2844,53.0,0.0,100.0,2.29,2.42,2.42,2.42,15.49,18.24,18.31,18.31,18.32,0.41,45.95,23.54,3879.0,2024-09-06 14:28:42.289171
00:13:A2:00:42:37:AD:AD,7.0,63.0,3.2844,53.0,0.0,100.0,2.92,3.44,3.73,3.87,18.84,22.84,23.31,23.39,23.41,0.49,46.17,23.72,3763.0,2024-09-06 14:58:42.342732
00:13:A2:00:42:37:AD:AD,7.0,64.0,3.2844,53.0,0.0,100.0,1.38,1.46,1.46,1.46,9.37,11.03,11.07,11.07,11.07,0.35,46.5,23.94,3520.0,2024-09-06 15:28:42.370465
00:13:A2:00:42:37:AD:AD,7.0,65.0,3.2844,53.0,0.0,100.0,2.41,2.99,3.36,3.54,15.08,18.6,19.17,19.27,19.3,0.59,47.28,24.15,3824.0,2024-09-06 15:58:42.408295
00:13:A2:00:42:37:AD:AD,7.0,66.0,3.2844,53.0,0.0,100.0,1.93,2.14,2.23,2.27,12.79,15.25,15.43,15.45,15.46,0.49,45.86,24.02,3671.0,2024-09-06 16:28:42.468220
00:13:A2:00:42:37:AD:AD,7.0,67.0,3.2844,53.0,0.0,100.0,1.31,1.39,1.39,1.39,8.87,10.45,10.49,10.49,10.49,0.43,43.53,23.51,3204.0,2024-09-06 16:58:42.505664
00:13:A2:00:42:37:AD:AD,7.0,68.0,3.2844,53.0,0.0,100.0,2.36,3.04,3.49,3.71,14.55,18.15,18.82,18.94,18.97,0.66,42.01,23.02,2809.0,2024-09-06 17:28:42.545816
00:13:A2:00:42:37:AD:AD,7.0,69.0,3.2844,53.0,0.0,100.0,1.16,2.1,2.82,3.18,5.56,8.2,9.19,9.39,9.43,0.97,41.03,22.62,2437.0,2024-09-06 17:58:42.600040
00:13:A2:00:42:37:AD:AD,7.0,70.0,3.2844,53.0,0.0,100.0,2.39,2.53,2.53,2.53,16.2,19.07,19.15,19.15,19.16,0.41,40.37,22.31,2142.0,2024-09-06 18:28:42.636355
00:13:A2:00:42:37:AD:AD,7.0,71.0,3.2844,53.0,0.0,100.0,0.78,0.96,1.08,1.13,4.92,6.06,6.24,6.27,6.28,0.64,39.65,22.0,1850.0,2024-09-06 18:58:57.689641
00:13:A2:00:42:37:AD:AD,7.0,72.0,3.2844,53.0,0.0,100.0,0.76,0.8,0.8,0.8,5.14,6.05,6.07,6.07,6.07,0.35,39.42,21.77,1625.0,2024-09-06 19:28:42.727199
00:13:A2:00:42:37:AD:AD,7.0,73.0,3.2844,53.0,0.0,100.0,0.71,0.75,0.75,0.75,4.8,5.65,5.67,5.67,5.67,0.42,39.7,21.58,1474.0,2024-09-06 19:58:42.768468
00:13:A2:00:42:37:AD:AD,7.0,74.0,3.2844,53.0,0.0,100.0,2.93,3.1,3.1,3.1,19.81,23.32,23.41,23.42,23.42,0.41,39.4,21.35,1291.0,2024-09-06 20:28:42.821608
00:13:A2:00:42:37:AD:AD,7.0,75.0,3.2844,53.0,0.0,100.0,1.75,2.18,2.46,2.6,10.95,13.52,13.94,14.02,14.04,0.6,39.11,21.12,1157.0,2024-09-06 20:58:42.883237
00:13:A2:00:42:37:AD:AD,7.0,76.0,3.2844,53.0,0.0,100.0,0.58,1.06,1.43,1.61,2.72,4.05,4.56,4.66,4.68,0.93,38.93,20.92,1025.0,2024-09-06 21:28:42.909444
00:13:A2:00:42:37:AD:AD,7.0,77.0,3.2844,53.0,0.0,100.0,1.78,1.88,1.88,1.88,12.03,14.16,14.21,14.22,14.22,0.46,38.86,20.8,905.0,2024-09-06 21:58:42.950840
00:13:A2:00:42:37:AD:AD,7.0,158.0,3.2844,53.0,0.0,100.0,1.12,2.25,3.13,3.57,4.72,7.58,8.8,9.04,9.09,0.67,46.87,22.02,270.0,2024-09-08 13:52:29.539661
00:13:A2:00:42:37:AD:AD,7.0,160.0,3.2844,53.0,0.0,0.0,0.48,1.83,2.93,3.47,0.0,2.14,3.62,3.91,3.98,1.62,47.28,22.09,281.0,2024-09-08 14:20:53.648924
00:13:A2:00:42:37:AD:AD,7.0,167.0,3.2844,53.0,0.0,100.0,0.59,0.63,0.63,0.63,4.03,4.75,4.76,4.77,4.77,0.36,46.96,22.23,265.0,2024-09-08 18:42:28.695599
00:13:A2:00:42:37:AD:AD,7.0,177.0,3.2844,53.0,0.0,100.0,1.5,3.47,5.02,5.79,5.13,9.61,11.73,12.15,12.24,1.11,45.87,22.12,279.0,2024-09-08 23:50:48.192332
00:13:A2:00:42:37:AD:AD,7.0,178.0,3.2844,53.0,0.0,100.0,0.41,2.18,3.63,4.35,0.0,1.09,3.04,3.42,3.51,1.62,45.74,22.08,261.0,2024-09-09 00:28:47.526866
00:13:A2:00:42:37:AD:AD,7.0,179.0,3.2844,53.0,0.0,100.0,0.7,0.74,0.74,0.74,4.72,5.56,5.58,5.58,5.58,0.38,45.6,22.05,250.0,2024-09-09 00:58:47.562766
00:13:A2:00:42:37:AD:AD,7.0,180.0,3.2844,53.0,0.0,100.0,0.58,0.93,1.18,1.31,3.13,4.28,4.64,4.71,4.72,0.83,45.45,22.07,269.0,2024-09-09 01:28:47.610701
00:13:A2:00:42:37:AD:AD,7.0,181.0,3.2844,53.0,0.0,100.0,2.16,2.59,2.85,2.98,13.78,16.81,17.22,17.29,17.31,0.58,45.22,22.05,269.0,2024-09-09 01:59:02.644283
00:13:A2:00:42:37:AD:AD,7.0,182.0,3.2844,53.0,0.0,100.0,0.63,0.67,0.67,0.67,4.31,5.08,5.1,5.1,5.1,0.36,45.03,22.08,293.0,2024-09-09 02:28:47.705674
00:13:A2:00:42:37:AD:AD,7.0,183.0,3.2844,53.0,0.0,100.0,0.98,3.16,4.92,5.79,0.95,5.15,7.53,8.0,8.11,1.25,44.91,22.05,263.0,2024-09-09 02:58:47.749335
00:13:A2:00:42:37:AD:AD,7.0,184.0,3.2844,53.0,0.0,100.0,0.5,1.65,2.58,3.04,0.37,2.57,3.83,4.08,4.13,1.62,44.76,22.05,278.0,2024-09-09 03:28:47.785683
00:13:A2:00:42:37:AD:AD,7.0,185.0,3.2844,53.0,0.0,100.0,0.93,2.15,3.11,3.58,3.21,5.98,7.29,7.55,7.61,1.2,44.65,22.05,256.0,2024-09-09 03:58:47.842049
00:13:A2:00:42:37:AD:AD,7.0,186.0,3.2844,53.0,0.0,100.0,0.63,0.66,0.66,0.66,4.25,5.01,5.03,5.03,5.03,0.35,44.48,22.04,266.0,2024-09-09 04:28:47.883458
00:13:A2:00:42:37:AD:AD,7.0,187.0,3.2844,53.0,0.0,100.0,0.65,0.85,0.99,1.06,3.95,4.98,5.18,5.22,5.23,0.64,44.39,22.03,248.0,2024-09-09 04:58:47.921968
00:13:A2:00:42:37:AD:AD,7.0,188.0,3.2844,53.0,0.0,100.0,0.61,0.64,0.64,0.64,4.13,4.87,4.89,4.89,4.89,0.3,44.29,22.03,272.0,2024-09-09 05:28:47.960354
00:13:A2:00:42:37:AD:AD,7.0,189.0,3.2844,53.0,0.0,100.0,0.61,0.9,1.11,1.22,3.46,4.56,4.86,4.92,4.93,0.75,44.18,22.03,252.0,2024-09-09 05:58:48.014557
00:13:A2:00:42:37:AD:AD,7.0,190.0,3.2844,53.0,0.0,100.0,0.42,2.01,3.3,3.95,0.0,1.42,3.16,3.51,3.58,1.62,44.05,22.0,264.0,2024-09-09 06:28:48.033163
00:13:A2:00:42:37:AD:AD,7.0,191.0,3.2844,53.0,0.0,100.0,0.65,1.12,1.47,1.64,3.31,4.7,5.19,5.29,5.31,0.9,43.87,22.0,272.0,2024-09-09 06:59:03.082839
00:13:A2:00:42:37:AD:AD,7.0,192.0,3.2844,53.0,0.0,100.0,0.67,0.87,1.0,1.06,4.13,5.16,5.36,5.39,5.4,0.68,43.68,22.01,275.0,2024-09-09 07:28:48.138460
00:13:A2:00:42:37:AD:AD,7.0,193.0,3.2844,53.0,0.0,100.0,2.27,3.05,3.59,3.86,13.63,17.28,18.07,18.22,18.26,0.63,43.32,21.99,287.0,2024-09-09 07:58:48.192915
00:13:A2:00:42:37:AD:AD,7.0,194.0,3.2844,53.0,0.0,100.0,1.8,1.97,2.03,2.06,12.01,14.27,14.4,14.42,14.42,0.52,42.99,22.0,328.0,2024-09-09 08:28:48.241928
00:13:A2:00:42:37:AD:AD,7.0,195.0,3.2844,53.0,0.0,100.0,0.85,1.01,1.11,1.16,5.44,6.63,6.78,6.81,6.82,0.54,42.78,21.98,358.0,2024-09-09 08:58:48.277718
00:13:A2:00:42:37:AD:AD,7.0,196.0,3.2844,53.0,0.0,100.0,1.17,1.84,2.35,2.6,6.28,8.55,9.26,9.4,9.43,0.68,42.71,22.04,375.0,2024-09-09 09:28:48.322880
00:13:A2:00:42:37:AD:AD,7.0,197.0,3.2844,53.0,0.0,100.0,0.65,0.69,0.69,0.69,4.43,5.22,5.24,5.24,5.24,0.38,43.01,22.07,541.0,2024-09-09 09:58:48.381240
00:13:A2:00:42:37:AD:AD,7.0,198.0,3.2844,53.0,0.0,100.0,3.5,3.7,3.7,3.7,23.65,27.84,27.94,27.95,27.96,0.39,42.07,22.25,878.0,2024-09-09 10:28:48.417904
00:13:A2:00:42:37:AD:AD,7.0,199.0,3.2844,53.0,0.0,100.0,1.06,2.42,3.48,4.02,3.74,6.86,8.32,8.6,8.67,1.12,37.83,21.79,467.0,2024-09-09 10:58:48.466187
00:13:A2:00:42:37:AD:AD,7.0,200.0,3.2844,53.0,0.0,100.0,1.76,3.35,4.58,5.19,7.92,12.15,13.84,14.18,14.25,1.0,38.07,21.8,917.0,2024-09-09 11:28:48.532538
00:13:A2:00:42:37:AD:AD,7.0,201.0,3.2844,53.0,0.0,100.0,1.79,2.58,3.15,3.43,10.29,13.42,14.23,14.39,14.42,0.8,38.87,22.0,1510.0,2024-09-09 11:59:03.584432
00:13:A2:00:42:37:AD:AD,7.0,202.0,3.2844,53.0,0.0,100.0,1.26,1.86,2.3,2.52,7.09,9.36,9.99,10.11,10.14,0.67,39.38,22.24,1932.0,2024-09-09 12:28:48.597850
00:13:A2:00:42:37:AD:AD,7.0,203.0,3.2844,53.0,0.0,100.0,0.72,0.88,0.98,1.03,4.58,5.62,5.77,5.8,5.81,0.6,38.79,22.36,2009.0,2024-09-09 12:58:48.623936
00:13:A2:00:42:37:AD:AD,7.0,204.0,3.2844,53.0,0.0,100.0,1.52,3.72,5.47,6.34,4.63,9.47,11.85,12.32,12.42,1.32,37.43,22.14,1796.0,2024-09-09 13:28:48.684733
00:13:A2:00:42:37:AD:AD,7.0,205.0,3.2844,53.0,0.0,100.0,1.68,3.17,4.33,4.91,7.57,11.57,13.18,13.49,13.56,0.98,36.49,21.87,1537.0,2024-09-09 13:58:48.712452
00:13:A2:00:42:37:AD:AD,7.0,206.0,3.2844,53.0,0.0,100.0,1.62,3.85,5.62,6.51,5.19,10.18,12.6,13.08,13.18,1.25,36.11,21.71,1362.0,2024-09-09 14:28:48.759851
00:13:A2:00:42:37:AD:AD,7.0,207.0,3.2844,53.0,0.0,100.0,2.39,2.53,2.53,2.53,16.19,19.05,19.13,19.13,19.14,0.37,35.83,21.58,1248.0,2024-09-09 14:58:48.825056
00:13:A2:00:42:37:AD:AD,7.0,208.0,3.2844,53.0,0.0,100.0,2.23,3.1,3.72,4.02,13.12,16.85,17.74,17.91,17.95,0.55,35.67,21.42,1132.0,2024-09-09 15:28:48.849044
00:13:A2:00:42:37:AD:AD,7.0,209.0,3.2844,53.0,0.0,100.0,1.21,1.53,1.73,1.83,7.54,9.34,9.65,9.71,9.72,0.58,35.52,21.13,1014.0,2024-09-09 15:58:48.890193
00:13:A2:00:42:37:AD:AD,7.0,210.0,3.2844,53.0,0.0,100.0,1.22,1.46,1.59,1.66,7.85,9.55,9.77,9.81,9.82,0.54,35.54,20.85,946.0,2024-09-09 16:28:48.946816
00:13:A2:00:42:37:AD:AD,7.0,211.0,3.2844,53.0,0.0,100.0,0.62,0.86,1.03,1.11,3.7,4.73,4.98,5.02,5.03,0.65,35.4,20.64,882.0,2024-09-09 16:59:04.017956
00:13:A2:00:42:37:AD:AD,7.0,212.0,3.2844,53.0,0.0,100.0,1.24,1.59,1.82,1.93,7.68,9.57,9.91,9.98,9.99,0.7,34.98,20.54,799.0,2024-09-09 17:28:49.026377
00:13:A2:00:42:37:AD:AD,7.0,213.0,3.2844,53.0,0.0,100.0,0.58,1.4,2.04,2.37,1.84,3.65,4.54,4.71,4.75,1.0,34.47,20.49,761.0,2024-09-09 17:58:49.068342
00:13:A2:00:42:37:AD:AD,7.0,214.0,3.2844,53.0,0.0,100.0,0.68,0.89,1.03,1.11,4.15,5.22,5.43,5.47,5.48,0.69,35.18,20.58,712.0,2024-09-09 18:28:49.143478
00:13:A2:00:42:37:AD:AD,7.0,215.0,3.2844,53.0,0.0,100.0,1.09,2.24,3.14,3.59,4.51,7.36,8.6,8.84,8.89,1.07,34.91,20.49,683.0,2024-09-09 18:58:49.220844
00:13:A2:00:42:37:AD:AD,7.0,216.0,3.2844,53.0,0.0,100.0,2.18,3.17,3.88,4.24,12.4,16.24,17.27,17.46,17.51,0.67,36.3,20.43,620.0,2024-09-09 19:28:49.211083
00:13:A2:00:42:37:AD:AD,7.0,217.0,3.2844,53.0,0.0,100.0,0.64,0.67,0.67,0.67,4.32,5.08,5.1,5.1,5.11,0.34,37.72,20.6,601.0,2024-09-09 19:58:49.244848
00:13:A2:00:42:37:AD:AD,7.0,218.0,3.2844,53.0,0.0,100.0,0.61,0.92,1.15,1.27,3.42,4.55,4.88,4.94,4.95,0.79,38.58,20.83,595.0,2024-09-09 20:28:49.313741
00:13:A2:00:42:37:AD:AD,7.0,219.0,3.2844,53.0,0.0,100.0,0.6,0.89,1.11,1.22,3.36,4.45,4.76,4.82,4.83,0.71,39.12,21.0,563.0,2024-09-09 20:58:49.342562
00:13:A2:00:42:37:AD:AD,7.0,220.0,3.2844,53.0,0.0,100.0,1.42,5.1,8.08,9.56,0.0,6.76,10.78,11.59,11.76,1.62,39.46,21.13,540.0,2024-09-09 21:28:49.396992
00:13:A2:00:42:37:AD:AD,7.0,221.0,3.2844,53.0,0.0,100.0,1.62,2.61,3.34,3.71,8.61,11.82,12.86,13.06,13.1,0.85,39.87,21.25,537.0,2024-09-09 21:59:04.437694
00:13:A2:00:42:37:AD:AD,7.0,240.0,3.2844,53.0,0.0,100.0,0.65,1.17,1.56,1.76,3.16,4.62,5.17,5.27,5.3,1.08,41.42,21.43,359.0,2024-09-10 07:28:50.275754
00:13:A2:00:42:37:AD:AD,7.0,241.0,3.2844,53.0,0.0,100.0,1.72,1.82,1.82,1.82,11.66,13.73,13.78,13.79,13.79,0.45,41.39,21.41,331.0,2024-09-10 07:59:05.327243
00:13:A2:00:42:37:AD:AD,7.0,242.0,3.2844,53.0,0.0,100.0,0.69,1.16,1.51,1.69,3.52,4.95,5.45,5.55,5.57,0.82,41.39,21.45,359.0,2024-09-10 08:28:50.369583
00:13:A2:00:42:37:AD:AD,7.0,243.0,3.2844,53.0,0.0,100.0,1.04,2.83,4.26,4.98,2.41,6.12,8.07,8.46,8.54,1.17,41.53,21.45,401.0,2024-09-10 08:58:50.418973
00:13:A2:00:42:37:AD:AD,7.0,244.0,3.2844,53.0,0.0,100.0,3.09,4.45,5.42,5.91,17.7,23.08,24.48,24.75,24.81,0.84,41.74,21.5,466.0,2024-09-10 09:28:50.501871
00:13:A2:00:42:37:AD:AD,7.0,245.0,3.2844,53.0,0.0,100.0,1.2,1.26,1.26,1.26,8.1,9.54,9.58,9.58,9.58,0.32,41.9,21.52,511.0,2024-09-10 09:58:50.544845
00:13:A2:00:42:37:AD:AD,7.0,246.0,3.2844,53.0,0.0,100.0,0.61,0.97,1.24,1.37,3.28,4.48,4.86,4.93,4.95,0.89,41.99,21.58,527.0,2024-09-10 10:28:50.547172
00:13:A2:00:42:37:AD:AD,7.0,247.0,3.2844,53.0,0.0,100.0,0.6,0.64,0.64,0.64,4.11,4.84,4.86,4.86,4.87,0.27,41.9,21.6,556.0,2024-09-10 10:58:50.587106
00:13:A2:00:42:37:AD:AD,7.0,248.0,3.2844,53.0,0.0,100.0,1.77,2.32,2.69,2.88,10.8,13.56,14.11,14.21,14.24,0.69,41.79,21.63,547.0,2024-09-10 11:28:50.669450
00:13:A2:00:42:37:AD:AD,7.0,249.0,3.2844,53.0,0.0,100.0,1.14,1.89,2.46,2.74,5.87,8.22,9.01,9.16,9.2,0.81,41.76,21.67,559.0,2024-09-10 11:58:50.727166
00:13:A2:00:42:37:AD:AD,7.0,250.0,3.2844,53.0,0.0,100.0,1.28,1.35,1.35,1.35,8.66,10.19,10.23,10.24,10.24,0.44,41.23,21.7,739.0,2024-09-10 12:28:50.735425
00:13:A2:00:42:37:AD:AD,7.0,251.0,3.2844,53.0,0.0,100.0,0.64,1.25,1.72,1.96,2.84,4.43,5.08,5.2,5.23,1.07,39.39,21.46,956.0,2024-09-10 12:59:05.763122
00:13:A2:00:42:37:AD:AD,7.0,252.0,3.2844,53.0,0.0,100.0,0.53,1.53,2.34,2.74,0.96,2.98,4.07,4.29,4.34,1.05,39.29,21.29,971.0,2024-09-10 13:28:50.808800
00:13:A2:00:42:37:AD:AD,7.0,253.0,3.2844,53.0,0.0,100.0,3.07,3.25,3.25,3.25,20.79,24.47,24.57,24.57,24.58,0.38,39.25,21.27,1052.0,2024-09-10 13:58:50.853350
00:13:A2:00:42:37:AD:AD,7.0,254.0,3.2844,53.0,0.0,100.0,1.34,1.41,1.41,1.41,9.05,10.66,10.7,10.7,10.7,0.34,38.98,21.44,1182.0,2024-09-10 14:28:50.915658
00:13:A2:00:42:37:AD:AD,7.0,255.0,3.2844,53.0,0.0,100.0,1.87,2.14,2.26,2.33,12.26,14.73,14.96,15.0,15.01,0.61,38.59,21.6,1221.0,2024-09-10 14:58:50.952028
00:13:A2:00:42:37:AD:AD,7.0,1.0,3.2844,53.0,0.0,100.0,3.01,3.18,3.18,3.18,20.34,23.95,24.04,24.05,24.05,0.42,38.07,21.76,1124.0,2024-09-10 15:28:50.997273
00:13:A2:00:42:37:AD:AD,7.0,2.0,3.2844,53.0,0.0,100.0,1.24,1.71,2.04,2.21,7.35,9.41,9.89,9.98,10.0,0.71,37.84,21.82,1229.0,2024-09-10 15:58:51.052895
00:13:A2:00:42:37:AD:AD,7.0,3.0,3.2844,53.0,0.0,100.0,1.29,1.36,1.36,1.36,8.73,10.28,10.32,10.32,10.32,0.41,38.32,21.83,1610.0,2024-09-10 16:28:51.090444
00:13:A2:00:42:37:AD:AD,7.0,4.0,3.2844,53.0,0.0,100.0,1.83,2.18,2.38,2.48,11.75,14.29,14.62,14.67,14.69,0.59,38.51,21.84,1850.0,2024-09-10 16:58:51.130595
00:13:A2:00:42:37:AD:AD,7.0,5.0,3.2844,53.0,0.0,100.0,1.24,1.53,1.72,1.81,7.77,9.57,9.86,9.91,9.93,0.61,37.65,21.64,1847.0,2024-09-10 17:28:51.176589
00:13:A2:00:42:37:AD:AD,7.0,6.0,3.2844,53.0,0.0,100.0,0.76,1.08,1.3,1.42,4.39,5.7,6.03,6.09,6.1,0.51,36.53,21.3,1628.0,2024-09-10 17:59:06.223788
00:13:A2:00:42:37:AD:AD,7.0,7.0,3.2844,53.0,0.0,100.0,0.67,1.13,1.49,1.66,3.38,4.79,5.28,5.38,5.4,0.93,36.06,21.06,1467.0,2024-09-10 18:28:51.259454
00:13:A2:00:42:37:AD:AD,7.0,8.0,3.2844,53.0,0.0,100.0,2.24,3.05,3.61,3.89,13.33,16.99,17.8,17.96,18.0,0.47,35.86,20.78,1335.0,2024-09-10 18:58:51.315911
00:13:A2:00:42:37:AD:AD,7.0,9.0,3.2844,53.0,0.0,100.0,1.73,2.49,3.04,3.31,9.9,12.92,13.7,13.85,13.89,0.62,37.66,20.8,1212.0,2024-09-10 19:28:51.349358
00:13:A2:00:42:37:AD:AD,7.0,10.0,3.2844,53.0,0.0,100.0,1.35,1.43,1.43,1.43,9.18,10.81,10.85,10.85,10.85,0.4,38.61,20.91,1096.0,2024-09-10 19:58:51.417495
00:13:A2:00:42:37:AD:AD,7.0,11.0,3.2844,53.0,0.0,100.0,1.78,2.9,3.75,4.17,9.28,12.87,14.05,14.29,14.34,0.71,39.93,21.06,1048.0,2024-09-10 20:28:51.441879
00:13:A2:00:42:37:AD:AD,7.0,12.0,3.2844,53.0,0.0,100.0,2.84,3.63,4.16,4.42,17.48,21.79,22.57,22.72,22.75,0.59,40.36,21.17,1003.0,2024-09-10 20:58:51.497878
00:13:A2:00:42:37:AD:AD,7.0,13.0,3.2844,53.0,0.0,100.0,2.37,2.51,2.51,2.51,16.04,18.89,18.96,18.97,18.97,0.47,40.63,21.27,942.0,2024-09-10 21:28:51.566061
00:13:A2:00:42:37:AD:AD,7.0,14.0,3.2844,53.0,0.0,100.0,1.21,1.28,1.28,1.28,8.22,9.68,9.71,9.72,9.72,0.34,40.87,21.3,865.0,2024-09-10 21:58:51.571621
00:13:A2:00:42:37:AD:AD,7.0,33.0,3.2844,53.0,0.0,100.0,1.17,1.96,2.55,2.84,6.02,8.45,9.27,9.43,9.47,0.82,40.87,21.16,440.0,2024-09-11 07:28:52.437980
00:13:A2:00:42:37:AD:AD,7.0,34.0,3.2844,53.0,0.0,100.0,0.53,1.11,1.56,1.79,2.11,3.53,4.15,4.27,4.3,1.05,40.91,21.41,505.0,2024-09-11 07:58:52.483485
00:13:A2:00:42:37:AD:AD,7.0,35.0,3.2844,53.0,0.0,100.0,1.71,1.81,1.81,1.81,11.58,13.64,13.69,13.69,13.7,0.4,42.21,21.91,992.0,2024-09-11 08:28:52.538026
00:13:A2:00:42:37:AD:AD,7.0,36.0,3.2844,53.0,0.0,100.0,1.85,1.95,1.95,1.95,12.49,14.71,14.76,14.77,14.77,0.37,43.57,22.42,1424.0,2024-09-11 08:59:07.563863
00:13:A2:00:42:37:AD:AD,7.0,37.0,3.2844,53.0,0.0,100.0,1.66,3.07,4.15,4.69,7.72,11.57,13.07,13.37,13.43,0.9,41.88,22.58,1802.0,2024-09-11 09:28:52.629516
00:13:A2:00:42:37:AD:AD,7.0,38.0,3.2844,53.0,0.0,100.0,1.84,1.94,1.94,1.94,12.44,14.64,14.7,14.7,14.71,0.4,40.94,22.56,2189.0,2024-09-11 09:58:52.662556
00:13:A2:00:42:37:AD:AD,7.0,39.0,3.2844,53.0,0.0,100.0,1.06,2.16,3.02,3.45,4.39,7.14,8.32,8.55,8.61,0.69,40.61,22.54,2515.0,2024-09-11 10:28:52.731564
00:13:A2:00:42:37:AD:AD,7.0,40.0,3.2844,53.0,0.0,100.0,2.39,6.67,10.09,11.8,5.05,13.81,18.46,19.38,19.58,1.1,40.54,22.57,2737.0,2024-09-11 10:58:52.749989
00:13:A2:00:42:37:AD:AD,7.0,41.0,3.2844,53.0,0.0,100.0,1.22,1.3,1.3,1.3,8.3,9.77,9.81,9.81,9.81,0.39,40.03,22.39,2696.0,2024-09-11 11:28:52.803913
00:13:A2:00:42:37:AD:AD,7.0,42.0,3.2844,53.0,0.0,100.0,0.66,0.7,0.7,0.7,4.5,5.3,5.32,5.33,5.33,0.36,40.24,22.2,2834.0,2024-09-11 11:58:52.834697
00:13:A2:00:42:37:AD:AD,7.0,43.0,3.2844,53.0,0.0,100.0,1.15,1.92,2.51,2.8,5.92,8.31,9.12,9.28,9.32,0.92,41.18,22.27,3199.0,2024-09-11 12:28:52.879154
00:13:A2:00:42:37:AD:AD,7.0,44.0,3.2844,53.0,0.0,100.0,0.58,1.09,1.48,1.68,2.67,4.05,4.6,4.7,4.73,0.62,41.65,22.43,3454.0,2024-09-11 12:58:52.932004
00:13:A2:00:42:37:AD:AD,7.0,45.0,3.2844,53.0,0.0,100.0,0.62,1.11,1.48,1.67,2.96,4.35,4.87,4.97,5.0,0.94,42.33,22.58,3785.0,2024-09-11 13:28:52.958255
00:13:A2:00:42:37:AD:AD,7.0,46.0,3.2844,53.0,0.0,100.0,1.09,2.13,2.95,3.35,4.71,7.42,8.54,8.76,8.81,1.05,42.97,22.73,4106.0,2024-09-11 13:59:08.013091
00:13:A2:00:42:37:AD:AD,7.0,47.0,3.2844,53.0,0.0,100.0,1.26,1.33,1.33,1.33,8.51,10.02,10.06,10.06,10.06,0.44,43.1,22.89,4392.0,2024-09-11 14:28:53.072865
00:13:A2:00:42:37:AD:AD,7.0,48.0,3.2844,53.0,0.0,100.0,1.42,1.68,1.84,1.91,9.11,11.07,11.32,11.36,11.37,0.58,42.15,22.86,4024.0,2024-09-11 14:58:53.117319
00:13:A2:00:42:37:AD:AD,7.0,49.0,3.2844,53.0,0.0,100.0,4.35,5.35,5.96,6.27,27.43,33.7,34.65,34.83,34.87,0.5,41.08,22.75,3689.0,2024-09-11 15:28:53.144122
00:13:A2:00:42:37:AD:AD,7.0,50.0,3.2844,53.0,0.0,100.0,2.5,2.64,2.64,2.64,16.92,19.92,19.99,20.0,20.0,0.44,40.06,22.59,3257.0,2024-09-11 15:58:53.180390
00:13:A2:00:42:37:AD:AD,7.0,51.0,3.2844,53.0,0.0,100.0,1.51,1.78,1.94,2.01,9.77,11.84,12.09,12.14,12.15,0.5,38.97,22.19,2777.0,2024-09-11 16:28:53.235582
00:13:A2:00:42:37:AD:AD,7.0,52.0,3.2844,53.0,0.0,100.0,1.22,1.68,2.0,2.17,7.2,9.22,9.69,9.78,9.8,0.77,38.41,21.71,2464.0,2024-09-11 16:58:53.267273
00:13:A2:00:42:37:AD:AD,7.0,53.0,3.2844,53.0,0.0,100.0,1.31,1.84,2.21,2.4,7.68,9.9,10.43,10.54,10.56,0.58,38.08,21.36,2176.0,2024-09-11 17:28:53.324537
00:13:A2:00:42:37:AD:AD,7.0,54.0,3.2844,53.0,0.0,100.0,3.54,3.75,3.75,3.75,23.97,28.21,28.32,28.33,28.33,0.38,37.94,21.12,1929.0,2024-09-11 17:58:53.356100
00:13:A2:00:42:37:AD:AD,7.0,55.0,3.2844,53.0,0.0,100.0,3.11,3.67,3.97,4.13,20.06,24.32,24.82,24.91,24.94,0.57,37.93,20.91,1719.0,2024-09-11 18:28:53.413082
00:13:A2:00:42:37:AD:AD,7.0,56.0,3.2844,53.0,0.0,100.0,1.77,2.38,2.8,3.01,10.65,13.5,14.11,14.23,14.25,0.53,37.77,20.68,1510.0,2024-09-11 18:59:08.454387
00:13:A2:00:42:37:AD:AD,7.0,57.0,3.2844,53.0,0.0,100.0,1.22,1.54,1.75,1.85,7.61,9.44,9.75,9.81,9.82,0.61,37.67,20.51,1362.0,2024-09-11 19:28:53.495772
00:13:A2:00:42:37:AD:AD,7.0,58.0,3.2844,53.0,0.0,100.0,1.74,3.21,4.33,4.9,8.13,12.16,13.72,14.03,14.09,0.81,38.28,20.36,1244.0,2024-09-11 19:58:53.543320
00:13:A2:00:42:37:AD:AD,7.0,59.0,3.2844,53.0,0.0,100.0,1.96,2.44,2.74,2.88,12.3,15.17,15.63,15.71,15.73,0.57,37.81,20.16,1130.0,2024-09-11 20:28:53.598071
00:13:A2:00:42:37:AD:AD,7.0,60.0,3.2844,53.0,0.0,100.0,1.88,1.99,1.99,1.99,12.75,15.01,15.07,15.07,15.08,0.41,38.82,20.07,1047.0,2024-09-11 20:58:53.643913
00:13:A2:00:42:37:AD:AD,7.0,61.0,3.2844,53.0,0.0,100.0,1.15,1.22,1.22,1.22,7.82,9.21,9.24,9.25,9.25,0.38,39.45,20.24,951.0,2024-09-11 21:28:53.687783
00:13:A2:00:42:37:AD:AD,7.0,62.0,3.2844,53.0,0.0,100.0,1.02,1.63,2.08,2.31,5.45,7.46,8.1,8.22,8.25,0.56,40.85,20.25,899.0,2024-09-11 21:58:53.735070
00:13:A2:00:42:37:AD:AD,7.0,81.0,3.2844,53.0,0.0,100.0,2.42,2.96,3.3,3.47,15.25,18.73,19.25,19.35,19.37,0.71,45.77,21.36,457.0,2024-09-12 07:28:54.584529
00:13:A2:00:42:37:AD:AD,7.0,82.0,3.2844,53.0,0.0,100.0,1.97,2.09,2.09,2.09,13.36,15.73,15.79,15.79,15.79,0.44,46.96,21.45,820.0,2024-09-12 07:58:54.644646
00:13:A2:00:42:37:AD:AD,7.0,83.0,3.2844,53.0,0.0,100.0,3.07,3.5,3.71,3.82,20.08,24.13,24.5,24.57,24.58,0.58,49.23,21.85,1704.0,2024-09-12 08:28:54.686077
00:13:A2:00:42:37:AD:AD,7.0,84.0,3.2844,53.0,0.0,100.0,2.01,3.01,3.74,4.1,11.2,14.86,15.9,16.1,16.15,0.68,49.41,22.36,2382.0,2024-09-12 08:58:54.711705
00:13:A2:00:42:37:AD:AD,7.0,85.0,3.2844,53.0,0.0,100.0,2.99,3.16,3.16,3.16,20.23,23.82,23.91,23.91,23.92,0.38,48.77,22.75,2326.0,2024-09-12 09:28:54.779441
00:13:A2:00:42:37:AD:AD,7.0,86.0,3.2844,53.0,0.0,100.0,3.27,3.68,3.86,3.95,21.5,25.73,26.07,26.13,26.15,0.58,48.34,23.1,2802.0,2024-09-12 09:59:09.824097
00:13:A2:00:42:37:AD:AD,7.0,87.0,3.2844,53.0,0.0,100.0,6.95,9.25,10.81,11.59,41.88,52.9,55.2,55.64,55.74,0.68,48.11,23.59,3466.0,2024-09-12 10:28:54.868781
00:13:A2:00:42:37:AD:AD,7.0,88.0,3.2844,53.0,0.0,100.0,4.67,4.94,4.94,4.94,31.6,37.2,37.34,37.35,37.36,0.43,47.27,23.91,3759.0,2024-09-12 10:58:54.909086
00:13:A2:00:42:37:AD:AD,7.0,89.0,3.2844,53.0,0.0,100.0,3.39,4.01,4.36,4.53,21.77,26.43,27.0,27.11,27.13,0.58,44.69,23.84,3388.0,2024-09-12 11:28:54.943365
00:13:A2:00:42:37:AD:AD,7.0,90.0,3.2844,53.0,0.0,100.0,1.94,2.73,3.3,3.58,11.26,14.56,15.38,15.53,15.57,0.86,44.2,23.49,2926.0,2024-09-12 11:58:54.984951
00:13:A2:00:42:37:AD:AD,7.0,91.0,3.2844,53.0,0.0,100.0,5.58,6.76,7.46,7.81,35.43,43.33,44.44,44.64,44.69,0.57,45.75,23.29,2157.0,2024-09-12 12:28:55.044140
00:13:A2:00:42:37:AD:AD,7.0,92.0,3.2844,53.0,0.0,100.0,5.78,6.53,6.87,7.04,37.96,45.47,46.1,46.2,46.23,0.61,46.77,23.14,1665.0,2024-09-12 12:58:55.091074
00:13:A2:00:42:37:AD:AD,7.0,93.0,3.2844,53.0,0.0,100.0,4.28,4.53,4.53,4.53,28.93,34.06,34.19,34.2,34.2,0.46,47.76,23.01,1381.0,2024-09-12 13:28:55.112598
00:13:A2:00:42:37:AD:AD,7.0,94.0,3.2844,53.0,0.0,100.0,5.39,6.24,6.68,6.9,34.97,42.19,42.95,43.08,43.12,0.49,47.63,22.99,1593.0,2024-09-12 13:58:55.165671
00:13:A2:00:42:37:AD:AD,7.0,95.0,3.2844,53.0,0.0,100.0,5.46,5.77,5.77,5.77,36.88,43.41,43.58,43.59,43.6,0.47,47.34,23.02,1741.0,2024-09-12 14:28:55.212339
00:13:A2:00:42:37:AD:AD,7.0,96.0,3.2844,53.0,0.0,100.0,6.52,7.17,7.39,7.5,43.34,51.54,52.04,52.11,52.14,0.5,44.19,22.69,1692.0,2024-09-12 14:59:10.247092
00:13:A2:00:42:37:AD:AD,7.0,97.0,3.2844,53.0,0.0,100.0,7.31,7.73,7.73,7.73,49.37,58.12,58.34,58.35,58.36,0.4,42.11,22.27,1589.0,2024-09-12 15:28:55.298559
00:13:A2:00:42:37:AD:AD,7.0,98.0,3.2844,53.0,0.0,100.0,4.95,6.22,7.04,7.45,30.78,38.12,39.37,39.6,39.65,0.51,40.48,21.81,1459.0,2024-09-12 15:58:55.342997
00:13:A2:00:42:37:AD:AD,7.0,99.0,3.2844,53.0,0.0,100.0,4.38,5.77,6.71,7.18,26.59,33.46,34.84,35.1,35.16,0.7,39.57,21.45,1388.0,2024-09-12 16:28:55.399353
00:13:A2:00:42:37:AD:AD,7.0,100.0,3.2844,53.0,0.0,100.0,2.54,2.68,2.68,2.68,17.16,20.2,20.27,20.28,20.28,0.4,39.01,21.13,1236.0,2024-09-12 16:58:55.438097
00:13:A2:00:42:37:AD:AD,7.0,101.0,3.2844,53.0,0.0,100.0,3.29,3.48,3.48,3.48,22.28,26.23,26.33,26.33,26.34,0.39,38.81,20.91,1184.0,2024-09-12 17:28:55.479163
00:13:A2:00:42:37:AD:AD,7.0,102.0,3.2844,53.0,0.0,100.0,4.33,4.99,5.33,5.5,28.17,33.95,34.53,34.63,34.66,0.64,39.25,20.79,1080.0,2024-09-12 17:58:55.523315
00:13:A2:00:42:37:AD:AD,7.0,103.0,3.2844,53.0,0.0,100.0,5.46,6.08,6.33,6.46,36.12,43.1,43.6,43.68,43.7,0.56,39.21,20.62,983.0,2024-09-12 18:28:55.561183
00:13:A2:00:42:37:AD:AD,7.0,104.0,3.2844,53.0,0.0,100.0,3.0,3.69,4.12,4.33,18.87,23.2,23.87,23.99,24.02,0.5,39.21,20.47,913.0,2024-09-12 18:58:55.607193
00:13:A2:00:42:37:AD:AD,7.0,105.0,3.2844,53.0,0.0,100.0,1.87,2.15,2.3,2.38,12.15,14.64,14.9,14.94,14.95,0.55,39.15,20.32,832.0,2024-09-12 19:28:55.672550
00:13:A2:00:42:37:AD:AD,7.0,106.0,3.2844,53.0,0.0,100.0,2.03,2.15,2.15,2.15,13.76,16.2,16.27,16.27,16.27,0.43,38.95,20.16,772.0,2024-09-12 19:59:10.714614
00:13:A2:00:42:37:AD:AD,7.0,107.0,3.2844,53.0,0.0,100.0,1.65,2.03,2.27,2.39,10.36,12.75,13.12,13.19,13.21,0.52,38.81,20.08,746.0,2024-09-12 20:28:55.761198
00:13:A2:00:42:37:AD:AD,7.0,108.0,3.2844,53.0,0.0,100.0,1.49,1.62,1.67,1.69,9.93,11.79,11.9,11.91,11.91,0.53,39.11,20.02,776.0,2024-09-12 20:58:55.798284
00:13:A2:00:42:37:AD:AD,7.0,109.0,3.2844,53.0,0.0,100.0,1.43,1.76,1.95,2.05,9.06,11.12,11.43,11.49,11.5,0.47,39.02,20.02,774.0,2024-09-12 21:28:55.845057
00:13:A2:00:42:37:AD:AD,7.0,110.0,3.2844,53.0,0.0,100.0,2.49,3.28,3.82,4.08,15.14,19.05,19.84,19.99,20.02,0.7,38.72,19.9,699.0,2024-09-12 21:58:55.883455
00:13:A2:00:42:37:AD:AD,7.0,129.0,3.2844,53.0,0.0,100.0,1.07,1.13,1.13,1.13,7.23,8.51,8.54,8.54,8.54,0.34,51.1,21.52,466.0,2024-09-13 07:28:56.765154
00:13:A2:00:42:37:AD:AD,7.0,130.0,3.2844,53.0,0.0,100.0,1.9,2.01,2.01,2.01,12.84,15.11,15.17,15.18,15.18,0.45,51.68,21.54,639.0,2024-09-13 07:58:56.787771
00:13:A2:00:42:37:AD:AD,7.0,131.0,3.2844,53.0,0.0,100.0,2.24,4.15,5.63,6.36,10.38,15.61,17.65,18.05,18.13,0.9,52.95,21.89,1633.0,2024-09-13 08:28:56.852450
00:13:A2:00:42:37:AD:AD,7.0,132.0,3.2844,53.0,0.0,100.0,2.11,2.23,2.23,2.23,14.3,16.83,16.9,16.9,16.9,0.38,51.93,22.29,2464.0,2024-09-13 08:58:56.893812
00:13:A2:00:42:37:AD:AD,7.0,133.0,3.2844,53.0,0.0,100.0,2.92,3.86,4.5,4.82,17.66,22.26,23.21,23.39,23.43,0.61,50.8,22.63,2607.0,2024-09-13 09:28:56.925039
00:13:A2:00:42:37:AD:AD,7.0,134.0,3.2844,53.0,0.0,100.0,1.79,1.9,1.9,1.9,12.15,14.3,14.35,14.36,14.36,0.42,49.65,22.9,3143.0,2024-09-13 09:58:56.969697
00:13:A2:00:42:37:AD:AD,7.0,135.0,3.2844,53.0,0.0,100.0,1.23,1.72,2.07,2.24,7.24,9.32,9.82,9.92,9.94,0.7,48.69,23.06,3674.0,2024-09-13 10:28:57.032736
00:13:A2:00:42:37:AD:AD,7.0,136.0,3.2844,53.0,0.0,100.0,3.36,4.37,5.04,5.37,20.57,25.76,26.75,26.94,26.98,0.53,47.44,23.1,3658.0,2024-09-13 10:59:12.098414
00:13:A2:00:42:37:AD:AD,7.0,137.0,3.2844,53.0,0.0,100.0,1.95,2.37,2.63,2.76,12.38,15.17,15.57,15.64,15.66,0.59,47.57,23.09,3457.0,2024-09-13 11:28:57.104387
00:13:A2:00:42:37:AD:AD,7.0,138.0,3.2844,53.0,0.0,100.0,2.5,2.91,3.12,3.23,16.19,19.56,19.93,19.99,20.01,0.47,47.38,23.1,3251.0,2024-09-13 11:58:57.179415
00:13:A2:00:42:37:AD:AD,7.0,139.0,3.2844,53.0,0.0,100.0,2.93,4.19,5.1,5.55,16.88,21.95,23.25,23.5,23.56,0.79,46.5,23.16,3572.0,2024-09-13 12:28:57.209014
00:13:A2:00:42:37:AD:AD,7.0,140.0,3.2844,53.0,0.0,100.0,3.1,3.47,3.63,3.71,20.49,24.48,24.78,24.83,24.84,0.5,45.6,23.16,3698.0,2024-09-13 12:58:57.222937
00:13:A2:00:42:37:AD:AD,7.0,141.0,3.2844,53.0,0.0,100.0,3.12,3.65,3.94,4.08,20.15,24.38,24.86,24.95,24.97,0.51,44.36,22.83,3376.0,2024-09-13 13:28:57.275995
00:13:A2:00:42:37:AD:AD,7.0,142.0,3.2844,53.0,0.0,100.0,1.69,1.79,1.79,1.79,11.43,13.45,13.51,13.51,13.51,0.41,47.61,22.83,4053.0,2024-09-13 13:58:57.322102
00:13:A2:00:42:37:AD:AD,7.0,143.0,3.2844,53.0,0.0,100.0,3.09,3.27,3.27,3.27,20.91,24.62,24.71,24.72,24.72,0.46,49.04,23.22,4683.0,2024-09-13 14:28:57.379001
00:13:A2:00:42:37:AD:AD,7.0,144.0,3.2844,53.0,0.0,100.0,2.47,2.61,2.61,2.61,16.71,19.67,19.74,19.75,19.75,0.4,49.82,23.59,5089.0,2024-09-13 14:58:57.430389
00:13:A2:00:42:37:AD:AD,7.0,145.0,3.2844,53.0,0.0,100.0,4.46,7.08,9.02,10.0,23.81,32.51,35.25,35.79,35.91,0.89,50.52,23.89,5618.0,2024-09-13 15:28:57.458044
00:13:A2:00:42:37:AD:AD,7.0,146.0,3.2844,53.0,0.0,100.0,7.94,8.65,8.86,8.96,52.96,62.82,63.34,63.42,63.44,0.48,50.4,24.15,5883.0,2024-09-13 15:59:12.509061
00:13:A2:00:42:37:AD:AD,7.0,147.0,3.2844,53.0,0.0,100.0,1.94,2.18,2.29,2.34,12.77,15.28,15.48,15.52,15.53,0.51,48.05,24.08,5268.0,2024-09-13 16:28:57.536194
00:13:A2:00:42:37:AD:AD,7.0,148.0,3.2844,53.0,0.0,100.0,4.8,5.6,6.04,6.26,30.99,37.49,38.23,38.36,38.39,0.56,46.19,23.6,4522.0,2024-09-13 16:58:57.574645
00:13:A2:00:42:37:AD:AD,7.0,149.0,3.2844,53.0,0.0,100.0,4.12,4.82,5.2,5.39,26.58,32.18,32.82,32.93,32.95,0.62,44.28,23.09,3835.0,2024-09-13 17:28:57.627736
00:13:A2:00:42:37:AD:AD,7.0,150.0,3.2844,53.0,0.0,100.0,3.26,3.63,3.78,3.85,21.57,25.74,26.03,26.08,26.09,0.57,43.05,22.67,3259.0,2024-09-13 17:58:57.674732
00:13:A2:00:42:37:AD:AD,7.0,151.0,3.2844,53.0,0.0,100.0,3.76,4.71,5.32,5.62,23.46,29.01,29.94,30.11,30.15,0.7,42.26,22.3,2779.0,2024-09-13 18:28:57.699906
00:13:A2:00:42:37:AD:AD,7.0,152.0,3.2844,53.0,0.0,100.0,3.86,4.5,4.85,5.02,25.0,30.23,30.8,30.91,30.93,0.58,41.71,22.03,2361.0,2024-09-13 18:58:57.773070
00:13:A2:00:42:37:AD:AD,7.0,153.0,3.2844,53.0,0.0,100.0,4.04,5.31,6.17,6.6,24.54,30.86,32.13,32.37,32.42,0.69,41.27,21.72,2021.0,2024-09-13 19:28:57.802715
00:13:A2:00:42:37:AD:AD,7.0,154.0,3.2844,53.0,0.0,100.0,3.62,4.51,5.08,5.36,22.61,27.92,28.78,28.94,28.98,0.55,40.98,21.46,1770.0,2024-09-13 19:58:57.846951
00:13:A2:00:42:37:AD:AD,7.0,155.0,3.2844,53.0,0.0,100.0,4.69,4.96,4.96,4.96,31.71,37.33,37.47,37.48,37.49,0.47,40.79,21.26,1548.0,2024-09-13 20:28:57.881950
00:13:A2:00:42:37:AD:AD,7.0,156.0,3.2844,53.0,0.0,100.0,3.07,3.69,4.06,4.25,19.56,23.88,24.46,24.57,24.6,0.5,40.49,21.04,1391.0,2024-09-13 20:59:12.940173
00:13:A2:00:42:37:AD:AD,7.0,157.0,3.2844,53.0,0.0,100.0,4.9,5.53,5.81,5.96,32.21,38.58,39.11,39.2,39.22,0.53,40.4,20.93,1232.0,2024-09-13 21:28:57.980696
00:13:A2:00:42:37:AD:AD,7.0,158.0,3.2844,53.0,0.0,100.0,3.0,3.82,4.36,4.63,18.53,23.05,23.86,24.01,24.05,0.75,40.33,20.78,1132.0,2024-09-13 21:58:58.029301
00:13:A2:00:42:37:AD:AD,7.0,177.0,3.2844,53.0,0.0,100.0,1.96,2.07,2.07,2.07,13.24,15.58,15.64,15.65,15.65,0.45,51.66,21.67,514.0,2024-09-14 07:28:58.893567
00:13:A2:00:42:37:AD:AD,7.0,178.0,3.2844,53.0,0.0,100.0,3.85,4.3,4.48,4.57,25.45,30.38,30.74,30.8,30.81,0.55,52.07,21.72,493.0,2024-09-14 07:58:58.939503
00:13:A2:00:42:37:AD:AD,7.0,179.0,3.2844,53.0,0.0,100.0,2.16,2.29,2.29,2.29,14.62,17.22,17.28,17.29,17.29,0.42,52.41,21.79,510.0,2024-09-14 08:28:58.992882
00:13:A2:00:42:37:AD:AD,7.0,180.0,3.2844,53.0,0.0,100.0,2.57,3.28,3.75,3.98,15.9,19.78,20.48,20.61,20.64,0.63,52.73,21.81,455.0,2024-09-14 08:58:59.023581
00:13:A2:00:42:37:AD:AD,7.0,181.0,3.2844,53.0,0.0,100.0,2.56,2.71,2.71,2.71,17.32,20.39,20.47,20.48,20.48,0.44,49.74,21.76,475.0,2024-09-14 09:28:59.076348
00:13:A2:00:42:37:AD:AD,7.0,182.0,3.2844,53.0,0.0,100.0,2.06,2.63,3.0,3.18,12.75,15.86,16.42,16.52,16.55,0.61,45.99,21.48,471.0,2024-09-14 09:58:59.118430
00:13:A2:00:42:37:AD:AD,7.0,183.0,3.2844,53.0,0.0,100.0,3.15,3.73,4.06,4.23,20.26,24.61,25.14,25.24,25.26,0.55,43.4,21.16,474.0,2024-09-14 10:28:59.166100
00:13:A2:00:42:37:AD:AD,7.0,184.0,3.2844,53.0,0.0,100.0,2.42,3.37,4.03,4.36,14.24,18.29,19.25,19.44,19.48,0.78,41.92,20.9,466.0,2024-09-14 10:58:59.202021
00:13:A2:00:42:37:AD:AD,7.0,185.0,3.2844,53.0,0.0,100.0,2.62,2.77,2.77,2.77,17.73,20.87,20.95,20.95,20.96,0.38,41.07,20.67,476.0,2024-09-14 11:28:59.248564
00:13:A2:00:42:37:AD:AD,7.0,186.0,3.2844,53.0,0.0,100.0,2.53,3.01,3.28,3.42,16.24,19.75,20.19,20.27,20.29,0.55,40.45,20.51,491.0,2024-09-14 11:59:14.296785
00:13:A2:00:42:37:AD:AD,7.0,187.0,3.2844,53.0,0.0,100.0,5.27,6.3,6.91,7.21,33.67,41.02,41.99,42.16,42.2,0.69,40.47,20.43,471.0,2024-09-14 12:28:59.344549
00:13:A2:00:42:37:AD:AD,7.0,188.0,3.2844,53.0,0.0,100.0,4.6,5.42,5.88,6.11,29.59,35.89,36.65,36.78,36.81,0.54,40.52,20.34,480.0,2024-09-14 12:58:59.392470
00:13:A2:00:42:37:AD:AD,7.0,189.0,3.2844,53.0,0.0,100.0,2.21,2.75,3.08,3.25,13.88,17.11,17.62,17.72,17.74,0.68,40.5,20.24,490.0,2024-09-14 13:28:59.429969
00:13:A2:00:42:37:AD:AD,7.0,190.0,3.2844,53.0,0.0,100.0,3.56,3.76,3.76,3.76,24.05,28.31,28.42,28.43,28.43,0.42,40.53,20.22,493.0,2024-09-14 13:58:59.484287
00:13:A2:00:42:37:AD:AD,7.0,191.0,3.2844,53.0,0.0,100.0,2.14,2.26,2.26,2.26,14.49,17.06,17.12,17.13,17.13,0.34,40.61,20.2,481.0,2024-09-14 14:28:59.517266
00:13:A2:00:42:37:AD:AD,7.0,192.0,3.2844,53.0,0.0,100.0,2.42,2.81,3.01,3.11,15.75,19.0,19.35,19.41,19.42,0.57,40.66,20.18,478.0,2024-09-14 14:58:59.568354
00:13:A2:00:42:37:AD:AD,7.0,193.0,3.2844,53.0,0.0,100.0,1.87,2.24,2.45,2.56,11.98,14.6,14.94,15.0,15.02,0.56,40.72,20.16,461.0,2024-09-14 15:28:59.623034
00:13:A2:00:42:37:AD:AD,7.0,194.0,3.2844,53.0,0.0,100.0,1.63,1.72,1.72,1.72,11.03,12.98,13.03,13.04,13.04,0.37,40.81,20.15,439.0,2024-09-14 15:58:59.660815
00:13:A2:00:42:37:AD:AD,7.0,195.0,3.2844,53.0,0.0,100.0,4.82,7.05,8.67,9.48,27.29,35.85,38.16,38.6,38.7,0.86,40.77,20.15,440.0,2024-09-14 16:28:59.709756
00:13:A2:00:42:37:AD:AD,7.0,196.0,3.2844,53.0,0.0,100.0,3.35,4.95,6.12,6.7,18.85,24.87,26.53,26.85,26.93,0.84,40.86,20.12,425.0,2024-09-14 16:59:14.756924
00:13:A2:00:42:37:AD:AD,7.0,197.0,3.2844,53.0,0.0,100.0,4.29,7.21,9.43,10.53,21.78,30.73,33.82,34.42,34.56,0.73,40.89,20.17,435.0,2024-09-14 17:28:59.803269
00:13:A2:00:42:37:AD:AD,7.0,198.0,3.2844,53.0,0.0,100.0,1.87,2.44,2.82,3.01,11.4,14.29,14.86,14.97,14.99,0.52,40.81,20.23,404.0,2024-09-14 17:58:59.846467
00:13:A2:00:42:37:AD:AD,7.0,199.0,3.2844,53.0,0.0,100.0,1.89,2.29,2.53,2.65,12.01,14.69,15.07,15.14,15.16,0.48,40.72,20.26,400.0,2024-09-14 18:28:59.893396
00:13:A2:00:42:37:AD:AD,7.0,200.0,3.2844,53.0,0.0,100.0,1.71,2.2,2.52,2.69,10.5,13.1,13.59,13.68,13.7,0.64,40.56,20.26,372.0,2024-09-14 18:58:59.931930
00:13:A2:00:42:37:AD:AD,7.0,201.0,3.2844,53.0,0.0,100.0,1.91,2.02,2.02,2.02,12.9,15.19,15.25,15.25,15.25,0.37,40.28,20.2,373.0,2024-09-14 19:28:59.986769
00:13:A2:00:42:37:AD:AD,7.0,202.0,3.2844,53.0,0.0,100.0,1.81,2.63,3.23,3.53,10.29,13.49,14.34,14.51,14.54,0.69,40.11,20.08,358.0,2024-09-14 19:59:00.030492
00:13:A2:00:42:37:AD:AD,7.0,203.0,3.2844,53.0,0.0,100.0,2.4,2.54,2.54,2.54,16.23,19.1,19.18,19.18,19.19,0.39,39.87,19.99,354.0,2024-09-14 20:29:00.091929
00:13:A2:00:42:37:AD:AD,7.0,204.0,3.2844,53.0,0.0,100.0,1.63,3.05,4.15,4.7,7.43,11.28,12.8,13.1,13.16,1.05,39.59,19.87,342.0,2024-09-14 20:59:00.121589
00:13:A2:00:42:37:AD:AD,7.0,205.0,3.2844,53.0,0.0,100.0,1.72,2.84,3.68,4.1,8.93,12.44,13.62,13.85,13.9,0.77,39.34,19.79,367.0,2024-09-14 21:29:00.168192
00:13:A2:00:42:37:AD:AD,7.0,206.0,3.2844,53.0,0.0,100.0,2.97,3.14,3.14,3.14,20.07,23.62,23.71,23.72,23.73,0.35,41.95,19.91,363.0,2024-09-14 21:59:15.214904
00:13:A2:00:42:37:AD:AD,7.0,235.0,3.2844,53.0,0.0,100.0,2.31,2.72,2.95,3.06,14.91,18.07,18.44,18.51,18.53,0.51,40.32,20.77,431.0,2024-09-15 12:29:01.516828
00:13:A2:00:42:37:AD:AD,7.0,236.0,3.2844,53.0,0.0,100.0,1.38,1.62,1.76,1.83,8.91,10.8,11.03,11.07,11.08,0.5,39.96,20.59,444.0,2024-09-15 12:59:16.576710
00:13:A2:00:42:37:AD:AD,7.0,237.0,3.2844,53.0,0.0,100.0,1.56,2.02,2.32,2.48,9.54,11.94,12.39,12.48,12.5,0.68,40.19,20.54,443.0,2024-09-15 13:29:01.608223
00:13:A2:00:42:37:AD:AD,7.0,238.0,3.2844,53.0,0.0,100.0,3.08,3.26,3.26,3.26,20.85,24.55,24.64,24.65,24.65,0.43,40.4,20.47,450.0,2024-09-15 13:59:01.680975
00:13:A2:00:42:37:AD:AD,7.0,239.0,3.2844,53.0,0.0,100.0,3.5,4.44,5.05,5.35,21.69,26.94,27.86,28.03,28.07,0.67,40.59,20.4,436.0,2024-09-15 14:29:01.695775
00:13:A2:00:42:37:AD:AD,7.0,240.0,3.2844,53.0,0.0,100.0,2.27,2.78,3.1,3.26,14.29,17.56,18.06,18.15,18.17,0.6,40.79,20.37,410.0,2024-09-15 14:59:01.745341
00:13:A2:00:42:37:AD:AD,7.0,241.0,3.2844,53.0,0.0,100.0,1.8,1.9,1.9,1.9,12.17,14.33,14.38,14.39,14.39,0.46,40.97,20.38,415.0,2024-09-15 15:29:01.791545
00:13:A2:00:42:37:AD:AD,7.0,242.0,3.2844,53.0,0.0,100.0,3.11,3.61,3.87,4.0,20.18,24.36,24.8,24.88,24.9,0.54,41.13,20.38,403.0,2024-09-15 15:59:01.833911
00:13:A2:00:42:37:AD:AD,7.0,243.0,3.2844,53.0,0.0,100.0,3.6,3.81,3.81,3.81,24.35,28.67,28.78,28.79,28.79,0.43,41.28,20.39,388.0,2024-09-15 16:29:01.888310
00:13:A2:00:42:37:AD:AD,7.0,244.0,3.2844,53.0,0.0,100.0,4.79,5.35,5.57,5.69,31.65,37.78,38.23,38.31,38.33,0.54,41.5,20.37,352.0,2024-09-15 16:59:01.932525
00:13:A2:00:42:37:AD:AD,7.0,245.0,3.2844,53.0,0.0,100.0,5.2,6.8,7.88,8.42,31.61,39.69,41.29,41.59,41.66,0.65,41.63,20.41,383.0,2024-09-15 17:29:01.989849
00:13:A2:00:42:37:AD:AD,7.0,246.0,3.2844,53.0,0.0,100.0,2.57,3.0,3.23,3.34,16.65,20.13,20.51,20.58,20.59,0.63,41.73,20.45,353.0,2024-09-15 17:59:17.018838
00:13:A2:00:42:37:AD:AD,7.0,247.0,3.2844,53.0,0.0,100.0,4.73,6.2,7.19,7.68,28.75,36.11,37.58,37.85,37.92,0.52,41.66,20.49,341.0,2024-09-15 18:29:02.063410
00:13:A2:00:42:37:AD:AD,7.0,248.0,3.2844,53.0,0.0,100.0,2.09,2.44,2.63,2.72,13.51,16.34,16.66,16.71,16.72,0.63,41.54,20.46,343.0,2024-09-15 18:59:02.104706
00:13:A2:00:42:37:AD:AD,7.0,249.0,3.2844,53.0,0.0,100.0,2.87,5.19,6.97,7.85,13.6,20.1,22.57,23.06,23.16,1.04,41.3,20.37,334.0,2024-09-15 19:29:02.169059
00:13:A2:00:42:37:AD:AD,7.0,250.0,3.2844,53.0,0.0,100.0,1.45,1.81,2.03,2.14,9.13,11.25,11.59,11.66,11.67,0.62,41.04,20.28,329.0,2024-09-15 19:59:02.197193
00:13:A2:00:42:37:AD:AD,7.0,251.0,3.2844,53.0,0.0,100.0,2.46,2.61,2.61,2.61,16.67,19.63,19.7,19.71,19.71,0.36,40.88,20.19,307.0,2024-09-15 20:29:02.247858
00:13:A2:00:42:37:AD:AD,7.0,252.0,3.2844,53.0,0.0,100.0,5.21,6.44,7.21,7.6,32.68,40.24,41.43,41.65,41.7,0.56,40.65,20.12,327.0,2024-09-15 20:59:02.306726
00:13:A2:00:42:37:AD:AD,7.0,253.0,3.2844,53.0,0.0,100.0,1.93,2.69,3.22,3.49,11.33,14.57,15.34,15.49,15.53,0.85,40.38,20.02,315.0,2024-09-15 21:29:02.329058
00:13:A2:00:42:37:AD:AD,7.0,254.0,3.2844,53.0,0.0,100.0,4.19,4.76,5.04,5.18,27.42,32.91,33.41,33.49,33.51,0.54,40.17,19.95,347.0,2024-09-15 21:59:02.388900
00:13:A2:00:42:37:AD:AD,7.0,255.0,3.2844,53.0,0.0,100.0,2.86,4.45,5.62,6.21,15.51,20.96,22.62,22.94,23.01,0.89,39.84,19.87,342.0,2024-09-15 22:29:02.436503
00:13:A2:00:42:37:AD:AD,7.0,1.0,3.2844,53.0,0.0,100.0,3.01,3.19,3.19,3.19,20.38,23.99,24.08,24.09,24.09,0.37,39.5,19.79,319.0,2024-09-15 22:59:17.476242
00:13:A2:00:42:37:AD:AD,7.0,2.0,3.2844,53.0,0.0,100.0,2.3,2.68,2.89,2.99,14.93,18.04,18.39,18.45,18.46,0.49,40.16,19.77,325.0,2024-09-15 23:29:02.510760
00:13:A2:00:42:37:AD:AD,7.0,3.0,3.2844,53.0,0.0,100.0,1.96,2.52,2.89,3.08,12.03,15.02,15.58,15.68,15.7,0.69,42.83,20.0,357.0,2024-09-15 23:59:02.556265
00:13:A2:00:42:37:AD:AD,7.0,4.0,3.2844,53.0,0.0,100.0,1.81,3.18,4.22,4.74,8.82,12.79,14.24,14.53,14.59,1.05,44.68,20.33,343.0,2024-09-16 00:29:02.607069
00:13:A2:00:42:37:AD:AD,7.0,5.0,3.2844,53.0,0.0,100.0,1.83,2.27,2.54,2.67,11.52,14.18,14.6,14.68,14.7,0.49,46.32,20.65,364.0,2024-09-16 00:59:02.659563
00:13:A2:00:42:37:AD:AD,7.0,6.0,3.2844,53.0,0.0,100.0,2.49,3.35,3.94,4.24,14.94,18.94,19.81,19.97,20.01,0.73,47.54,20.9,327.0,2024-09-16 01:29:02.702668
00:13:A2:00:42:37:AD:AD,7.0,7.0,3.2844,53.0,0.0,100.0,2.93,4.29,5.28,5.77,16.6,21.81,23.22,23.49,23.55,0.85,48.57,21.08,354.0,2024-09-16 01:59:02.742715
00:13:A2:00:42:37:AD:AD,7.0,8.0,3.2844,53.0,0.0,100.0,1.93,2.31,2.54,2.65,12.31,15.01,15.37,15.44,15.45,0.56,49.34,21.23,365.0,2024-09-16 02:29:02.515467
00:13:A2:00:42:37:AD:AD,7.0,9.0,3.2844,53.0,0.0,100.0,2.91,4.41,5.51,6.06,16.14,21.52,23.08,23.38,23.45,0.7,49.96,21.36,357.0,2024-09-16 02:59:02.844016
00:13:A2:00:42:37:AD:AD,7.0,10.0,3.2844,53.0,0.0,100.0,3.07,3.24,3.24,3.24,20.75,24.43,24.52,24.53,24.53,0.41,50.53,21.46,365.0,2024-09-16 03:29:02.894616
00:13:A2:00:42:37:AD:AD,7.0,11.0,3.2844,53.0,0.0,100.0,3.6,3.81,3.81,3.81,24.35,28.67,28.78,28.79,28.79,0.33,51.26,21.56,361.0,2024-09-16 03:59:17.938449
00:13:A2:00:42:37:AD:AD,7.0,12.0,3.2844,53.0,0.0,100.0,3.6,4.58,5.22,5.53,22.29,27.7,28.66,28.84,28.88,0.65,51.35,21.64,376.0,2024-09-16 04:29:02.985167
00:13:A2:00:42:37:AD:AD,7.0,13.0,3.2844,53.0,0.0,100.0,4.35,4.6,4.6,4.6,29.38,34.59,34.72,34.73,34.74,0.36,51.65,21.69,369.0,2024-09-16 04:59:03.018980
00:13:A2:00:42:37:AD:AD,7.0,14.0,3.2844,53.0,0.0,100.0,2.4,2.75,2.91,3.0,15.72,18.89,19.19,19.24,19.25,0.51,51.88,21.72,384.0,2024-09-16 05:29:03.076288
00:13:A2:00:42:37:AD:AD,7.0,15.0,3.2844,53.0,0.0,100.0,4.23,4.47,4.47,4.47,28.57,33.63,33.76,33.77,33.78,0.4,52.08,21.76,361.0,2024-09-16 05:59:03.118633
00:13:A2:00:42:37:AD:AD,7.0,16.0,3.2844,53.0,0.0,100.0,0.75,0.95,1.08,1.15,4.69,5.82,6.02,6.05,6.06,0.6,52.25,21.82,383.0,2024-09-16 06:29:03.153513
00:13:A2:00:42:37:AD:AD,7.0,17.0,3.2844,53.0,0.0,100.0,4.75,6.47,7.67,8.27,28.23,35.98,37.73,38.06,38.13,0.84,52.35,21.85,357.0,2024-09-16 06:59:03.201508
00:13:A2:00:42:37:AD:AD,7.0,18.0,3.2844,53.0,0.0,100.0,4.87,5.15,5.15,5.15,32.89,38.72,38.87,38.88,38.88,0.4,50.95,21.84,365.0,2024-09-16 07:29:03.257149
00:13:A2:00:42:37:AD:AD,7.0,19.0,3.2844,53.0,0.0,100.0,1.29,1.7,1.97,2.11,7.82,9.84,10.25,10.33,10.35,0.6,46.64,21.54,372.0,2024-09-16 07:59:03.287461
00:13:A2:00:42:37:AD:AD,7.0,20.0,3.2844,53.0,0.0,100.0,2.66,2.82,2.82,2.82,18.02,21.22,21.3,21.3,21.31,0.45,46.46,21.29,386.0,2024-09-16 08:29:03.337878
00:13:A2:00:42:37:AD:AD,7.0,21.0,3.2844,53.0,0.0,100.0,1.6,1.69,1.69,1.69,10.83,12.75,12.8,12.81,12.81,0.39,45.66,21.31,398.0,2024-09-16 08:59:18.386795
00:13:A2:00:42:37:AD:AD,7.0,22.0,3.2844,53.0,0.0,100.0,1.95,2.2,2.32,2.37,12.82,15.36,15.57,15.61,15.62,0.48,43.08,21.16,383.0,2024-09-16 09:29:03.428783
00:13:A2:00:42:37:AD:AD,7.0,23.0,3.2844,53.0,0.0,100.0,2.44,4.41,5.93,6.69,11.58,17.11,19.22,19.63,19.72,1.09,41.61,20.98,510.0,2024-09-16 09:59:03.478482
00:13:A2:00:42:37:AD:AD,7.0,24.0,3.2844,53.0,0.0,100.0,2.03,2.14,2.14,2.14,13.71,16.15,16.21,16.21,16.21,0.44,42.52,21.25,1007.0,2024-09-16 10:29:03.522242
00:13:A2:00:42:37:AD:AD,7.0,25.0,3.2844,53.0,0.0,100.0,2.22,2.35,2.35,2.35,15.02,17.68,17.75,17.75,17.76,0.35,43.05,21.64,1464.0,2024-09-16 10:59:03.572917
00:13:A2:00:42:37:AD:AD,7.0,26.0,3.2844,53.0,0.0,100.0,2.22,2.35,2.35,2.35,15.01,17.67,17.74,17.74,17.74,0.38,43.22,21.98,1854.0,2024-09-16 11:29:03.615894
00:13:A2:00:42:37:AD:AD,7.0,27.0,3.2844,53.0,0.0,100.0,2.0,2.6,3.01,3.21,12.24,15.33,15.93,16.05,16.07,0.59,43.27,22.27,2199.0,2024-09-16 11:59:03.655154
00:13:A2:00:42:37:AD:AD,7.0,28.0,3.2844,53.0,0.0,100.0,2.53,2.68,2.68,2.68,17.14,20.17,20.25,20.26,20.26,0.44,43.46,22.54,2494.0,2024-09-16 12:29:03.694720
00:13:A2:00:42:37:AD:AD,7.0,29.0,3.2844,53.0,0.0,100.0,3.04,3.92,4.51,4.81,18.63,23.29,24.17,24.33,24.37,0.53,43.14,22.69,2525.0,2024-09-16 12:59:03.744822
00:13:A2:00:42:37:AD:AD,7.0,30.0,3.2844,53.0,0.0,100.0,3.76,3.98,3.98,3.98,25.44,29.95,30.06,30.07,30.07,0.44,42.64,22.62,2382.0,2024-09-16 13:29:03.781898
00:13:A2:00:42:37:AD:AD,7.0,31.0,3.2844,53.0,0.0,100.0,6.45,6.82,6.82,6.82,43.57,51.29,51.49,51.5,51.51,0.46,41.89,22.47,2145.0,2024-09-16 13:59:18.831290
00:13:A2:00:42:37:AD:AD,7.0,32.0,3.2844,53.0,0.0,100.0,2.5,3.64,4.46,4.88,14.23,18.65,19.83,20.05,20.1,0.82,41.54,22.37,2006.0,2024-09-16 14:29:03.868486
00:13:A2:00:42:37:AD:AD,7.0,33.0,3.2844,53.0,0.0,100.0,6.92,7.73,8.07,8.25,45.63,54.51,55.18,55.28,55.31,0.47,42.13,22.18,1752.0,2024-09-16 14:59:03.918356
00:13:A2:00:42:37:AD:AD,7.0,34.0,3.2844,53.0,0.0,100.0,8.32,9.99,10.97,11.46,53.01,64.67,66.23,66.52,66.58,0.68,42.24,21.96,1441.0,2024-09-16 15:29:03.962254
00:13:A2:00:42:37:AD:AD,7.0,35.0,3.2844,53.0,0.0,100.0,14.39,15.22,15.22,15.22,97.22,114.44,114.88,114.91,114.93,0.45,42.76,21.76,1219.0,2024-09-16 15:59:04.006518
00:13:A2:00:42:37:AD:AD,7.0,36.0,3.2844,53.0,0.0,100.0,11.1,12.53,13.18,13.51,72.85,87.26,88.47,88.67,88.73,0.47,42.93,21.68,1030.0,2024-09-16 16:29:04.048569
00:13:A2:00:42:37:AD:AD,7.0,37.0,3.2844,53.0,0.0,100.0,12.84,13.58,13.58,13.58,86.74,102.12,102.5,102.53,102.55,0.41,42.93,21.59,890.0,2024-09-16 16:59:04.100459
00:13:A2:00:42:37:AD:AD,7.0,38.0,3.2844,53.0,0.0,100.0,12.13,13.58,14.2,14.5,79.96,95.55,96.74,96.93,96.99,0.58,42.78,21.52,780.0,2024-09-16 17:29:04.131323
00:13:A2:00:42:37:AD:AD,7.0,39.0,3.2844,53.0,0.0,100.0,13.94,15.79,16.65,17.08,91.34,109.52,111.1,111.36,111.43,0.53,42.09,21.45,730.0,2024-09-16 17:59:04.178836
00:13:A2:00:42:37:AD:AD,7.0,40.0,3.2844,53.0,0.0,100.0,6.69,7.08,7.08,7.08,45.24,53.26,53.46,53.48,53.49,0.42,41.77,21.38,668.0,2024-09-16 18:29:04.220481
00:13:A2:00:42:37:AD:AD,7.0,41.0,3.2844,53.0,0.0,100.0,11.55,12.95,13.55,13.85,76.1,90.97,92.13,92.32,92.37,0.6,41.5,21.28,593.0,2024-09-16 18:59:19.267842
00:13:A2:00:42:37:AD:AD,7.0,42.0,3.2844,53.0,0.0,100.0,5.98,6.71,7.02,7.18,39.38,47.08,47.69,47.79,47.81,0.47,41.37,21.22,571.0,2024-09-16 19:29:04.151258
00:13:A2:00:42:37:AD:AD,7.0,43.0,3.2844,53.0,0.0,100.0,8.11,9.69,10.61,11.06,51.8,63.1,64.57,64.84,64.9,0.5,41.21,21.11,535.0,2024-09-16 19:59:04.268598
00:13:A2:00:42:37:AD:AD,7.0,44.0,3.2844,53.0,0.0,100.0,8.41,9.56,10.1,10.37,55.08,66.09,67.08,67.24,67.28,0.5,40.98,21.0,518.0,2024-09-16 20:29:04.417103
00:13:A2:00:42:37:AD:AD,7.0,45.0,3.2844,53.0,0.0,100.0,4.38,4.64,4.64,4.64,29.63,34.89,35.02,35.03,35.03,0.35,40.87,20.86,485.0,2024-09-16 20:59:04.464368
00:13:A2:00:42:37:AD:AD,7.0,46.0,3.2844,53.0,0.0,100.0,4.44,5.08,5.39,5.54,29.04,34.9,35.45,35.54,35.56,0.54,40.77,20.78,514.0,2024-09-16 21:29:04.500104
00:13:A2:00:42:37:AD:AD,7.0,47.0,3.2844,53.0,0.0,100.0,2.6,4.44,5.83,6.52,13.06,18.58,20.52,20.9,20.99,0.86,40.69,20.69,471.0,2024-09-16 21:59:04.553753
00:13:A2:00:42:37:AD:AD,7.0,66.0,3.2844,53.0,0.0,100.0,3.79,4.55,4.99,5.22,24.18,29.49,30.2,30.33,30.36,0.61,40.89,20.77,389.0,2024-09-17 07:29:05.419592
00:13:A2:00:42:37:AD:AD,7.0,67.0,3.2844,53.0,0.0,100.0,4.8,5.67,6.16,6.4,30.89,37.49,38.29,38.43,38.46,0.48,39.69,20.56,381.0,2024-09-17 07:59:05.463340
00:13:A2:00:42:37:AD:AD,7.0,68.0,3.2844,53.0,0.0,100.0,3.4,3.59,3.59,3.59,22.98,27.05,27.16,27.16,27.17,0.44,38.87,20.38,405.0,2024-09-17 08:29:05.516902
00:13:A2:00:42:37:AD:AD,7.0,70.0,3.2844,53.0,0.0,100.0,3.76,4.51,4.95,5.17,24.0,29.26,29.97,30.1,30.13,0.56,37.83,20.18,449.0,2024-09-17 09:29:05.588762
00:13:A2:00:42:37:AD:AD,7.0,71.0,3.2844,53.0,0.0,100.0,3.36,3.55,3.55,3.55,22.73,26.76,26.86,26.87,26.87,0.45,37.71,20.1,526.0,2024-09-17 09:59:20.650065
00:13:A2:00:42:37:AD:AD,7.0,72.0,3.2844,53.0,0.0,100.0,8.5,8.99,8.99,8.99,57.45,67.63,67.89,67.91,67.92,0.43,38.04,20.1,588.0,2024-09-17 10:29:05.686130
00:13:A2:00:42:37:AD:AD,7.0,73.0,3.2844,53.0,0.0,100.0,4.5,4.76,4.76,4.76,30.42,35.82,35.95,35.96,35.97,0.4,38.38,20.09,580.0,2024-09-17 10:59:05.744996
00:13:A2:00:42:37:AD:AD,7.0,74.0,3.2844,53.0,0.0,100.0,2.0,2.22,2.31,2.35,13.24,15.79,15.97,16.0,16.0,0.53,38.6,20.09,602.0,2024-09-17 11:29:05.797393
00:13:A2:00:42:37:AD:AD,7.0,75.0,3.2844,53.0,0.0,100.0,5.0,5.7,6.03,6.2,32.69,39.26,39.86,39.96,39.99,0.54,41.62,20.26,688.0,2024-09-17 11:59:05.857850
00:13:A2:00:42:37:AD:AD,7.0,76.0,3.2844,53.0,0.0,100.0,3.44,3.63,3.63,3.63,23.24,27.36,27.46,27.47,27.48,0.39,42.14,20.49,834.0,2024-09-17 12:29:05.866334
00:13:A2:00:42:37:AD:AD,7.0,77.0,3.2844,53.0,0.0,100.0,6.16,6.83,7.1,7.23,40.73,48.57,49.11,49.2,49.22,0.5,42.19,20.65,968.0,2024-09-17 12:59:05.923355
00:13:A2:00:42:37:AD:AD,7.0,78.0,3.2844,53.0,0.0,100.0,3.3,3.73,3.93,4.02,21.69,25.99,26.35,26.41,26.42,0.49,42.51,20.8,1114.0,2024-09-17 13:29:05.965978
00:13:A2:00:42:37:AD:AD,7.0,79.0,3.2844,53.0,0.0,100.0,5.79,6.12,6.12,6.12,39.12,46.06,46.23,46.25,46.26,0.41,44.51,21.12,1475.0,2024-09-17 13:59:06.016369
00:13:A2:00:42:37:AD:AD,7.0,80.0,3.2844,53.0,0.0,100.0,5.98,7.72,8.87,9.44,36.7,45.85,47.56,47.89,47.96,0.76,45.2,21.61,1921.0,2024-09-17 14:29:06.050458
00:13:A2:00:42:37:AD:AD,7.0,81.0,3.2844,53.0,0.0,100.0,11.59,12.26,12.26,12.26,78.32,92.2,92.55,92.58,92.59,0.45,45.53,22.06,2391.0,2024-09-17 14:59:21.110584
00:13:A2:00:42:37:AD:AD,7.0,82.0,3.2844,53.0,0.0,100.0,3.43,3.94,4.2,4.34,22.31,26.87,27.32,27.4,27.42,0.47,45.37,22.31,2589.0,2024-09-17 15:29:06.144314
00:13:A2:00:42:37:AD:AD,7.0,83.0,3.2844,53.0,0.0,100.0,8.62,9.11,9.11,9.11,58.23,68.55,68.81,68.82,68.84,0.42,46.37,22.61,1979.0,2024-09-17 15:59:06.185155
00:13:A2:00:42:37:AD:AD,7.0,84.0,3.2844,53.0,0.0,100.0,14.12,15.76,16.45,16.79,93.19,111.28,112.62,112.83,112.89,0.49,47.48,22.93,1214.0,2024-09-17 16:29:06.219182
00:13:A2:00:42:37:AD:AD,7.0,85.0,3.2844,53.0,0.0,100.0,9.92,10.49,10.49,10.49,67.03,78.91,79.21,79.23,79.25,0.44,47.84,23.1,913.0,2024-09-17 16:59:06.275363
00:13:A2:00:42:37:AD:AD,7.0,86.0,3.2844,53.0,0.0,100.0,12.13,12.82,12.82,12.82,81.92,96.44,96.81,96.84,96.85,0.45,47.34,23.09,630.0,2024-09-17 17:29:06.319143
00:13:A2:00:42:37:AD:AD,7.0,87.0,3.2844,53.0,0.0,100.0,17.1,18.08,18.08,18.08,115.49,135.95,136.47,136.51,136.53,0.41,45.17,22.83,608.0,2024-09-17 17:59:06.362174
00:13:A2:00:42:37:AD:AD,7.0,88.0,3.2844,53.0,0.0,100.0,14.51,16.36,17.2,17.61,95.32,114.14,115.7,115.95,116.02,0.6,43.24,22.48,575.0,2024-09-17 18:29:06.402818
00:13:A2:00:42:37:AD:AD,7.0,89.0,3.2844,53.0,0.0,100.0,11.06,11.69,11.69,11.69,74.71,87.95,88.29,88.31,88.33,0.45,41.95,22.12,544.0,2024-09-17 18:59:06.445415
00:13:A2:00:42:37:AD:AD,7.0,90.0,3.2844,53.0,0.0,100.0,14.9,16.8,17.66,18.09,97.89,117.21,118.81,119.08,119.15,0.5,41.02,21.76,519.0,2024-09-17 19:29:06.494778
00:13:A2:00:42:37:AD:AD,7.0,91.0,3.2844,53.0,0.0,100.0,11.23,13.06,14.03,14.52,72.7,87.82,89.47,89.75,89.83,0.54,41.02,21.47,521.0,2024-09-17 19:59:21.539123
00:13:A2:00:42:37:AD:AD,7.0,92.0,3.2844,53.0,0.0,100.0,7.9,9.52,10.48,10.96,50.25,61.36,62.88,63.16,63.22,0.47,40.62,21.3,531.0,2024-09-17 20:29:06.570224
00:13:A2:00:42:37:AD:AD,7.0,93.0,3.2844,53.0,0.0,100.0,7.71,8.16,8.16,8.16,52.12,61.36,61.59,61.61,61.62,0.46,40.25,21.09,510.0,2024-09-17 20:59:06.612687
00:13:A2:00:42:37:AD:AD,7.0,94.0,3.2844,53.0,0.0,100.0,4.23,4.75,4.98,5.09,27.82,33.28,33.72,33.79,33.81,0.5,40.03,20.92,490.0,2024-09-17 21:29:06.673582
00:13:A2:00:42:37:AD:AD,7.0,95.0,3.2844,53.0,0.0,100.0,7.78,10.08,11.61,12.37,47.61,59.56,61.84,62.27,62.36,0.72,39.94,20.79,501.0,2024-09-17 21:59:06.720350
00:13:A2:00:42:37:AD:AD,7.0,114.0,3.2844,53.0,0.0,100.0,3.87,4.09,4.09,4.09,26.14,30.77,30.89,30.9,30.91,0.38,54.53,22.38,426.0,2024-09-18 07:29:07.566241
00:13:A2:00:42:37:AD:AD,7.0,115.0,3.2844,53.0,0.0,100.0,6.83,7.22,7.22,7.22,46.14,54.32,54.52,54.54,54.55,0.45,54.6,22.43,492.0,2024-09-18 07:59:07.619089
00:13:A2:00:42:37:AD:AD,7.0,116.0,3.2844,53.0,0.0,100.0,8.05,9.05,9.49,9.71,52.98,63.39,64.22,64.36,64.39,0.49,54.92,22.82,1079.0,2024-09-18 08:29:07.642730
00:13:A2:00:42:37:AD:AD,7.0,117.0,3.2844,53.0,0.0,100.0,8.62,9.12,9.12,9.12,58.25,68.57,68.83,68.85,68.86,0.45,51.32,23.07,1553.0,2024-09-18 08:59:07.700586
00:13:A2:00:42:37:AD:AD,7.0,118.0,3.2844,53.0,0.0,100.0,4.3,4.78,4.97,5.07,28.45,33.94,34.32,34.38,34.4,0.49,48.98,23.19,1883.0,2024-09-18 09:29:07.761730
00:13:A2:00:42:37:AD:AD,7.0,119.0,3.2844,53.0,0.0,100.0,7.59,8.03,8.03,8.03,51.32,60.41,60.64,60.66,60.67,0.44,47.67,23.33,2215.0,2024-09-18 09:59:07.789664
00:13:A2:00:42:37:AD:AD,7.0,120.0,3.2844,53.0,0.0,100.0,8.18,9.21,9.66,9.89,53.78,64.37,65.23,65.37,65.41,0.51,46.81,23.48,2458.0,2024-09-18 10:29:07.843097
00:13:A2:00:42:37:AD:AD,7.0,121.0,3.2844,53.0,0.0,100.0,11.22,12.97,13.89,14.34,72.8,87.8,89.37,89.64,89.71,0.56,45.74,23.54,2575.0,2024-09-18 10:59:22.870221
00:13:A2:00:42:37:AD:AD,7.0,122.0,3.2844,53.0,0.0,100.0,7.74,8.18,8.18,8.18,52.3,61.57,61.8,61.82,61.83,0.46,44.93,23.48,2385.0,2024-09-18 11:29:07.921599
00:13:A2:00:42:37:AD:AD,7.0,123.0,3.2844,53.0,0.0,100.0,11.3,11.95,11.95,11.95,76.36,89.9,90.24,90.26,90.28,0.41,45.43,23.43,2479.0,2024-09-18 11:59:07.975365
00:13:A2:00:42:37:AD:AD,7.0,124.0,3.2844,53.0,0.0,100.0,10.83,11.45,11.45,11.45,73.16,86.13,86.46,86.48,86.49,0.42,46.69,23.57,2210.0,2024-09-18 12:29:08.011818
00:13:A2:00:42:37:AD:AD,7.0,125.0,3.2844,53.0,0.0,100.0,14.92,16.58,17.24,17.57,98.64,117.64,118.97,119.18,119.24,0.48,47.24,23.83,1943.0,2024-09-18 12:59:08.055335
00:13:A2:00:42:37:AD:AD,7.0,126.0,3.2844,53.0,0.0,100.0,10.59,11.2,11.2,11.2,71.58,84.26,84.58,84.6,84.62,0.46,48.07,24.03,937.0,2024-09-18 13:29:08.096974
00:13:A2:00:42:37:AD:AD,7.0,127.0,3.2844,53.0,0.0,100.0,10.4,13.23,15.07,15.99,64.25,79.88,82.66,83.17,83.29,0.69,47.67,24.24,727.0,2024-09-18 13:59:08.137841
00:13:A2:00:42:37:AD:AD,7.0,128.0,3.2844,53.0,0.0,100.0,9.41,10.72,11.35,11.67,61.48,73.84,74.98,75.17,75.22,0.51,46.56,24.46,774.0,2024-09-18 14:29:08.185302
00:13:A2:00:42:37:AD:AD,7.0,129.0,3.2844,53.0,0.0,100.0,13.11,15.14,16.19,16.72,85.1,102.61,104.42,104.73,104.81,0.63,44.99,24.34,676.0,2024-09-18 14:59:08.232514
00:13:A2:00:42:37:AD:AD,7.0,130.0,3.2844,53.0,0.0,100.0,13.49,15.27,16.1,16.51,88.42,106.0,107.51,107.77,107.83,0.51,44.28,23.97,514.0,2024-09-18 15:29:08.265824
00:13:A2:00:42:37:AD:AD,7.0,131.0,3.2844,53.0,0.0,100.0,16.95,18.78,19.49,19.84,112.22,133.73,135.19,135.41,135.48,0.48,45.46,23.56,374.0,2024-09-18 15:59:23.318856
00:13:A2:00:42:37:AD:AD,7.0,132.0,3.2844,53.0,0.0,100.0,12.24,12.94,12.94,12.94,82.69,97.35,97.72,97.74,97.76,0.4,46.21,23.32,344.0,2024-09-18 16:29:08.355639
00:13:A2:00:42:37:AD:AD,7.0,133.0,3.2844,53.0,0.0,100.0,17.81,18.84,18.84,18.84,120.33,141.65,142.19,142.23,142.25,0.41,46.17,23.01,301.0,2024-09-18 16:59:08.392357
00:13:A2:00:42:37:AD:AD,7.0,134.0,3.2844,53.0,0.0,100.0,15.94,17.74,18.48,18.84,105.31,125.65,127.11,127.34,127.41,0.48,46.32,22.78,284.0,2024-09-18 17:29:08.454172
00:13:A2:00:42:37:AD:AD,7.0,135.0,3.2844,53.0,0.0,100.0,17.07,19.13,20.03,20.48,112.4,134.38,136.09,136.37,136.45,0.51,45.94,22.62,321.0,2024-09-18 17:59:08.487147
00:13:A2:00:42:37:AD:AD,7.0,136.0,3.2844,53.0,0.0,100.0,10.03,11.55,12.33,12.72,65.22,78.57,79.92,80.15,80.21,0.53,43.7,22.39,329.0,2024-09-18 18:29:08.517493
00:13:A2:00:42:37:AD:AD,7.0,137.0,3.2844,53.0,0.0,100.0,8.01,8.91,9.26,9.44,52.98,63.19,63.91,64.03,64.06,0.48,42.05,22.18,358.0,2024-09-18 18:59:08.573028
00:13:A2:00:42:37:AD:AD,7.0,138.0,3.2844,53.0,0.0,100.0,6.98,8.51,9.43,9.9,44.16,54.11,55.57,55.83,55.9,0.62,40.97,21.96,353.0,2024-09-18 19:29:08.616111
00:13:A2:00:42:37:AD:AD,7.0,139.0,3.2844,53.0,0.0,100.0,11.14,11.78,11.78,11.78,75.28,88.62,88.96,88.98,89.0,0.44,40.26,21.76,360.0,2024-09-18 19:59:08.662832
00:13:A2:00:42:37:AD:AD,7.0,140.0,3.2844,53.0,0.0,100.0,5.67,7.05,7.91,8.34,35.54,43.82,45.15,45.39,45.45,0.61,39.67,21.58,365.0,2024-09-18 20:29:08.719896
00:13:A2:00:42:37:AD:AD,7.0,141.0,3.2844,53.0,0.0,100.0,8.5,8.99,8.99,8.99,57.43,67.61,67.87,67.89,67.9,0.41,39.14,21.43,377.0,2024-09-18 20:59:23.759491
00:13:A2:00:42:37:AD:AD,7.0,142.0,3.2844,53.0,0.0,100.0,9.06,9.58,9.58,9.58,61.19,72.04,72.31,72.33,72.34,0.43,39.07,21.3,397.0,2024-09-18 21:29:08.797260
00:13:A2:00:42:37:AD:AD,7.0,143.0,3.2844,53.0,0.0,100.0,8.16,11.94,14.67,16.04,46.24,60.72,64.62,65.37,65.54,0.85,38.93,21.18,413.0,2024-09-18 21:59:08.850269
00:13:A2:00:42:37:AD:AD,7.0,162.0,3.2844,53.0,0.0,100.0,3.92,4.15,4.15,4.15,26.52,31.22,31.34,31.35,31.35,0.37,51.72,22.67,432.0,2024-09-19 07:29:09.674775
00:13:A2:00:42:37:AD:AD,7.0,163.0,3.2844,53.0,0.0,100.0,4.34,4.79,4.96,5.04,28.77,34.25,34.61,34.66,34.68,0.54,52.65,22.71,758.0,2024-09-19 07:59:09.726400
00:13:A2:00:42:37:AD:AD,7.0,164.0,3.2844,53.0,0.0,100.0,7.29,9.96,11.83,12.76,43.21,55.15,57.86,58.38,58.49,0.77,56.26,23.37,1753.0,2024-09-19 08:29:09.786254
00:13:A2:00:42:37:AD:AD,7.0,165.0,3.2844,53.0,0.0,100.0,11.69,12.36,12.36,12.36,78.98,92.97,93.33,93.35,93.37,0.44,55.69,24.08,1899.0,2024-09-19 08:59:09.818474
00:13:A2:00:42:37:AD:AD,7.0,166.0,3.2844,53.0,0.0,100.0,10.72,12.09,12.7,13.01,70.44,84.34,85.49,85.68,85.73,0.49,54.19,24.64,1713.0,2024-09-19 09:29:09.876902
00:13:A2:00:42:37:AD:AD,7.0,167.0,3.2844,53.0,0.0,100.0,9.68,10.24,10.24,10.24,65.4,76.99,77.28,77.3,77.32,0.44,54.06,25.2,1824.0,2024-09-19 09:59:09.907023
00:13:A2:00:42:37:AD:AD,7.0,168.0,3.2844,53.0,0.0,100.0,9.51,10.06,10.06,10.06,64.29,75.68,75.97,75.99,76.01,0.42,54.66,25.73,1941.0,2024-09-19 10:29:09.934973
00:13:A2:00:42:37:AD:AD,7.0,169.0,3.2844,53.0,0.0,100.0,9.85,10.81,11.14,11.31,65.47,77.83,78.57,78.68,78.71,0.5,51.71,25.87,1077.0,2024-09-19 10:59:09.990841
00:13:A2:00:42:37:AD:AD,7.0,170.0,3.2844,53.0,0.0,100.0,18.43,19.48,19.48,19.48,124.47,146.53,147.08,147.12,147.15,0.44,50.37,25.51,691.0,2024-09-19 11:29:10.042882
00:13:A2:00:42:37:AD:AD,7.0,171.0,3.2844,53.0,0.0,100.0,16.99,17.96,17.96,17.96,114.75,135.09,135.6,135.64,135.66,0.44,51.86,25.19,832.0,2024-09-19 11:59:25.080772
00:13:A2:00:42:37:AD:AD,7.0,172.0,3.2844,53.0,0.0,100.0,11.71,12.39,12.39,12.39,79.15,93.17,93.53,93.55,93.57,0.39,52.03,25.33,823.0,2024-09-19 12:29:10.122846
00:13:A2:00:42:37:AD:AD,7.0,173.0,3.2844,53.0,0.0,100.0,10.94,11.56,11.56,11.56,73.88,86.98,87.31,87.33,87.35,0.41,51.96,25.58,886.0,2024-09-19 12:59:10.167858
00:13:A2:00:42:37:AD:AD,7.0,174.0,3.2844,53.0,0.0,100.0,8.69,9.19,9.19,9.19,58.75,69.16,69.42,69.44,69.45,0.43,50.71,25.79,736.0,2024-09-19 13:29:10.198784
00:13:A2:00:42:37:AD:AD,7.0,175.0,3.2844,53.0,0.0,100.0,16.14,17.07,17.07,17.07,109.04,128.37,128.86,128.89,128.91,0.45,49.93,25.98,582.0,2024-09-19 13:59:10.264021
00:13:A2:00:42:37:AD:AD,7.0,176.0,3.2844,53.0,0.0,100.0,10.97,11.61,11.61,11.61,74.15,87.29,87.62,87.65,87.66,0.45,48.41,26.08,521.0,2024-09-19 14:29:10.303196
00:13:A2:00:42:37:AD:AD,7.0,177.0,3.2844,53.0,0.0,100.0,9.69,10.76,11.18,11.39,64.08,76.41,77.27,77.4,77.44,0.47,46.99,25.98,469.0,2024-09-19 14:59:10.359
00:13:A2:00:42:37:AD:AD,7.0,178.0,3.2844,53.0,0.0,100.0,10.22,10.81,10.81,10.81,69.05,81.29,81.6,81.62,81.64,0.43,45.49,25.79,313.0,2024-09-19 15:29:10.401565
00:13:A2:00:42:37:AD:AD,7.0,179.0,3.2844,53.0,0.0,100.0,7.34,8.19,8.55,8.73,48.43,57.83,58.53,58.64,58.67,0.5,45.94,25.6,296.0,2024-09-19 15:59:10.433658
00:13:A2:00:42:37:AD:AD,7.0,180.0,3.2844,53.0,0.0,100.0,8.35,9.85,10.7,11.12,53.7,65.15,66.53,66.78,66.84,0.55,46.48,25.46,278.0,2024-09-19 16:29:10.490744
00:13:A2:00:42:37:AD:AD,7.0,181.0,3.2844,53.0,0.0,100.0,15.6,17.02,17.45,17.66,104.01,123.42,124.47,124.62,124.67,0.52,47.79,25.32,282.0,2024-09-19 16:59:25.515856
00:13:A2:00:42:37:AD:AD,7.0,182.0,3.2844,53.0,0.0,100.0,11.92,13.72,14.65,15.11,77.52,93.38,94.98,95.25,95.32,0.57,48.17,25.19,299.0,2024-09-19 17:29:10.574006
00:13:A2:00:42:37:AD:AD,7.0,183.0,3.2844,53.0,0.0,100.0,10.81,11.74,11.99,12.11,72.23,85.6,86.27,86.36,86.39,0.47,48.68,25.05,319.0,2024-09-19 17:59:10.597123
00:13:A2:00:42:37:AD:AD,7.0,184.0,3.2844,53.0,0.0,100.0,10.52,11.95,12.64,12.98,68.88,82.65,83.89,84.09,84.14,0.59,49.45,24.91,323.0,2024-09-19 18:29:10.634749
00:13:A2:00:42:37:AD:AD,7.0,185.0,3.2844,53.0,0.0,100.0,9.48,10.78,11.4,11.71,62.04,74.46,75.58,75.76,75.81,0.51,49.97,24.75,322.0,2024-09-19 18:59:10.682281
00:13:A2:00:42:37:AD:AD,7.0,186.0,3.2844,53.0,0.0,100.0,8.54,9.69,10.23,10.5,55.91,67.07,68.06,68.22,68.26,0.56,50.63,24.63,373.0,2024-09-19 19:29:10.714288
00:13:A2:00:42:37:AD:AD,7.0,187.0,3.2844,53.0,0.0,100.0,14.16,15.71,16.33,16.63,93.67,111.67,112.92,113.11,113.17,0.49,51.17,24.51,382.0,2024-09-19 19:59:10.762496
00:13:A2:00:42:37:AD:AD,7.0,188.0,3.2844,53.0,0.0,100.0,10.06,12.34,13.75,14.46,63.35,77.82,80.02,80.41,80.51,0.69,51.45,24.41,394.0,2024-09-19 20:29:10.820434
00:13:A2:00:42:37:AD:AD,7.0,189.0,3.2844,53.0,0.0,100.0,9.45,10.34,10.62,10.76,62.94,74.74,75.4,75.5,75.53,0.49,51.69,24.33,385.0,2024-09-19 20:59:10.859814
00:13:A2:00:42:37:AD:AD,7.0,190.0,3.2844,53.0,0.0,100.0,9.85,11.62,12.61,13.11,63.31,76.81,78.44,78.73,78.8,0.6,51.85,24.22,407.0,2024-09-19 21:29:10.893559
00:13:A2:00:42:37:AD:AD,7.0,191.0,3.2844,53.0,0.0,100.0,7.18,8.28,8.84,9.12,46.7,56.27,57.24,57.41,57.45,0.56,52.17,24.15,401.0,2024-09-19 21:59:25.949763
00:13:A2:00:42:37:AD:AD,7.0,210.0,3.2844,53.0,0.0,100.0,2.5,2.64,2.64,2.64,16.89,19.88,19.95,19.96,19.96,0.42,50.69,23.72,417.0,2024-09-20 07:29:11.767211
00:13:A2:00:42:37:AD:AD,7.0,211.0,3.2844,53.0,0.0,100.0,6.37,8.21,9.42,10.03,39.12,48.84,50.66,51.0,51.08,0.66,47.17,23.57,635.0,2024-09-20 07:59:26.810763
00:13:A2:00:42:37:AD:AD,7.0,212.0,3.2844,53.0,0.0,100.0,1.93,2.51,2.89,3.09,11.81,14.79,15.36,15.47,15.5,0.65,48.33,23.77,1506.0,2024-09-20 08:29:11.861250
00:13:A2:00:42:37:AD:AD,7.0,213.0,3.2844,53.0,0.0,100.0,2.97,3.15,3.15,3.15,20.11,23.68,23.77,23.78,23.78,0.45,49.02,24.1,2516.0,2024-09-20 08:59:11.907222
00:13:A2:00:42:37:AD:AD,7.0,214.0,3.2844,53.0,0.0,100.0,2.99,4.17,5.0,5.42,17.54,22.56,23.76,23.99,24.04,0.76,49.97,24.43,3123.0,2024-09-20 09:29:11.936344
00:13:A2:00:42:37:AD:AD,7.0,215.0,3.2844,53.0,0.0,100.0,2.91,3.85,4.49,4.81,17.58,22.16,23.1,23.28,23.32,0.72,50.71,24.73,3911.0,2024-09-20 09:59:11.992041
00:13:A2:00:42:37:AD:AD,7.0,216.0,3.2844,53.0,0.0,100.0,1.26,1.7,2.01,2.17,7.5,9.54,10.0,10.08,10.1,0.74,49.98,24.94,4352.0,2024-09-20 10:29:12.046128
00:13:A2:00:42:37:AD:AD,7.0,217.0,3.2844,53.0,0.0,100.0,4.07,4.31,4.31,4.31,27.53,32.41,32.54,32.54,32.55,0.41,47.74,24.95,4105.0,2024-09-20 10:59:12.100003
00:13:A2:00:42:37:AD:AD,7.0,218.0,3.2844,53.0,0.0,100.0,4.58,5.28,5.64,5.82,29.76,35.86,36.48,36.59,36.62,0.55,46.17,24.84,4159.0,2024-09-20 11:29:12.119249
00:13:A2:00:42:37:AD:AD,7.0,219.0,3.2844,53.0,0.0,100.0,0.88,0.93,0.93,0.93,5.94,6.99,7.02,7.02,7.02,0.4,44.84,24.87,4200.0,2024-09-20 11:59:12.163562
00:13:A2:00:42:37:AD:AD,7.0,220.0,3.2844,53.0,0.0,100.0,1.33,1.59,1.75,1.82,8.53,10.4,10.64,10.69,10.7,0.59,43.97,24.9,4195.0,2024-09-20 12:29:12.202906
00:13:A2:00:42:37:AD:AD,7.0,221.0,3.2844,53.0,0.0,100.0,2.56,2.71,2.71,2.71,17.33,20.4,20.48,20.49,20.49,0.44,42.64,24.81,3951.0,2024-09-20 12:59:27.249727
00:13:A2:00:42:37:AD:AD,7.0,222.0,3.2844,53.0,0.0,100.0,1.22,1.67,1.98,2.14,7.29,9.29,9.74,9.83,9.85,0.5,41.73,24.56,3672.0,2024-09-20 13:29:12.289453
00:13:A2:00:42:37:AD:AD,7.0,223.0,3.2844,53.0,0.0,100.0,0.81,0.85,0.85,0.85,5.47,6.44,6.47,6.47,6.47,0.37,44.01,24.49,3960.0,2024-09-20 13:59:12.330553
00:13:A2:00:42:37:AD:AD,7.0,224.0,3.2844,53.0,0.0,100.0,1.31,1.66,1.88,1.99,8.14,10.1,10.44,10.5,10.52,0.59,46.12,24.64,4503.0,2024-09-20 14:29:12.389241
00:13:A2:00:42:37:AD:AD,7.0,225.0,3.2844,53.0,0.0,100.0,2.27,3.64,4.68,5.19,11.98,16.48,17.92,18.21,18.27,0.73,48.25,24.85,4995.0,2024-09-20 14:59:12.434915
00:13:A2:00:42:37:AD:AD,7.0,226.0,3.2844,53.0,0.0,100.0,0.88,0.93,0.93,0.93,5.99,7.05,7.07,7.08,7.08,0.35,49.08,25.0,5120.0,2024-09-20 15:29:12.466288
00:13:A2:00:42:37:AD:AD,7.0,227.0,3.2844,53.0,0.0,100.0,2.34,2.78,3.03,3.16,14.98,18.22,18.63,18.7,18.72,0.49,47.94,25.16,5056.0,2024-09-20 15:59:12.515806
00:13:A2:00:42:37:AD:AD,7.0,228.0,3.2844,53.0,0.0,100.0,1.28,4.1,6.36,7.49,1.33,6.77,9.84,10.45,10.58,1.4,47.86,25.13,4505.0,2024-09-20 16:29:12.552021
00:13:A2:00:42:37:AD:AD,7.0,229.0,3.2844,53.0,0.0,100.0,2.92,3.08,3.08,3.08,19.72,23.21,23.3,23.31,23.31,0.44,47.86,25.05,4023.0,2024-09-20 16:59:12.592659
00:13:A2:00:42:37:AD:AD,7.0,230.0,3.2844,53.0,0.0,100.0,0.66,0.7,0.7,0.7,4.5,5.3,5.32,5.32,5.32,0.32,48.62,25.05,3583.0,2024-09-20 17:29:12.638899
00:13:A2:00:42:37:AD:AD,7.0,231.0,3.2844,53.0,0.0,100.0,1.81,2.1,2.25,2.33,11.73,14.17,14.43,14.47,14.49,0.62,48.78,25.01,2995.0,2024-09-20 17:59:27.675021
00:13:A2:00:42:37:AD:AD,7.0,232.0,3.2844,53.0,0.0,100.0,2.14,3.06,3.71,4.03,12.39,16.08,17.02,17.2,17.24,0.75,48.72,24.97,2739.0,2024-09-20 18:29:12.721354
00:13:A2:00:42:37:AD:AD,7.0,233.0,3.2844,53.0,0.0,100.0,5.27,6.5,7.27,7.65,33.09,40.72,41.91,42.13,42.18,0.53,48.75,24.88,2501.0,2024-09-20 18:59:12.767625
00:13:A2:00:42:37:AD:AD,7.0,234.0,3.2844,53.0,0.0,100.0,3.75,4.65,5.22,5.5,23.55,29.02,29.89,30.05,30.09,0.58,48.85,24.79,2317.0,2024-09-20 19:29:12.812615
00:13:A2:00:42:37:AD:AD,7.0,235.0,3.2844,53.0,0.0,100.0,2.59,2.74,2.74,2.74,17.52,20.62,20.7,20.71,20.71,0.38,48.97,24.67,2154.0,2024-09-20 19:59:12.850798
00:13:A2:00:42:37:AD:AD,7.0,236.0,3.2844,53.0,0.0,100.0,2.21,2.51,2.66,2.74,14.44,17.35,17.61,17.66,17.67,0.51,49.05,24.57,1968.0,2024-09-20 20:29:12.899685
00:13:A2:00:42:37:AD:AD,7.0,237.0,3.2844,53.0,0.0,100.0,1.9,2.01,2.01,2.01,12.87,15.16,15.22,15.22,15.22,0.46,49.18,24.47,1826.0,2024-09-20 20:59:12.939326
00:13:A2:00:42:37:AD:AD,7.0,238.0,3.2844,53.0,0.0,100.0,3.38,5.68,7.42,8.29,17.16,24.2,26.63,27.11,27.21,0.89,49.3,24.4,1696.0,2024-09-20 21:29:12.975532
00:13:A2:00:42:37:AD:AD,7.0,239.0,3.2844,53.0,0.0,100.0,3.07,3.25,3.25,3.25,20.78,24.47,24.56,24.57,24.57,0.46,49.37,24.3,1539.0,2024-09-20 21:59:13.022711
00:13:A2:00:42:37:AD:AD,7.0,3.0,3.2844,53.0,0.0,100.0,0.9,1.18,1.36,1.45,5.51,6.91,7.18,7.24,7.25,0.68,49.4,23.7,587.0,2024-09-21 07:29:13.876836
00:13:A2:00:42:37:AD:AD,7.0,4.0,3.2844,53.0,0.0,100.0,0.68,0.72,0.72,0.72,4.63,5.46,5.48,5.48,5.48,0.37,49.38,23.69,560.0,2024-09-21 07:59:13.905531
00:13:A2:00:42:37:AD:AD,7.0,5.0,3.2844,53.0,0.0,100.0,0.63,0.87,1.04,1.13,3.74,4.79,5.04,5.08,5.09,0.74,49.3,23.7,557.0,2024-09-21 08:29:13.937524
00:13:A2:00:42:37:AD:AD,7.0,6.0,3.2844,53.0,0.0,100.0,0.73,0.99,1.17,1.26,4.34,5.53,5.79,5.84,5.85,0.72,49.19,23.72,541.0,2024-09-21 08:59:28.978726
00:13:A2:00:42:37:AD:AD,7.0,7.0,3.2844,53.0,0.0,100.0,0.61,0.65,0.65,0.65,4.16,4.9,4.92,4.92,4.92,0.44,49.1,23.78,525.0,2024-09-21 09:29:14.026837
00:13:A2:00:42:37:AD:AD,7.0,8.0,3.2844,53.0,0.0,100.0,1.2,1.6,1.87,2.01,7.28,9.2,9.6,9.67,9.69,0.6,48.99,23.79,494.0,2024-09-21 09:59:14.073672
00:13:A2:00:42:37:AD:AD,7.0,9.0,3.2844,53.0,0.0,100.0,0.7,0.91,1.05,1.12,4.28,5.37,5.58,5.61,5.62,0.7,48.89,23.81,508.0,2024-09-21 10:29:14.153513
00:13:A2:00:42:37:AD:AD,7.0,10.0,3.2844,53.0,0.0,100.0,0.6,1.22,1.7,1.94,2.54,4.09,4.75,4.88,4.91,1.14,48.76,23.86,460.0,2024-09-21 10:59:14.180442
00:13:A2:00:42:37:AD:AD,7.0,11.0,3.2844,53.0,0.0,100.0,1.78,1.88,1.88,1.88,12.04,14.17,14.23,14.23,14.23,0.34,48.64,23.94,476.0,2024-09-21 11:29:14.208320
00:13:A2:00:42:37:AD:AD,7.0,12.0,3.2844,53.0,0.0,100.0,1.66,2.14,2.45,2.61,10.25,12.79,13.25,13.34,13.36,0.51,48.47,23.96,449.0,2024-09-21 11:59:14.239711
00:13:A2:00:42:37:AD:AD,7.0,13.0,3.2844,53.0,0.0,100.0,0.88,3.11,4.9,5.8,0.16,4.31,6.74,7.22,7.33,1.62,48.34,24.02,444.0,2024-09-21 12:29:14.292890
00:13:A2:00:42:37:AD:AD,7.0,14.0,3.2844,53.0,0.0,100.0,1.09,2.55,3.7,4.28,3.63,6.92,8.5,8.81,8.88,1.24,48.19,24.07,436.0,2024-09-21 12:59:14.336363
00:13:A2:00:42:37:AD:AD,7.0,15.0,3.2844,53.0,0.0,100.0,1.81,1.91,1.91,1.91,12.25,14.42,14.47,14.48,14.48,0.39,48.06,24.09,444.0,2024-09-21 13:29:14.383295
00:13:A2:00:42:37:AD:AD,7.0,16.0,3.2844,53.0,0.0,100.0,1.79,1.89,1.89,1.89,12.1,14.25,14.3,14.31,14.31,0.43,47.89,24.11,419.0,2024-09-21 13:59:29.430816
00:13:A2:00:42:37:AD:AD,7.0,17.0,3.2844,53.0,0.0,100.0,0.58,1.11,1.52,1.72,2.61,4.02,4.58,4.7,4.72,0.99,47.76,24.15,396.0,2024-09-21 14:29:14.462336
00:13:A2:00:42:37:AD:AD,7.0,18.0,3.2844,53.0,0.0,100.0,0.66,0.69,0.69,0.69,4.46,5.25,5.27,5.27,5.27,0.34,47.72,24.18,397.0,2024-09-21 14:59:14.515122
00:13:A2:00:42:37:AD:AD,7.0,19.0,3.2844,53.0,0.0,100.0,0.61,0.64,0.64,0.64,4.13,4.86,4.88,4.88,4.88,0.39,47.62,24.19,395.0,2024-09-21 15:29:14.558957
00:13:A2:00:42:37:AD:AD,7.0,20.0,3.2844,53.0,0.0,100.0,2.46,2.61,2.61,2.61,16.67,19.62,19.7,19.7,19.71,0.33,47.58,24.2,381.0,2024-09-21 15:59:14.584279
00:13:A2:00:42:37:AD:AD,7.0,21.0,3.2844,53.0,0.0,100.0,1.8,2.23,2.51,2.64,11.31,13.94,14.36,14.43,14.45,0.51,47.49,24.23,402.0,2024-09-21 16:29:14.639585
00:13:A2:00:42:37:AD:AD,7.0,22.0,3.2844,53.0,0.0,100.0,1.7,2.22,2.57,2.74,10.38,13.02,13.54,13.64,13.66,0.55,47.36,24.2,399.0,2024-09-21 16:59:14.680458
00:13:A2:00:42:37:AD:AD,7.0,23.0,3.2844,53.0,0.0,100.0,1.15,1.52,1.77,1.89,6.99,8.8,9.17,9.23,9.25,0.51,47.34,24.22,386.0,2024-09-21 17:29:14.730061
00:13:A2:00:42:37:AD:AD,7.0,24.0,3.2844,53.0,0.0,100.0,0.68,0.8,0.88,0.91,4.38,5.32,5.44,5.46,5.46,0.48,47.33,24.23,356.0,2024-09-21 17:59:14.769626
00:13:A2:00:42:37:AD:AD,7.0,25.0,3.2844,53.0,0.0,100.0,0.59,0.62,0.62,0.62,4.01,4.73,4.74,4.74,4.75,0.42,47.3,24.22,380.0,2024-09-21 18:29:14.814642
00:13:A2:00:42:37:AD:AD,7.0,26.0,3.2844,53.0,0.0,100.0,0.59,0.62,0.62,0.62,3.99,4.7,4.72,4.72,4.72,0.46,47.31,24.16,373.0,2024-09-21 18:59:29.862366
00:13:A2:00:42:37:AD:AD,7.0,27.0,3.2844,53.0,0.0,100.0,1.11,1.78,2.28,2.53,5.93,8.13,8.83,8.97,9.0,0.52,47.3,24.15,368.0,2024-09-21 19:29:14.904087
00:13:A2:00:42:37:AD:AD,7.0,28.0,3.2844,53.0,0.0,100.0,1.19,1.26,1.26,1.26,8.1,9.53,9.57,9.57,9.57,0.32,47.35,24.09,369.0,2024-09-21 19:59:14.941183
00:13:A2:00:42:37:AD:AD,7.0,29.0,3.2844,53.0,0.0,100.0,0.56,0.84,1.05,1.15,3.16,4.19,4.48,4.54,4.55,0.67,47.44,24.03,381.0,2024-09-21 20:29:14.982189
00:13:A2:00:42:37:AD:AD,7.0,30.0,3.2844,53.0,0.0,100.0,1.11,1.18,1.18,1.18,7.55,8.88,8.92,8.92,8.92,0.46,47.47,24.01,382.0,2024-09-21 20:59:15.028804
00:13:A2:00:42:37:AD:AD,7.0,31.0,3.2844,53.0,0.0,100.0,0.56,0.59,0.59,0.59,3.83,4.5,4.52,4.52,4.52,0.27,47.51,23.95,384.0,2024-09-21 21:29:15.077043
00:13:A2:00:42:37:AD:AD,7.0,32.0,3.2844,53.0,0.0,100.0,1.67,2.34,2.82,3.06,9.73,12.56,13.25,13.38,13.41,0.53,47.54,23.91,350.0,2024-09-21 21:59:15.109324
00:13:A2:00:42:37:AD:AD,7.0,61.0,3.2844,53.0,0.0,100.0,0.68,0.72,0.72,0.72,4.6,5.41,5.44,5.44,5.44,0.4,45.99,23.67,355.0,2024-09-22 12:29:16.396174
00:13:A2:00:42:37:AD:AD,7.0,62.0,3.2844,53.0,0.0,100.0,0.53,1.44,2.18,2.55,1.19,3.09,4.08,4.28,4.33,1.25,45.89,23.72,351.0,2024-09-22 12:59:16.435970
00:13:A2:00:42:37:AD:AD,7.0,63.0,3.2844,53.0,0.0,100.0,0.99,2.54,3.77,4.38,2.72,6.03,7.71,8.04,8.11,1.36,45.8,23.78,346.0,2024-09-22 13:29:16.487332
00:13:A2:00:42:37:AD:AD,7.0,64.0,3.2844,53.0,0.0,100.0,0.61,0.82,0.96,1.03,3.69,4.67,4.88,4.92,4.93,0.65,45.68,23.83,340.0,2024-09-22 13:59:16.516270
00:13:A2:00:42:37:AD:AD,7.0,65.0,3.2844,53.0,0.0,100.0,0.64,0.68,0.68,0.68,4.38,5.15,5.17,5.17,5.17,0.29,45.57,23.83,349.0,2024-09-22 14:29:16.575317
00:13:A2:00:42:37:AD:AD,7.0,66.0,3.2844,53.0,0.0,100.0,0.62,0.81,0.93,1.0,3.82,4.78,4.97,5.0,5.01,0.48,45.48,23.88,339.0,2024-09-22 14:59:31.606614
00:13:A2:00:42:37:AD:AD,7.0,67.0,3.2844,53.0,0.0,100.0,1.22,1.29,1.29,1.29,8.26,9.73,9.77,9.77,9.77,0.36,45.41,23.93,328.0,2024-09-22 15:29:16.650098
00:13:A2:00:42:37:AD:AD,7.0,68.0,3.2844,53.0,0.0,100.0,0.55,1.09,1.51,1.72,2.36,3.74,4.32,4.44,4.46,0.66,45.35,23.92,318.0,2024-09-22 15:59:16.692245
00:13:A2:00:42:37:AD:AD,7.0,69.0,3.2844,53.0,0.0,100.0,0.64,0.68,0.68,0.68,4.36,5.13,5.15,5.15,5.15,0.43,45.33,23.92,346.0,2024-09-22 16:29:16.738195
00:13:A2:00:42:37:AD:AD,7.0,70.0,3.2844,53.0,0.0,100.0,1.74,1.84,1.84,1.84,11.75,13.84,13.89,13.89,13.9,0.4,45.27,23.92,340.0,2024-09-22 16:59:16.786734
00:13:A2:00:42:37:AD:AD,7.0,71.0,3.2844,53.0,0.0,100.0,0.64,0.78,0.87,0.91,4.03,4.95,5.09,5.11,5.12,0.51,45.28,23.95,342.0,2024-09-22 17:29:16.830772
00:13:A2:00:42:37:AD:AD,7.0,72.0,3.2844,53.0,0.0,100.0,0.6,0.64,0.64,0.64,4.1,4.82,4.84,4.84,4.84,0.34,45.23,23.98,321.0,2024-09-22 17:59:16.862894
00:13:A2:00:42:37:AD:AD,7.0,73.0,3.2844,53.0,0.0,100.0,0.57,1.1,1.52,1.72,2.54,3.94,4.51,4.63,4.65,0.93,45.19,23.97,326.0,2024-09-22 18:29:16.903666
00:13:A2:00:42:37:AD:AD,7.0,74.0,3.2844,53.0,0.0,100.0,0.62,0.65,0.65,0.65,4.21,4.95,4.97,4.97,4.97,0.38,45.13,23.94,342.0,2024-09-22 18:59:16.947104
00:13:A2:00:42:37:AD:AD,7.0,75.0,3.2844,53.0,0.0,100.0,0.66,0.7,0.7,0.7,4.5,5.29,5.31,5.32,5.32,0.36,45.15,23.91,340.0,2024-09-22 19:29:17.005229
00:13:A2:00:42:37:AD:AD,7.0,76.0,3.2844,53.0,0.0,100.0,1.22,1.54,1.75,1.85,7.59,9.42,9.73,9.79,9.8,0.55,45.16,23.84,319.0,2024-09-22 19:59:32.036083
00:13:A2:00:42:37:AD:AD,7.0,77.0,3.2844,53.0,0.0,100.0,1.6,3.16,4.36,4.97,6.94,10.94,12.6,12.93,13.0,1.09,45.13,23.81,319.0,2024-09-22 20:29:17.078240
00:13:A2:00:42:37:AD:AD,7.0,78.0,3.2844,53.0,0.0,100.0,0.64,0.67,0.67,0.67,4.33,5.09,5.11,5.12,5.12,0.46,45.14,23.76,340.0,2024-09-22 20:59:17.140635
00:13:A2:00:42:37:AD:AD,7.0,79.0,3.2844,53.0,0.0,100.0,1.16,1.93,2.5,2.79,6.01,8.4,9.2,9.36,9.39,0.8,45.19,23.7,334.0,2024-09-22 21:29:17.180453
00:13:A2:00:42:37:AD:AD,7.0,80.0,3.2844,53.0,0.0,100.0,0.6,1.08,1.45,1.63,2.89,4.25,4.76,4.86,4.88,0.88,45.19,23.66,337.0,2024-09-22 21:59:17.215498
00:13:A2:00:42:37:AD:AD,7.0,81.0,3.2844,53.0,0.0,100.0,1.04,1.1,1.1,1.1,7.05,8.3,8.33,8.34,8.34,0.4,45.24,23.63,322.0,2024-09-22 22:29:17.268032
00:13:A2:00:42:37:AD:AD,7.0,82.0,3.2844,53.0,0.0,100.0,1.26,1.33,1.33,1.33,8.51,10.01,10.05,10.05,10.06,0.44,45.23,23.57,332.0,2024-09-22 22:59:17.314753
00:13:A2:00:42:37:AD:AD,7.0,83.0,3.2844,53.0,0.0,100.0,1.18,1.47,1.65,1.74,7.43,9.16,9.43,9.49,9.5,0.47,45.22,23.53,306.0,2024-09-22 23:29:17.348578
00:13:A2:00:42:37:AD:AD,7.0,84.0,3.2844,53.0,0.0,100.0,0.63,0.67,0.67,0.67,4.3,5.06,5.08,5.08,5.08,0.46,45.25,23.51,312.0,2024-09-22 23:59:17.398014
00:13:A2:00:42:37:AD:AD,7.0,85.0,3.2844,53.0,0.0,100.0,0.71,0.75,0.75,0.75,4.83,5.68,5.7,5.71,5.71,0.47,45.25,23.49,322.0,2024-09-23 00:29:17.427707
00:13:A2:00:42:37:AD:AD,7.0,86.0,3.2844,53.0,0.0,100.0,1.23,1.31,1.31,1.31,8.37,9.85,9.89,9.89,9.89,0.39,45.21,23.46,334.0,2024-09-23 00:59:32.482353
00:13:A2:00:42:37:AD:AD,7.0,87.0,3.2844,53.0,0.0,100.0,1.15,1.54,1.82,1.96,6.87,8.72,9.12,9.2,9.22,0.63,45.18,23.46,318.0,2024-09-23 01:29:17.537443
00:13:A2:00:42:37:AD:AD,7.0,89.0,3.2844,53.0,0.0,100.0,1.21,2.05,2.68,3.0,6.16,8.71,9.59,9.77,9.8,0.71,45.15,23.37,314.0,2024-09-23 02:29:17.617105
00:13:A2:00:42:37:AD:AD,7.0,90.0,3.2844,53.0,0.0,100.0,0.68,0.96,1.16,1.26,4.0,5.17,5.45,5.51,5.52,0.72,45.14,23.36,327.0,2024-09-23 02:59:17.646607
00:13:A2:00:42:37:AD:AD,7.0,91.0,3.2844,53.0,0.0,100.0,0.65,0.69,0.69,0.69,4.44,5.23,5.25,5.25,5.25,0.29,45.09,23.33,322.0,2024-09-23 03:29:17.688803
00:13:A2:00:42:37:AD:AD,7.0,92.0,3.2844,53.0,0.0,100.0,0.71,0.75,0.75,0.75,4.83,5.69,5.71,5.71,5.71,0.42,45.06,23.3,335.0,2024-09-23 03:59:17.734908
00:13:A2:00:42:37:AD:AD,7.0,93.0,3.2844,53.0,0.0,100.0,1.21,1.58,1.83,1.95,7.41,9.29,9.66,9.72,9.74,0.58,45.04,23.28,309.0,2024-09-23 04:29:17.781472
00:13:A2:00:42:37:AD:AD,7.0,94.0,3.2844,53.0,0.0,100.0,2.33,2.61,2.73,2.79,15.38,18.38,18.61,18.65,18.66,0.48,44.98,23.25,319.0,2024-09-23 04:59:17.833905
00:13:A2:00:42:37:AD:AD,7.0,95.0,3.2844,53.0,0.0,100.0,1.25,1.59,1.82,1.93,7.77,9.66,9.99,10.06,10.07,0.64,44.96,23.24,314.0,2024-09-23 05:29:17.879279
00:13:A2:00:42:37:AD:AD,7.0,96.0,3.2844,53.0,0.0,100.0,0.71,0.95,1.12,1.21,4.27,5.41,5.66,5.71,5.72,0.61,44.89,23.23,333.0,2024-09-23 05:59:32.919633
00:13:A2:00:42:37:AD:AD,7.0,97.0,3.2844,53.0,0.0,100.0,1.25,1.56,1.76,1.86,7.82,9.66,9.96,10.02,10.03,0.58,44.69,23.21,304.0,2024-09-23 06:29:17.960099
00:13:A2:00:42:37:AD:AD,7.0,98.0,3.2844,53.0,0.0,100.0,0.67,0.71,0.71,0.71,4.56,5.37,5.39,5.39,5.39,0.4,44.42,23.15,348.0,2024-09-23 06:59:18.008267
00:13:A2:00:42:37:AD:AD,7.0,99.0,3.2844,53.0,0.0,100.0,1.21,1.43,1.55,1.61,7.78,9.45,9.65,9.69,9.7,0.55,44.21,23.14,342.0,2024-09-23 07:29:18.051154
00:13:A2:00:42:37:AD:AD,7.0,100.0,3.2844,53.0,0.0,100.0,0.59,1.24,1.76,2.02,2.31,3.9,4.61,4.75,4.78,1.08,43.86,23.12,337.0,2024-09-23 07:59:18.100171
00:13:A2:00:42:37:AD:AD,7.0,101.0,3.2844,53.0,0.0,100.0,1.23,1.3,1.3,1.3,8.33,9.81,9.85,9.85,9.85,0.29,43.56,23.1,380.0,2024-09-23 08:29:18.146090
00:13:A2:00:42:37:AD:AD,7.0,102.0,3.2844,53.0,0.0,100.0,1.11,2.09,2.84,3.22,5.08,7.71,8.76,8.96,9.01,1.03,43.24,23.12,435.0,2024-09-23 08:59:18.189178
00:13:A2:00:42:37:AD:AD,7.0,103.0,3.2844,53.0,0.0,100.0,0.67,0.71,0.71,0.71,4.54,5.34,5.37,5.37,5.37,0.37,43.04,23.13,478.0,2024-09-23 09:29:18.224575
00:13:A2:00:42:37:AD:AD,7.0,104.0,3.2844,53.0,0.0,100.0,1.74,2.39,2.85,3.07,10.27,13.14,13.8,13.93,13.96,0.74,43.33,23.19,691.0,2024-09-23 09:59:18.262995
00:13:A2:00:42:37:AD:AD,7.0,105.0,3.2844,53.0,0.0,100.0,0.81,0.86,0.86,0.86,5.52,6.5,6.53,6.53,6.53,0.41,44.96,23.4,968.0,2024-09-23 10:29:18.312791
00:13:A2:00:42:37:AD:AD,7.0,106.0,3.2844,53.0,0.0,100.0,3.02,3.87,4.43,4.71,18.61,23.19,24.03,24.19,24.22,0.64,48.07,23.77,1345.0,2024-09-23 10:59:33.350618
00:13:A2:00:42:37:AD:AD,7.0,107.0,3.2844,53.0,0.0,100.0,5.21,5.51,5.51,5.51,35.2,41.44,41.6,41.61,41.62,0.39,49.15,24.17,1509.0,2024-09-23 11:29:18.417719
00:13:A2:00:42:37:AD:AD,7.0,108.0,3.2844,53.0,0.0,100.0,2.09,2.42,2.59,2.67,13.56,16.36,16.66,16.71,16.72,0.51,49.39,24.51,1638.0,2024-09-23 11:59:18.442349
00:13:A2:00:42:37:AD:AD,7.0,109.0,3.2844,53.0,0.0,100.0,1.98,2.1,2.1,2.1,13.43,15.82,15.88,15.88,15.88,0.41,49.16,24.85,1682.0,2024-09-23 12:29:18.479419
00:13:A2:00:42:37:AD:AD,7.0,110.0,3.2844,53.0,0.0,100.0,4.14,5.2,5.87,6.21,25.8,31.92,32.95,33.14,33.19,0.71,47.7,25.07,1525.0,2024-09-23 12:59:18.545282
00:13:A2:00:42:37:AD:AD,7.0,111.0,3.2844,53.0,0.0,100.0,3.05,3.53,3.77,3.9,19.83,23.92,24.34,24.41,24.43,0.47,45.16,25.08,1128.0,2024-09-23 13:29:18.570309
00:13:A2:00:42:37:AD:AD,7.0,112.0,3.2844,53.0,0.0,100.0,4.74,5.42,5.76,5.92,30.95,37.21,37.8,37.9,37.93,0.51,43.32,25.03,878.0,2024-09-23 13:59:18.610488
00:13:A2:00:42:37:AD:AD,7.0,113.0,3.2844,53.0,0.0,100.0,2.48,2.62,2.62,2.62,16.75,19.72,19.79,19.8,19.8,0.44,42.4,25.0,805.0,2024-09-23 14:29:18.665831
00:13:A2:00:42:37:AD:AD,7.0,114.0,3.2844,53.0,0.0,100.0,2.48,2.94,3.19,3.32,15.93,19.35,19.77,19.85,19.87,0.48,41.68,24.96,757.0,2024-09-23 14:59:18.694133
00:13:A2:00:42:37:AD:AD,7.0,115.0,3.2844,53.0,0.0,100.0,2.03,2.2,2.25,2.27,13.59,16.11,16.23,16.24,16.25,0.53,40.96,24.92,678.0,2024-09-23 15:29:18.750504
00:13:A2:00:42:37:AD:AD,7.0,116.0,3.2844,53.0,0.0,100.0,2.26,2.39,2.39,2.39,15.31,18.03,18.1,18.1,18.1,0.44,39.85,24.87,548.0,2024-09-23 15:59:33.799882
00:13:A2:00:42:37:AD:AD,7.0,117.0,3.2844,53.0,0.0,100.0,5.39,6.33,6.84,7.1,34.79,42.14,42.99,43.14,43.18,0.53,39.97,24.81,566.0,2024-09-23 16:29:18.844321
00:13:A2:00:42:37:AD:AD,7.0,118.0,3.2844,53.0,0.0,100.0,2.95,4.91,6.39,7.13,15.1,21.18,23.25,23.66,23.75,0.85,40.2,24.65,572.0,2024-09-23 16:59:18.878050
00:13:A2:00:42:37:AD:AD,7.0,119.0,3.2844,53.0,0.0,100.0,3.13,3.67,3.98,4.13,20.17,24.44,24.94,25.03,25.05,0.57,40.46,24.47,580.0,2024-09-23 17:29:18.917687
00:13:A2:00:42:37:AD:AD,7.0,120.0,3.2844,53.0,0.0,100.0,3.01,3.19,3.19,3.19,20.39,24.0,24.1,24.1,24.11,0.36,40.84,24.32,631.0,2024-09-23 17:59:18.954058
00:13:A2:00:42:37:AD:AD,7.0,121.0,3.2844,53.0,0.0,100.0,1.95,2.21,2.34,2.4,12.83,15.39,15.61,15.65,15.66,0.59,41.17,24.2,622.0,2024-09-23 18:29:19.012102
00:13:A2:00:42:37:AD:AD,7.0,122.0,3.2844,53.0,0.0,100.0,1.82,2.31,2.63,2.79,11.25,13.98,14.47,14.55,14.58,0.57,41.48,24.08,640.0,2024-09-23 18:59:19.060624
00:13:A2:00:42:37:AD:AD,7.0,123.0,3.2844,53.0,0.0,100.0,1.29,1.66,1.91,2.03,7.94,9.91,10.28,10.35,10.36,0.54,41.77,23.99,636.0,2024-09-23 19:29:19.098141
00:13:A2:00:42:37:AD:AD,7.0,124.0,3.2844,53.0,0.0,100.0,2.4,2.54,2.54,2.54,16.27,19.15,19.22,19.23,19.23,0.35,42.03,23.88,635.0,2024-09-23 19:59:19.137703
00:13:A2:00:42:37:AD:AD,7.0,125.0,3.2844,53.0,0.0,100.0,1.22,1.55,1.75,1.86,7.62,9.45,9.76,9.82,9.84,0.47,42.26,23.81,643.0,2024-09-23 20:29:19.179560
00:13:A2:00:42:37:AD:AD,7.0,126.0,3.2844,53.0,0.0,100.0,2.39,2.53,2.53,2.53,16.19,19.06,19.13,19.14,19.14,0.45,42.56,23.75,625.0,2024-09-23 20:59:34.229812
00:13:A2:00:42:37:AD:AD,7.0,127.0,3.2844,53.0,0.0,100.0,2.48,2.76,2.87,2.92,16.45,19.61,19.84,19.87,19.88,0.47,42.64,23.73,621.0,2024-09-23 21:29:19.272526
00:13:A2:00:42:37:AD:AD,7.0,128.0,3.2844,53.0,0.0,100.0,0.78,0.96,1.06,1.12,4.97,6.09,6.26,6.29,6.3,0.59,42.8,23.67,607.0,2024-09-23 21:59:19.316124
00:13:A2:00:42:37:AD:AD,7.0,147.0,3.2844,53.0,0.0,100.0,1.23,1.44,1.56,1.62,7.98,9.66,9.85,9.89,9.9,0.5,44.12,23.11,429.0,2024-09-24 07:29:20.154474
00:13:A2:00:42:37:AD:AD,7.0,148.0,3.2844,53.0,0.0,100.0,0.74,0.88,0.96,1.0,4.77,5.8,5.93,5.96,5.96,0.65,44.02,23.08,429.0,2024-09-24 07:59:20.192332
00:13:A2:00:42:37:AD:AD,7.0,149.0,3.2844,53.0,0.0,100.0,0.63,1.05,1.36,1.52,3.24,4.54,4.98,5.07,5.09,0.66,43.96,23.09,457.0,2024-09-24 08:29:20.229908
00:13:A2:00:42:37:AD:AD,7.0,150.0,3.2844,53.0,0.0,100.0,1.82,2.14,2.32,2.41,11.74,14.23,14.53,14.58,14.59,0.59,43.87,23.08,460.0,2024-09-24 08:59:20.275778
00:13:A2:00:42:37:AD:AD,7.0,151.0,3.2844,53.0,0.0,100.0,0.96,3.35,5.28,6.25,0.19,4.67,7.28,7.81,7.92,1.62,43.91,23.1,479.0,2024-09-24 09:29:20.325464
00:13:A2:00:42:37:AD:AD,7.0,152.0,3.2844,53.0,0.0,100.0,1.74,3.13,4.19,4.72,8.35,12.27,13.74,14.03,14.09,0.97,43.96,23.13,512.0,2024-09-24 09:59:20.368246
00:13:A2:00:42:37:AD:AD,7.0,153.0,3.2844,53.0,0.0,100.0,1.22,1.6,1.85,1.98,7.41,9.31,9.69,9.76,9.78,0.67,44.02,23.16,533.0,2024-09-24 10:29:20.399797
00:13:A2:00:42:37:AD:AD,7.0,154.0,3.2844,53.0,0.0,100.0,1.83,1.93,1.93,1.93,12.36,14.55,14.6,14.61,14.61,0.45,44.11,23.2,579.0,2024-09-24 10:59:20.450179
00:13:A2:00:42:37:AD:AD,7.0,155.0,3.2844,53.0,0.0,100.0,2.36,2.5,2.5,2.5,15.96,18.79,18.86,18.87,18.87,0.46,44.17,23.24,566.0,2024-09-24 11:29:20.492491
00:13:A2:00:42:37:AD:AD,7.0,156.0,3.2844,53.0,0.0,100.0,2.81,3.38,3.72,3.89,17.94,21.9,22.43,22.53,22.55,0.47,45.26,23.36,851.0,2024-09-24 11:59:35.542697
00:13:A2:00:42:37:AD:AD,7.0,157.0,3.2844,53.0,0.0,100.0,1.83,2.54,3.04,3.29,10.76,13.82,14.54,14.68,14.71,0.65,46.22,23.52,1119.0,2024-09-24 12:29:20.589976
00:13:A2:00:42:37:AD:AD,7.0,158.0,3.2844,53.0,0.0,100.0,1.92,2.03,2.03,2.03,12.99,15.3,15.35,15.36,15.36,0.44,46.89,23.69,1291.0,2024-09-24 12:59:20.620749
00:13:A2:00:42:37:AD:AD,7.0,159.0,3.2844,53.0,0.0,100.0,4.63,5.33,5.69,5.86,30.13,36.29,36.91,37.02,37.04,0.49,47.18,23.85,1432.0,2024-09-24 13:29:20.679313
00:13:A2:00:42:37:AD:AD,7.0,160.0,3.2844,53.0,0.0,100.0,0.7,0.74,0.74,0.74,4.76,5.61,5.63,5.63,5.63,0.3,46.99,24.09,1828.0,2024-09-24 13:59:20.718270
00:13:A2:00:42:37:AD:AD,7.0,161.0,3.2844,53.0,0.0,100.0,0.74,1.01,1.19,1.28,4.4,5.61,5.88,5.94,5.95,0.64,44.87,24.32,2273.0,2024-09-24 14:29:20.768384
00:13:A2:00:42:37:AD:AD,7.0,162.0,3.2844,53.0,0.0,100.0,1.23,1.97,2.53,2.81,6.5,8.93,9.72,9.87,9.9,0.91,43.15,24.46,2558.0,2024-09-24 14:59:20.818145
00:13:A2:00:42:37:AD:AD,7.0,163.0,3.2844,53.0,0.0,100.0,1.22,1.37,1.44,1.48,8.06,9.64,9.77,9.79,9.8,0.55,41.94,24.47,2916.0,2024-09-24 15:29:20.857395
00:13:A2:00:42:37:AD:AD,7.0,164.0,3.2844,53.0,0.0,100.0,0.6,0.64,0.64,0.64,4.11,4.84,4.86,4.86,4.87,0.27,40.8,24.42,3045.0,2024-09-24 15:59:20.906056
00:13:A2:00:42:37:AD:AD,7.0,165.0,3.2844,53.0,0.0,100.0,0.63,0.97,1.22,1.34,3.48,4.67,5.02,5.09,5.1,0.85,40.04,24.32,3142.0,2024-09-24 16:29:20.934810
00:13:A2:00:42:37:AD:AD,7.0,166.0,3.2844,53.0,0.0,100.0,1.81,1.91,1.91,1.91,12.22,14.39,14.45,14.45,14.45,0.46,38.72,24.1,2962.0,2024-09-24 16:59:35.978648
00:13:A2:00:42:37:AD:AD,7.0,167.0,3.2844,53.0,0.0,100.0,0.5,1.83,2.9,3.44,0.0,2.37,3.82,4.11,4.17,1.62,38.99,24.16,2802.0,2024-09-24 17:29:21.012638
00:13:A2:00:42:37:AD:AD,7.0,168.0,3.2844,53.0,0.0,100.0,0.63,1.27,1.77,2.02,2.62,4.24,4.93,5.07,5.1,0.98,39.18,24.28,2564.0,2024-09-24 17:59:21.055071
00:13:A2:00:42:37:AD:AD,7.0,169.0,3.2844,53.0,0.0,100.0,0.58,1.05,1.41,1.6,2.74,4.06,4.57,4.67,4.69,0.65,39.18,24.34,2413.0,2024-09-24 18:29:21.098803
00:13:A2:00:42:37:AD:AD,7.0,170.0,3.2844,53.0,0.0,100.0,1.59,3.24,4.53,5.17,6.56,10.68,12.46,12.81,12.88,1.04,39.4,24.2,2257.0,2024-09-24 18:59:21.150484
00:13:A2:00:42:37:AD:AD,7.0,171.0,3.2844,53.0,0.0,100.0,0.74,0.78,0.78,0.78,5.02,5.91,5.94,5.94,5.94,0.4,39.7,24.03,2125.0,2024-09-24 19:29:21.178133
00:13:A2:00:42:37:AD:AD,7.0,172.0,3.2844,53.0,0.0,100.0,0.7,0.74,0.74,0.74,4.76,5.6,5.62,5.62,5.62,0.45,40.11,23.87,1949.0,2024-09-24 19:59:21.237028
00:13:A2:00:42:37:AD:AD,7.0,173.0,3.2844,53.0,0.0,100.0,2.85,3.45,3.82,4.0,18.05,22.1,22.67,22.78,22.8,0.53,40.89,23.73,1844.0,2024-09-24 20:29:21.283607
00:13:A2:00:42:37:AD:AD,7.0,174.0,3.2844,53.0,0.0,100.0,1.72,2.75,3.53,3.91,9.12,12.51,13.6,13.81,13.86,0.88,41.35,23.62,1717.0,2024-09-24 20:59:21.325442
00:13:A2:00:42:37:AD:AD,7.0,175.0,3.2844,53.0,0.0,100.0,0.62,1.16,1.58,1.79,2.84,4.31,4.89,5.0,5.02,0.81,41.67,23.51,1589.0,2024-09-24 21:29:21.371046
00:13:A2:00:42:37:AD:AD,7.0,176.0,3.2844,53.0,0.0,100.0,0.83,1.09,1.26,1.35,5.04,6.34,6.6,6.65,6.66,0.6,42.02,23.44,1470.0,2024-09-24 21:59:36.422654
00:13:A2:00:42:37:AD:AD,7.0,195.0,3.2844,53.0,0.0,100.0,1.68,2.7,3.46,3.84,8.94,12.26,13.33,13.54,13.58,0.7,43.21,22.88,542.0,2024-09-25 07:29:22.230337
00:13:A2:00:42:37:AD:AD,7.0,196.0,3.2844,53.0,0.0,100.0,0.6,0.89,1.1,1.21,3.35,4.44,4.74,4.8,4.82,0.68,43.6,23.17,652.0,2024-09-25 07:59:37.286418
00:13:A2:00:42:37:AD:AD,7.0,197.0,3.2844,53.0,0.0,100.0,0.83,1.13,1.33,1.44,4.94,6.29,6.59,6.65,6.66,0.73,44.95,23.66,1097.0,2024-09-25 08:29:22.331342
00:13:A2:00:42:37:AD:AD,7.0,198.0,3.2844,53.0,0.0,100.0,1.8,1.91,1.91,1.91,12.21,14.38,14.43,14.43,14.44,0.45,45.03,24.14,1161.0,2024-09-25 08:59:22.382551
00:13:A2:00:42:37:AD:AD,7.0,199.0,3.2844,53.0,0.0,100.0,1.27,1.61,1.82,1.93,7.93,9.83,10.15,10.21,10.23,0.65,45.09,24.55,1276.0,2024-09-25 09:29:22.432877
00:13:A2:00:42:37:AD:AD,7.0,200.0,3.2844,53.0,0.0,100.0,2.96,3.67,4.12,4.34,18.6,22.93,23.61,23.74,23.77,0.65,45.57,24.96,1459.0,2024-09-25 09:59:22.471590
00:13:A2:00:42:37:AD:AD,7.0,201.0,3.2844,53.0,0.0,100.0,3.68,3.89,3.89,3.89,24.86,29.26,29.38,29.38,29.39,0.43,44.9,25.22,1174.0,2024-09-25 10:29:22.516149
00:13:A2:00:42:37:AD:AD,7.0,202.0,3.2844,53.0,0.0,100.0,2.4,3.01,3.39,3.58,15.02,18.56,19.15,19.25,19.28,0.65,45.23,25.39,1213.0,2024-09-25 10:59:22.568040
00:13:A2:00:42:37:AD:AD,7.0,203.0,3.2844,53.0,0.0,100.0,1.91,2.02,2.02,2.02,12.95,15.25,15.3,15.31,15.31,0.44,44.99,25.44,1068.0,2024-09-25 11:29:22.599497
00:13:A2:00:42:37:AD:AD,7.0,204.0,3.2844,53.0,0.0,100.0,2.43,2.81,3.01,3.11,15.79,19.05,19.39,19.45,19.47,0.53,46.03,25.46,1302.0,2024-09-25 11:59:22.634648
00:13:A2:00:42:37:AD:AD,7.0,205.0,3.2844,53.0,0.0,100.0,2.06,2.18,2.18,2.18,13.95,16.43,16.49,16.49,16.5,0.38,48.07,25.62,1565.0,2024-09-25 12:29:22.683742
00:13:A2:00:42:37:AD:AD,7.0,206.0,3.2844,53.0,0.0,100.0,4.17,4.41,4.41,4.41,28.19,33.19,33.31,33.32,33.33,0.34,49.72,25.84,1683.0,2024-09-25 12:59:37.721226
00:13:A2:00:42:37:AD:AD,7.0,207.0,3.2844,53.0,0.0,100.0,1.84,1.95,1.95,1.95,12.47,14.68,14.74,14.74,14.75,0.31,50.05,26.09,1685.0,2024-09-25 13:29:22.757453
00:13:A2:00:42:37:AD:AD,7.0,208.0,3.2844,53.0,0.0,100.0,1.34,1.42,1.42,1.42,9.09,10.71,10.75,10.75,10.75,0.38,48.7,26.28,1420.0,2024-09-25 13:59:22.812423
00:13:A2:00:42:37:AD:AD,7.0,209.0,3.2844,53.0,0.0,100.0,3.14,3.64,3.91,4.04,20.36,24.58,25.03,25.11,25.13,0.5,47.28,26.29,1264.0,2024-09-25 14:29:22.857591
00:13:A2:00:42:37:AD:AD,7.0,210.0,3.2844,53.0,0.0,100.0,1.24,2.07,2.7,3.01,6.33,8.89,9.77,9.94,9.98,0.76,45.37,26.22,950.0,2024-09-25 14:59:22.897904
00:13:A2:00:42:37:AD:AD,7.0,211.0,3.2844,53.0,0.0,100.0,1.89,2.26,2.47,2.58,12.08,14.72,15.06,15.12,15.14,0.55,43.52,25.89,617.0,2024-09-25 15:29:22.938811
00:13:A2:00:42:37:AD:AD,7.0,212.0,3.2844,53.0,0.0,100.0,2.4,2.54,2.54,2.54,16.27,19.15,19.23,19.23,19.24,0.46,42.58,25.36,477.0,2024-09-25 15:59:22.992596
00:13:A2:00:42:37:AD:AD,7.0,213.0,3.2844,53.0,0.0,100.0,2.45,2.97,3.29,3.44,15.58,19.06,19.56,19.65,19.67,0.6,42.89,24.86,398.0,2024-09-25 16:29:23.038046
00:13:A2:00:42:37:AD:AD,7.0,214.0,3.2844,53.0,0.0,100.0,2.46,2.6,2.6,2.6,16.61,19.56,19.63,19.64,19.64,0.41,43.36,24.47,384.0,2024-09-25 16:59:23.079205
00:13:A2:00:42:37:AD:AD,7.0,215.0,3.2844,53.0,0.0,100.0,2.46,2.61,2.61,2.61,16.67,19.62,19.69,19.7,19.7,0.32,43.59,24.09,371.0,2024-09-25 17:29:23.100334
00:13:A2:00:42:37:AD:AD,7.0,216.0,3.2844,53.0,0.0,100.0,3.1,3.38,3.46,3.5,20.7,24.56,24.77,24.8,24.81,0.49,44.03,23.88,400.0,2024-09-25 17:59:38.153162
00:13:A2:00:42:37:AD:AD,7.0,217.0,3.2844,53.0,0.0,100.0,2.35,4.27,5.74,6.47,11.1,16.46,18.5,18.9,18.98,1.1,44.78,23.89,479.0,2024-09-25 18:29:23.187671
00:13:A2:00:42:37:AD:AD,7.0,218.0,3.2844,53.0,0.0,100.0,1.3,1.55,1.69,1.76,8.33,10.14,10.37,10.41,10.42,0.53,45.07,23.81,488.0,2024-09-25 18:59:23.243478
00:13:A2:00:42:37:AD:AD,7.0,219.0,3.2844,53.0,0.0,100.0,1.98,2.1,2.1,2.1,13.42,15.8,15.86,15.87,15.87,0.33,45.31,23.77,501.0,2024-09-25 19:29:23.288674
00:13:A2:00:42:37:AD:AD,7.0,220.0,3.2844,53.0,0.0,100.0,1.8,1.91,1.91,1.91,12.2,14.36,14.42,14.42,14.42,0.37,45.45,23.71,497.0,2024-09-25 19:59:23.325413
00:13:A2:00:42:37:AD:AD,7.0,221.0,3.2844,53.0,0.0,100.0,1.38,1.63,1.77,1.84,8.86,10.76,11.0,11.04,11.05,0.47,45.53,23.67,501.0,2024-09-25 20:29:23.370675
00:13:A2:00:42:37:AD:AD,7.0,222.0,3.2844,53.0,0.0,100.0,0.68,1.37,1.91,2.18,2.88,4.63,5.37,5.51,5.54,1.04,45.56,23.63,513.0,2024-09-25 20:59:23.402236
00:13:A2:00:42:37:AD:AD,7.0,223.0,3.2844,53.0,0.0,100.0,0.98,1.03,1.03,1.03,6.63,7.8,7.83,7.83,7.84,0.4,45.62,23.61,505.0,2024-09-25 21:29:23.457391
00:13:A2:00:42:37:AD:AD,7.0,224.0,3.2844,53.0,0.0,100.0,0.66,0.7,0.7,0.7,4.52,5.32,5.34,5.34,5.34,0.34,45.66,23.58,497.0,2024-09-25 21:59:23.491959
00:13:A2:00:42:37:AD:AD,7.0,243.0,3.2844,53.0,0.0,100.0,0.59,0.62,0.62,0.62,4.01,4.72,4.74,4.74,4.74,0.27,45.98,23.08,396.0,2024-09-26 07:29:24.347179
00:13:A2:00:42:37:AD:AD,7.0,244.0,3.2844,53.0,0.0,100.0,0.51,1.08,1.53,1.75,1.99,3.37,3.99,4.11,4.13,0.67,47.99,23.09,716.0,2024-09-26 07:59:24.384389
00:13:A2:00:42:37:AD:AD,7.0,245.0,3.2844,53.0,0.0,100.0,0.5,1.37,2.06,2.41,1.11,2.91,3.86,4.04,4.08,0.94,53.18,23.64,1572.0,2024-09-26 08:29:24.425350
00:13:A2:00:42:37:AD:AD,7.0,246.0,3.2844,53.0,0.0,100.0,0.42,2.23,3.7,4.43,0.0,1.11,3.09,3.49,3.57,1.62,52.89,24.41,1506.0,2024-09-26 08:59:39.471088
00:13:A2:00:42:37:AD:AD,7.0,247.0,3.2844,53.0,0.0,100.0,0.8,3.63,5.94,7.09,0.0,2.84,5.95,6.57,6.71,1.62,49.87,24.83,1036.0,2024-09-26 09:29:24.516391
00:13:A2:00:42:37:AD:AD,7.0,248.0,3.2844,53.0,0.0,100.0,0.61,0.65,0.65,0.65,4.16,4.89,4.91,4.91,4.92,0.46,48.83,25.06,888.0,2024-09-26 09:59:24.556607
00:13:A2:00:42:37:AD:AD,7.0,249.0,3.2844,53.0,0.0,100.0,0.47,1.64,2.58,3.05,0.13,2.32,3.6,3.85,3.91,1.62,49.12,25.41,1147.0,2024-09-26 10:29:24.593650
00:13:A2:00:42:37:AD:AD,7.0,250.0,3.2844,53.0,0.0,100.0,1.7,2.34,2.8,3.02,10.04,12.86,13.52,13.64,13.67,0.55,49.38,25.52,1160.0,2024-09-26 10:59:24.637445
00:13:A2:00:42:37:AD:AD,7.0,251.0,3.2844,53.0,0.0,100.0,0.59,0.93,1.19,1.32,3.16,4.32,4.68,4.75,4.76,0.52,48.87,25.34,919.0,2024-09-26 11:29:24.691564
00:13:A2:00:42:37:AD:AD,7.0,252.0,3.2844,53.0,0.0,100.0,2.26,2.39,2.39,2.39,15.29,18.0,18.07,18.07,18.08,0.27,47.35,24.96,1010.0,2024-09-26 11:59:24.726838
00:13:A2:00:42:37:AD:AD,7.0,253.0,3.2844,53.0,0.0,100.0,0.42,2.2,3.65,4.37,0.0,1.17,3.12,3.51,3.59,1.62,46.23,24.57,1125.0,2024-09-26 12:29:24.771143
00:13:A2:00:42:37:AD:AD,7.0,254.0,3.2844,53.0,0.0,100.0,0.37,1.99,3.31,3.97,0.0,0.99,2.77,3.12,3.2,1.62,45.37,24.35,1330.0,2024-09-26 12:59:24.808679
00:13:A2:00:42:37:AD:AD,7.0,255.0,3.2844,53.0,0.0,100.0,1.04,2.57,3.78,4.39,3.1,6.44,8.09,8.42,8.49,1.14,44.78,24.24,1565.0,2024-09-26 13:29:24.841629
00:13:A2:00:42:37:AD:AD,7.0,1.0,3.2844,53.0,0.0,100.0,0.43,1.68,2.69,3.19,0.0,1.93,3.3,3.57,3.63,1.62,44.07,24.14,1675.0,2024-09-26 13:59:39.888600
00:13:A2:00:42:37:AD:AD,7.0,2.0,3.2844,53.0,0.0,100.0,1.05,2.78,4.16,4.85,2.6,6.23,8.11,8.48,8.56,1.38,44.21,24.09,1591.0,2024-09-26 14:29:24.947891
00:13:A2:00:42:37:AD:AD,7.0,3.0,3.2844,53.0,0.0,100.0,1.24,1.32,1.32,1.32,8.43,9.92,9.96,9.96,9.97,0.42,43.86,23.69,1016.0,2024-09-26 14:59:24.986625
00:13:A2:00:42:37:AD:AD,7.0,4.0,3.2844,53.0,0.0,100.0,0.61,0.89,1.09,1.19,3.47,4.55,4.84,4.89,4.91,0.71,46.87,23.38,722.0,2024-09-26 15:29:25.022198
00:13:A2:00:42:37:AD:AD,7.0,5.0,3.2844,53.0,0.0,100.0,0.51,1.09,1.54,1.77,2.0,3.4,4.02,4.15,4.17,0.67,48.61,23.22,552.0,2024-09-26 15:59:25.065237
00:13:A2:00:42:37:AD:AD,7.0,6.0,3.2844,53.0,0.0,100.0,0.94,3.71,5.96,7.09,0.0,4.03,7.07,7.67,7.8,1.62,49.98,23.15,472.0,2024-09-26 16:29:25.116787
00:13:A2:00:42:37:AD:AD,7.0,7.0,3.2844,53.0,0.0,100.0,1.06,2.35,3.36,3.87,3.92,6.94,8.33,8.6,8.66,0.77,50.76,23.12,433.0,2024-09-26 16:59:25.151095
00:13:A2:00:42:37:AD:AD,7.0,8.0,3.2844,53.0,0.0,100.0,0.61,0.87,1.05,1.14,3.58,4.63,4.89,4.94,4.95,0.67,51.5,23.08,388.0,2024-09-26 17:29:25.194048
00:13:A2:00:42:37:AD:AD,7.0,9.0,3.2844,53.0,0.0,100.0,0.58,0.87,1.09,1.19,3.27,4.34,4.64,4.7,4.72,0.67,51.73,23.05,409.0,2024-09-26 17:59:25.250479
00:13:A2:00:42:37:AD:AD,7.0,10.0,3.2844,53.0,0.0,100.0,1.68,1.77,1.77,1.77,11.36,13.37,13.42,13.43,13.43,0.34,52.7,23.12,431.0,2024-09-26 18:29:25.298725
00:13:A2:00:42:37:AD:AD,7.0,11.0,3.2844,53.0,0.0,100.0,1.13,1.53,1.8,1.93,6.81,8.64,9.04,9.11,9.13,0.71,53.1,23.11,458.0,2024-09-26 18:59:40.339442
00:13:A2:00:42:37:AD:AD,7.0,12.0,3.2844,53.0,0.0,100.0,0.56,0.6,0.6,0.6,3.83,4.51,4.53,4.53,4.53,0.27,52.84,23.14,452.0,2024-09-26 19:29:25.382438
00:13:A2:00:42:37:AD:AD,7.0,13.0,3.2844,53.0,0.0,100.0,0.55,0.58,0.58,0.58,3.75,4.41,4.43,4.43,4.43,0.27,52.79,23.09,453.0,2024-09-26 19:59:25.434730
00:13:A2:00:42:37:AD:AD,7.0,14.0,3.2844,53.0,0.0,100.0,0.64,1.1,1.45,1.62,3.18,4.55,5.04,5.13,5.15,0.89,52.77,23.09,465.0,2024-09-26 20:29:25.482363
00:13:A2:00:42:37:AD:AD,7.0,15.0,3.2844,53.0,0.0,100.0,1.09,2.27,3.2,3.66,4.38,7.29,8.56,8.81,8.87,0.67,52.65,23.06,471.0,2024-09-26 20:59:25.516377
00:13:A2:00:42:37:AD:AD,7.0,16.0,3.2844,53.0,0.0,100.0,0.41,2.06,3.41,4.08,0.0,1.23,3.04,3.4,3.48,1.62,52.63,23.05,452.0,2024-09-26 21:29:25.549295
00:13:A2:00:42:37:AD:AD,7.0,17.0,3.2844,53.0,0.0,100.0,1.39,1.64,1.78,1.85,8.93,10.84,11.07,11.11,11.12,0.54,56.85,23.08,515.0,2024-09-26 21:59:25.617467
00:13:A2:00:42:37:AD:AD,7.0,36.0,3.2844,53.0,0.0,100.0,0.72,1.5,2.11,2.41,2.87,4.79,5.62,5.79,5.83,1.11,51.65,22.63,385.0,2024-09-27 07:29:26.458290
00:13:A2:00:42:37:AD:AD,7.0,37.0,3.2844,53.0,0.0,100.0,1.22,1.86,2.33,2.57,6.72,9.0,9.67,9.8,9.83,0.48,51.87,22.67,538.0,2024-09-27 07:59:26.490689
00:13:A2:00:42:37:AD:AD,7.0,38.0,3.2844,53.0,0.0,100.0,1.14,1.83,2.35,2.61,6.07,8.33,9.06,9.2,9.23,0.5,54.16,23.05,1489.0,2024-09-27 08:29:26.532679
00:13:A2:00:42:37:AD:AD,7.0,39.0,3.2844,53.0,0.0,100.0,2.26,2.39,2.39,2.39,15.28,17.99,18.06,18.06,18.07,0.36,52.2,23.36,2203.0,2024-09-27 08:59:26.578309
00:13:A2:00:42:37:AD:AD,7.0,98.0,3.2844,53.0,0.0,100.0,1.08,1.99,2.69,3.04,5.08,7.59,8.56,8.75,8.79,0.71,46.65,22.85,1351.0,2024-10-04 08:18:24.553719
00:13:A2:00:42:37:AD:AD,7.0,99.0,3.2844,53.0,0.0,100.0,0.68,0.79,0.86,0.89,4.4,5.32,5.43,5.45,5.45,0.52,50.53,23.4,2237.0,2024-10-04 08:48:24.568760
00:13:A2:00:42:37:AD:AD,7.0,100.0,3.2844,53.0,0.0,100.0,2.85,5.02,6.69,7.52,13.84,20.11,22.42,22.88,22.97,0.62,53.66,23.96,2948.0,2024-10-04 09:18:24.508953
00:13:A2:00:42:37:AD:AD,7.0,101.0,3.2844,53.0,0.0,100.0,0.73,0.77,0.77,0.77,4.93,5.8,5.83,5.83,5.83,0.29,53.46,24.24,3629.0,2024-10-04 09:48:39.570584
00:13:A2:00:42:37:AD:AD,7.0,102.0,3.2844,53.0,0.0,100.0,0.6,0.63,0.63,0.63,4.07,4.79,4.81,4.81,4.81,0.42,50.73,24.3,4075.0,2024-10-04 10:18:24.612643
00:13:A2:00:42:37:AD:AD,7.0,103.0,3.2844,53.0,0.0,100.0,1.25,1.79,2.17,2.37,7.22,9.39,9.94,10.05,10.07,0.81,46.47,24.07,3779.0,2024-10-04 10:48:24.659199
00:13:A2:00:42:37:AD:AD,7.0,104.0,3.2844,53.0,0.0,100.0,1.63,3.08,4.19,4.75,7.42,11.3,12.84,13.15,13.21,0.94,44.24,23.87,3859.0,2024-10-04 11:18:24.700904
00:13:A2:00:42:37:AD:AD,7.0,244.0,3.2844,53.0,0.0,100.0,2.51,2.65,2.65,2.65,16.98,19.99,20.06,20.07,20.07,0.4,42.48,22.85,429.0,2024-10-23 07:49:04.584662
00:13:A2:00:42:37:AD:AD,7.0,245.0,3.2844,53.0,0.0,100.0,2.04,2.43,2.65,2.77,13.06,15.89,16.26,16.32,16.34,0.63,44.28,23.13,884.0,2024-10-23 08:19:04.518795
00:13:A2:00:42:37:AD:AD,7.0,91.0,3.2844,53.0,0.0,100.0,6.16,7.07,7.53,7.76,40.14,48.31,49.11,49.24,49.28,0.5,37.6,25.3,1694.0,2024-10-25 10:49:24.015020
00:13:A2:00:42:37:AD:AD,7.0,92.0,3.2844,53.0,0.0,100.0,3.81,4.96,5.74,6.13,23.2,29.1,30.26,30.47,30.52,0.69,37.01,25.3,1652.0,2024-10-25 11:19:08.949519
00:13:A2:00:42:37:AD:AD,7.0,93.0,3.2844,53.0,0.0,100.0,3.52,4.19,4.59,4.78,22.5,27.39,28.02,28.14,28.16,0.61,37.12,25.37,1755.0,2024-10-25 11:49:09.008075
00:13:A2:00:42:37:AD:AD,7.0,94.0,3.2844,53.0,0.0,100.0,2.22,3.81,5.01,5.62,11.07,15.81,17.49,17.82,17.89,0.96,35.61,25.39,1606.0,2024-10-25 12:19:09.074036
00:13:A2:00:42:37:AD:AD,7.0,95.0,3.2844,53.0,0.0,100.0,0.69,0.91,1.06,1.14,4.16,5.25,5.48,5.52,5.53,0.6,34.32,25.38,1397.0,2024-10-25 12:49:09.090950
00:13:A2:00:42:37:AD:AD,7.0,96.0,3.2844,53.0,0.0,100.0,1.82,1.93,1.93,1.93,12.33,14.51,14.57,14.57,14.57,0.35,32.17,25.12,1086.0,2024-10-25 13:19:09.120903
00:13:A2:00:42:37:AD:AD,7.0,97.0,3.2844,53.0,0.0,100.0,0.86,0.91,0.91,0.91,5.86,6.9,6.93,6.93,6.93,0.3,30.63,24.69,939.0,2024-10-25 13:49:09.179567
00:13:A2:00:42:37:AD:AD,7.0,98.0,3.2844,53.0,0.0,100.0,1.33,1.4,1.4,1.4,9.0,10.59,10.63,10.63,10.64,0.37,30.07,24.67,986.0,2024-10-25 14:19:09.223746
